tabela,coluna,antes,depois,ocorrencias,motivo
entrega,recebedor,ROBERTO,Roberto,9551,caixa alta corrigida
entrega,recebedor,LUIZ,Luiz,9534,caixa alta corrigida
entrega,recebedor,PAULA,Paula,9524,caixa alta corrigida
entrega,recebedor,MARIA,Maria,9479,caixa alta corrigida
entrega,recebedor,CARLOS,Carlos,9412,caixa alta corrigida
entrega,recebedor,FERNANDA,Fernanda,9358,caixa alta corrigida
entrega,recebedor,JOSÉ,José,9350,caixa alta corrigida
entrega,recebedor,ANA,Ana,9325,caixa alta corrigida
entrega,recebedor,  Paula ,Paula,5335,espaço nas pontas
entrega,recebedor,  Fernanda ,Fernanda,5321,espaço nas pontas
entrega,recebedor,  Luiz ,Luiz,5309,espaço nas pontas
entrega,recebedor,  Ana ,Ana,5276,espaço nas pontas
entrega,recebedor,  José ,José,5241,espaço nas pontas
entrega,recebedor,  Roberto ,Roberto,5233,espaço nas pontas
entrega,recebedor,  Maria ,Maria,5226,espaço nas pontas
entrega,recebedor,  Carlos ,Carlos,5206,espaço nas pontas
entrega,recebedor,paula,Paula,3204,caixa corrigida
entrega,recebedor,luiz,Luiz,3199,caixa corrigida
entrega,recebedor,ana,Ana,3188,caixa corrigida
entrega,recebedor,maria,Maria,3171,caixa corrigida
entrega,recebedor,carlos,Carlos,3163,caixa corrigida
entrega,recebedor,fernanda,Fernanda,3161,caixa corrigida
entrega,recebedor,roberto,Roberto,3121,caixa corrigida
entrega,recebedor,josé,José,3104,caixa corrigida
entrega,recebedor,LUIZ SOUZA,Luiz Souza,1148,caixa alta corrigida
entrega,recebedor,FERNANDA SILVA,Fernanda Silva,1115,caixa alta corrigida
entrega,recebedor,JOSÉ SOUZA,José Souza,1105,caixa alta corrigida
entrega,recebedor,PAULA SANTOS,Paula Santos,1100,caixa alta corrigida
entrega,recebedor,PAULA SILVA,Paula Silva,1093,caixa alta corrigida
entrega,recebedor,MARIA SILVA,Maria Silva,1087,caixa alta corrigida
entrega,recebedor,CARLOS SANTOS,Carlos Santos,1082,caixa alta corrigida
entrega,recebedor,ROBERTO SANTOS,Roberto Santos,1076,caixa alta corrigida
entrega,recebedor,JOSÉ SILVA,José Silva,1074,caixa alta corrigida
entrega,recebedor,FERNANDA SOUZA,Fernanda Souza,1073,caixa alta corrigida
entrega,recebedor,LUIZ SILVA,Luiz Silva,1065,caixa alta corrigida
entrega,recebedor,MARIA SOUZA,Maria Souza,1062,caixa alta corrigida
entrega,recebedor,JOSÉ SANTOS,José Santos,1061,caixa alta corrigida
entrega,recebedor,ANA SILVA,Ana Silva,1058,caixa alta corrigida
entrega,recebedor,CARLOS SOUZA,Carlos Souza,1054,caixa alta corrigida
entrega,recebedor,ANA SANTOS,Ana Santos,1049,caixa alta corrigida
entrega,recebedor,CARLOS SILVA,Carlos Silva,1049,caixa alta corrigida
entrega,recebedor,PAULA SOUZA,Paula Souza,1040,caixa alta corrigida
entrega,recebedor,ROBERTO SILVA,Roberto Silva,1038,caixa alta corrigida
entrega,recebedor,FERNANDA SANTOS,Fernanda Santos,1032,caixa alta corrigida
entrega,recebedor,ROBERTO SOUZA,Roberto Souza,1032,caixa alta corrigida
entrega,recebedor,ANA SOUZA,Ana Souza,1031,caixa alta corrigida
entrega,recebedor,MARIA SANTOS,Maria Santos,1026,caixa alta corrigida
entrega,recebedor,LUIZ SANTOS,Luiz Santos,982,caixa alta corrigida
endereco,cidade,SÃO PAULO,São Paulo,515,caixa alta corrigida
endereco,cidade,RIO DE JANEIRO,Rio de Janeiro,365,caixa alta corrigida
endereco,cidade,BELO HORIZONTE,Belo Horizonte,280,caixa alta corrigida
endereco,cidade,Sao Paulo,São Paulo,271,acento restaurado
endereco,cidade,CURITIBA,Curitiba,209,caixa alta corrigida
ocorrencia,observacao,-,,206,convertido em ausência
endereco,cidade,CAMPINAS,Campinas,204,caixa alta corrigida
endereco,cidade,GUARULHOS,Guarulhos,179,caixa alta corrigida
endereco,cidade,PORTO ALEGRE,Porto Alegre,158,caixa alta corrigida
endereco,cidade,BRASÍLIA,Brasília,128,caixa alta corrigida
endereco,nome_local,MERCADO POPULAR,Mercado Popular,127,caixa alta corrigida
endereco,cidade,SALVADOR,Salvador,123,caixa alta corrigida
endereco,nome_local,DISTRIBUIDORA SUL,Distribuidora Sul,116,caixa alta corrigida
endereco,nome_local,MERCADO SUL,Mercado Sul,115,caixa alta corrigida
endereco,nome_local,LOJA REAL,Loja Real,114,caixa alta corrigida
endereco,nome_local,DISTRIBUIDORA POPULAR,Distribuidora Popular,113,caixa alta corrigida
ocorrencia,observacao,sem informacao,,113,convertido em ausência
endereco,nome_local,MERCADO CENTRAL,Mercado Central,112,caixa alta corrigida
endereco,nome_local,FARMÁCIA NORTE,Farmácia Norte,110,caixa alta corrigida
endereco,nome_local,LOJA SUL,Loja Sul,110,caixa alta corrigida
endereco,nome_local,CENTRO DE DISTRIBUIÇÃO IDEAL,Centro de Distribuição Ideal,110,caixa alta corrigida
endereco,nome_local,ATACADO NORTE,Atacado Norte,110,caixa alta corrigida
endereco,nome_local,ATACADO SUL,Atacado Sul,109,caixa alta corrigida
endereco,nome_local,ATACADO CENTRAL,Atacado Central,109,caixa alta corrigida
ocorrencia,observacao,...,,108,convertido em ausência
endereco,cidade,RECIFE,Recife,108,caixa alta corrigida
endereco,nome_local,ATACADO POPULAR,Atacado Popular,108,caixa alta corrigida
endereco,nome_local,LOJA CENTRAL,Loja Central,108,caixa alta corrigida
endereco,nome_local,MERCADO REAL,Mercado Real,107,caixa alta corrigida
endereco,nome_local,ATACADO IDEAL,Atacado Ideal,107,caixa alta corrigida
endereco,cidade,SANTO ANDRÉ,Santo André,106,caixa alta corrigida
endereco,nome_local,LOJA DO VALE,Loja do Vale,106,caixa alta corrigida
ocorrencia,observacao,(verificar),,104,convertido em ausência
endereco,nome_local,ATACADO DO VALE,Atacado do Vale,103,caixa alta corrigida
endereco,nome_local,MERCADO NORTE,Mercado Norte,103,caixa alta corrigida
endereco,nome_local,LOJA POPULAR,Loja Popular,102,caixa alta corrigida
endereco,nome_local,CONSULTÓRIO REAL,Consultório Real,101,caixa alta corrigida
endereco,nome_local,DISTRIBUIDORA IDEAL,Distribuidora Ideal,101,caixa alta corrigida
endereco,nome_local,MERCADO IDEAL,Mercado Ideal,101,caixa alta corrigida
endereco,nome_local,MERCADO DO VALE,Mercado do Vale,100,caixa alta corrigida
endereco,nome_local,CLÍNICA POPULAR,Clínica Popular,99,caixa alta corrigida
endereco,cidade,SAO PAULO,São Paulo,99,acento restaurado
endereco,nome_local,DISTRIBUIDORA NORTE,Distribuidora Norte,99,caixa alta corrigida
endereco,nome_local,DISTRIBUIDORA DO VALE,Distribuidora do Vale,98,caixa alta corrigida
endereco,nome_local,FARMÁCIA POPULAR,Farmácia Popular,98,caixa alta corrigida
endereco,cidade,OSASCO,Osasco,98,caixa alta corrigida
ocorrencia,observacao,N/A,,97,convertido em ausência
endereco,nome_local,CLÍNICA IDEAL,Clínica Ideal,95,caixa alta corrigida
endereco,nome_local,CENTRO DE DISTRIBUIÇÃO REAL,Centro de Distribuição Real,95,caixa alta corrigida
endereco,nome_local,CENTRO DE DISTRIBUIÇÃO SUL,Centro de Distribuição Sul,94,caixa alta corrigida
endereco,nome_local,CLÍNICA NORTE,Clínica Norte,94,caixa alta corrigida
endereco,cidade,FORTALEZA,Fortaleza,94,caixa alta corrigida
endereco,nome_local,DISTRIBUIDORA REAL,Distribuidora Real,94,caixa alta corrigida
endereco,nome_local,LOJA IDEAL,Loja Ideal,92,caixa alta corrigida
endereco,nome_local,FARMÁCIA CENTRAL,Farmácia Central,92,caixa alta corrigida
endereco,nome_local,CENTRO DE DISTRIBUIÇÃO POPULAR,Centro de Distribuição Popular,92,caixa alta corrigida
endereco,nome_local,CLÍNICA DO VALE,Clínica do Vale,90,caixa alta corrigida
endereco,nome_local,CLÍNICA REAL,Clínica Real,89,caixa alta corrigida
endereco,nome_local,ATACADO REAL,Atacado Real,89,caixa alta corrigida
ocorrencia,observacao,??,,89,convertido em ausência
endereco,nome_local,DISTRIBUIDORA CENTRAL,Distribuidora Central,88,caixa alta corrigida
endereco,nome_local,CONSULTÓRIO SUL,Consultório Sul,87,caixa alta corrigida
endereco,nome_local,CONSULTÓRIO IDEAL,Consultório Ideal,87,caixa alta corrigida
endereco,nome_local,LOJA NORTE,Loja Norte,87,caixa alta corrigida
endereco,nome_local,FARMÁCIA IDEAL,Farmácia Ideal,86,caixa alta corrigida
endereco,cidade,RIBEIRÃO PRETO,Ribeirão Preto,86,caixa alta corrigida
endereco,cidade,JOINVILLE,Joinville,85,caixa alta corrigida
endereco,nome_local,CENTRO DE DISTRIBUIÇÃO DO VALE,Centro de Distribuição do Vale,85,caixa alta corrigida
endereco,nome_local,FARMÁCIA REAL,Farmácia Real,85,caixa alta corrigida
endereco,nome_local,CONSULTÓRIO NORTE,Consultório Norte,85,caixa alta corrigida
endereco,cidade,SOROCABA,Sorocaba,84,caixa alta corrigida
endereco,nome_local,FARMÁCIA SUL,Farmácia Sul,84,caixa alta corrigida
endereco,nome_local,CONSULTÓRIO CENTRAL,Consultório Central,84,caixa alta corrigida
endereco,nome_local,FARMÁCIA DO VALE,Farmácia do Vale,83,caixa alta corrigida
endereco,nome_local,CENTRO DE DISTRIBUIÇÃO NORTE,Centro de Distribuição Norte,82,caixa alta corrigida
endereco,nome_local,CLÍNICA CENTRAL,Clínica Central,82,caixa alta corrigida
endereco,nome_local,CONSULTÓRIO DO VALE,Consultório do Vale,81,caixa alta corrigida
endereco,cidade,SANTOS,Santos,80,caixa alta corrigida
endereco,nome_local,CENTRO DE DISTRIBUIÇÃO CENTRAL,Centro de Distribuição Central,79,caixa alta corrigida
endereco,nome_local,CLÍNICA SUL,Clínica Sul,78,caixa alta corrigida
endereco,nome_local,CONSULTÓRIO POPULAR,Consultório Popular,77,caixa alta corrigida
endereco,cidade,GOIÂNIA,Goiânia,67,caixa alta corrigida
endereco,cidade,SÃO JOSÉ DOS CAMPOS,São José dos Campos,65,caixa alta corrigida
endereco,cidade,LONDRINA,Londrina,64,caixa alta corrigida
endereco,cidade,Ribeirao Preto,Ribeirão Preto,62,acento restaurado
ocorrencia,observacao,Divergência de cadastro na pré-conferência  ,Divergência de cadastro na pré-conferência,61,espaço nas pontas
endereco,cidade,CONTAGEM,Contagem,60,caixa alta corrigida
endereco,cidade,CAXIAS DO SUL,Caxias do Sul,58,caixa alta corrigida
endereco,cidade,FLORIANÓPOLIS,Florianópolis,58,caixa alta corrigida
endereco,cidade,FEIRA DE SANTANA,Feira de Santana,57,caixa alta corrigida
endereco,cidade,VITÓRIA,Vitória,57,caixa alta corrigida
endereco,cidade,Brasilia,Brasília,56,acento restaurado
endereco,cidade,BAURU,Bauru,56,caixa alta corrigida
ocorrencia,observacao,Falha na entrega; reentrega programada  ,Falha na entrega; reentrega programada,56,espaço nas pontas
endereco,cidade,DUQUE DE CAXIAS,Duque de Caxias,55,caixa alta corrigida
endereco,cidade,UBERLÂNDIA,Uberlândia,54,caixa alta corrigida
endereco,cidade,NATAL,Natal,53,caixa alta corrigida
endereco,cidade,MANAUS,Manaus,50,caixa alta corrigida
endereco,cidade,CUIABÁ,Cuiabá,50,caixa alta corrigida
endereco,nome_local,Farmacia Norte,Farmácia Norte,49,acento restaurado
endereco,nome_local,Farmacia Ideal,Farmácia Ideal,48,acento restaurado
endereco,nome_local,Clinica Ideal,Clínica Ideal,47,acento restaurado
endereco,cidade,JUIZ DE FORA,Juiz de Fora,47,caixa alta corrigida
endereco,cidade,BLUMENAU,Blumenau,46,caixa alta corrigida
endereco,cidade,Santo Andre,Santo André,46,acento restaurado
endereco,cidade,Sao Jose dos Campos,São José dos Campos,44,acento restaurado
endereco,nome_local,Farmacia Sul,Farmácia Sul,44,acento restaurado
endereco,nome_local,Centro de Distribuicao Real,Centro de Distribuição Real,44,acento restaurado
endereco,cidade,JUNDIAÍ,Jundiaí,43,caixa alta corrigida
endereco,nome_local,Centro de Distribuicao Popular,Centro de Distribuição Popular,42,acento restaurado
endereco,cidade,Florianopolis,Florianópolis,42,acento restaurado
endereco,nome_local,Consultorio Central,Consultório Central,42,acento restaurado
endereco,nome_local,Consultorio Popular,Consultório Popular,42,acento restaurado
endereco,nome_local,Centro de Distribuicao Ideal,Centro de Distribuição Ideal,41,acento restaurado
endereco,cidade,SÃO LUÍS,São Luís,41,caixa alta corrigida
endereco,cidade,CAMPO GRANDE,Campo Grande,41,caixa alta corrigida
endereco,nome_local,Consultorio Sul,Consultório Sul,41,acento restaurado
endereco,nome_local,Farmacia do Vale,Farmácia do Vale,41,acento restaurado
endereco,nome_local,Consultorio Norte,Consultório Norte,41,acento restaurado
endereco,nome_local,Clinica Norte,Clínica Norte,40,acento restaurado
endereco,nome_local,Centro de Distribuicao Sul,Centro de Distribuição Sul,40,acento restaurado
endereco,cidade,VILA VELHA,Vila Velha,40,caixa alta corrigida
endereco,nome_local,Consultorio Real,Consultório Real,38,acento restaurado
endereco,nome_local,Clinica Sul,Clínica Sul,38,acento restaurado
endereco,nome_local,Clinica Popular,Clínica Popular,37,acento restaurado
endereco,cidade,BELÉM,Belém,37,caixa alta corrigida
endereco,nome_local,Centro de Distribuicao do Vale,Centro de Distribuição do Vale,37,acento restaurado
endereco,nome_local,Farmacia Popular,Farmácia Popular,37,acento restaurado
endereco,cidade,CAMPOS DOS GOYTACAZES,Campos dos Goytacazes,36,caixa alta corrigida
endereco,cidade,Jundiai,Jundiaí,36,acento restaurado
endereco,cidade,NITERÓI,Niterói,36,caixa alta corrigida
endereco,cidade,PRESIDENTE PRUDENTE,Presidente Prudente,35,caixa alta corrigida
endereco,nome_local,Centro de Distribuicao Norte,Centro de Distribuição Norte,35,acento restaurado
endereco,nome_local,Farmacia Real,Farmácia Real,34,acento restaurado
endereco,cidade,SÃO JOSÉ DO RIO PRETO,São José do Rio Preto,34,caixa alta corrigida
endereco,cidade,Uberlandia,Uberlândia,34,acento restaurado
endereco,nome_local,Clinica Real,Clínica Real,33,acento restaurado
endereco,nome_local,Consultorio do Vale,Consultório do Vale,33,acento restaurado
endereco,cidade,ITAJAÍ,Itajaí,32,caixa alta corrigida
endereco,cidade,MARINGÁ,Maringá,32,caixa alta corrigida
endereco,nome_local,Consultorio Ideal,Consultório Ideal,32,acento restaurado
endereco,nome_local,Clinica do Vale,Clínica do Vale,31,acento restaurado
endereco,cidade,Goiania,Goiânia,31,acento restaurado
endereco,cidade,ARACAJU,Aracaju,31,caixa alta corrigida
endereco,nome_local,Farmacia Central,Farmácia Central,31,acento restaurado
endereco,cidade,JUAZEIRO DO NORTE,Juazeiro do Norte,30,caixa alta corrigida
endereco,cidade,Vitoria,Vitória,30,acento restaurado
endereco,cidade,JABOATÃO DOS GUARARAPES,Jaboatão dos Guararapes,30,caixa alta corrigida
endereco,cidade,VARGINHA,Varginha,29,caixa alta corrigida
endereco,cidade,MONTES CLAROS,Montes Claros,29,caixa alta corrigida
endereco,cidade,RIBEIRAO PRETO,Ribeirão Preto,29,acento restaurado
endereco,cidade,SANTO ANDRE,Santo André,29,acento restaurado
endereco,cidade,MACEIÓ,Maceió,29,caixa alta corrigida
endereco,cidade,CASCAVEL,Cascavel,29,caixa alta corrigida
endereco,cidade,TERESINA,Teresina,28,caixa alta corrigida
endereco,nome_local,Centro de Distribuicao Central,Centro de Distribuição Central,27,acento restaurado
endereco,cidade,Cuiaba,Cuiabá,27,acento restaurado
endereco,cidade,JOÃO PESSOA,João Pessoa,26,caixa alta corrigida
endereco,cidade,PALMAS,Palmas,26,caixa alta corrigida
endereco,nome_local,FARMACIA NORTE,Farmácia Norte,26,acento restaurado
endereco,cidade,ANANINDEUA,Ananindeua,26,caixa alta corrigida
endereco,cidade,Sao Luis,São Luís,25,acento restaurado
endereco,nome_local,CENTRO DE DISTRIBUICAO SUL,Centro de Distribuição Sul,24,acento restaurado
endereco,cidade,LINS,Lins,24,caixa alta corrigida
endereco,nome_local,FARMACIA POPULAR,Farmácia Popular,23,acento restaurado
endereco,cidade,Sao Jose do Rio Preto,São José do Rio Preto,23,acento restaurado
endereco,nome_local,Clinica Central,Clínica Central,23,acento restaurado
endereco,cidade,Joao Pessoa,João Pessoa,22,acento restaurado
endereco,cidade,PELOTAS,Pelotas,22,caixa alta corrigida
endereco,cidade,Niteroi,Niterói,22,acento restaurado
endereco,cidade,Belem,Belém,21,acento restaurado
endereco,nome_local,CENTRO DE DISTRIBUICAO CENTRAL,Centro de Distribuição Central,21,acento restaurado
endereco,nome_local,CLINICA CENTRAL,Clínica Central,21,acento restaurado
endereco,nome_local,CONSULTORIO DO VALE,Consultório do Vale,21,acento restaurado
endereco,cidade,ANÁPOLIS,Anápolis,21,caixa alta corrigida
endereco,nome_local,CLINICA SUL,Clínica Sul,20,acento restaurado
endereco,nome_local,CENTRO DE DISTRIBUICAO DO VALE,Centro de Distribuição do Vale,20,acento restaurado
endereco,cidade,BRASILIA,Brasília,19,acento restaurado
endereco,cidade,PORTO VELHO,Porto Velho,19,caixa alta corrigida
endereco,nome_local,CENTRO DE DISTRIBUICAO POPULAR,Centro de Distribuição Popular,19,acento restaurado
endereco,nome_local,FARMACIA DO VALE,Farmácia do Vale,19,acento restaurado
endereco,cidade,LAVRAS,Lavras,18,caixa alta corrigida
endereco,nome_local,CLINICA NORTE,Clínica Norte,18,acento restaurado
endereco,nome_local,CONSULTORIO REAL,Consultório Real,18,acento restaurado
endereco,nome_local,CONSULTORIO IDEAL,Consultório Ideal,18,acento restaurado
endereco,nome_local,CONSULTORIO NORTE,Consultório Norte,17,acento restaurado
endereco,cidade,Maringa,Maringá,17,acento restaurado
endereco,cidade,Jaboatao dos Guararapes,Jaboatão dos Guararapes,16,acento restaurado
endereco,nome_local,CONSULTORIO POPULAR,Consultório Popular,16,acento restaurado
endereco,cidade,SAO JOSE DOS CAMPOS,São José dos Campos,16,acento restaurado
endereco,nome_local,CENTRO DE DISTRIBUICAO IDEAL,Centro de Distribuição Ideal,16,acento restaurado
endereco,nome_local,FARMACIA CENTRAL,Farmácia Central,15,acento restaurado
endereco,cidade,MACAPÁ,Macapá,15,caixa alta corrigida
endereco,nome_local,CLINICA REAL,Clínica Real,15,acento restaurado
endereco,cidade,RIO BRANCO,Rio Branco,15,caixa alta corrigida
endereco,nome_local,CLINICA POPULAR,Clínica Popular,14,acento restaurado
endereco,cidade,MARINGA,Maringá,14,acento restaurado
endereco,cidade,Anapolis,Anápolis,14,acento restaurado
endereco,nome_local,CENTRO DE DISTRIBUICAO REAL,Centro de Distribuição Real,14,acento restaurado
endereco,nome_local,CLINICA IDEAL,Clínica Ideal,13,acento restaurado
endereco,nome_local,CONSULTORIO CENTRAL,Consultório Central,13,acento restaurado
endereco,cidade,BOA VISTA,Boa Vista,13,caixa alta corrigida
endereco,cidade,VITORIA,Vitória,12,acento restaurado
endereco,cidade,FLORIANOPOLIS,Florianópolis,12,acento restaurado
endereco,cidade,Itajai,Itajaí,12,acento restaurado
endereco,nome_local,FARMACIA IDEAL,Farmácia Ideal,11,acento restaurado
endereco,cidade,Maceio,Maceió,11,acento restaurado
endereco,nome_local,FARMACIA SUL,Farmácia Sul,11,acento restaurado
endereco,nome_local,FARMACIA REAL,Farmácia Real,10,acento restaurado
endereco,cidade,GOIANIA,Goiânia,10,acento restaurado
endereco,nome_local,CLINICA DO VALE,Clínica do Vale,10,acento restaurado
endereco,nome_local,CONSULTORIO SUL,Consultório Sul,10,acento restaurado
endereco,cidade,NITEROI,Niterói,8,acento restaurado
endereco,cidade,CUIABA,Cuiabá,8,acento restaurado
endereco,cidade,UBERLANDIA,Uberlândia,8,acento restaurado
endereco,nome_local,CENTRO DE DISTRIBUICAO NORTE,Centro de Distribuição Norte,8,acento restaurado
endereco,cidade,JOAO PESSOA,João Pessoa,7,acento restaurado
endereco,cidade,BELEM,Belém,7,acento restaurado
endereco,cidade,JABOATAO DOS GUARARAPES,Jaboatão dos Guararapes,6,acento restaurado
endereco,cidade,ITAJAI,Itajaí,6,acento restaurado
endereco,cidade,ANAPOLIS,Anápolis,5,acento restaurado
endereco,logradouro,"R. Projetada, 3623","Rua Projetada, 3623",5,abreviação expandida
endereco,logradouro,"R. Projetada, 855","Rua Projetada, 855",5,abreviação expandida
endereco,cidade,MACEIO,Maceió,5,acento restaurado
endereco,logradouro,"Rua XV de Novembro, 2043","Rua Xv de Novembro, 2043",5,caixa corrigida
endereco,cidade,SAO LUIS,São Luís,5,acento restaurado
endereco,cidade,JUNDIAI,Jundiaí,5,acento restaurado
endereco,cidade,SÃO BERNARDO DO CAMPO,São Bernardo do Campo,4,caixa alta corrigida
endereco,logradouro,"Rua XV de Novembro, 1884","Rua Xv de Novembro, 1884",4,caixa corrigida
endereco,logradouro,"R. Brasil, 4391","Rua Brasil, 4391",4,abreviação expandida
endereco,cidade,Macapa,Macapá,4,acento restaurado
endereco,logradouro,"R. Projetada, 2348","Rua Projetada, 2348",4,abreviação expandida
endereco,logradouro,"R. Projetada, 2066","Rua Projetada, 2066",4,abreviação expandida
endereco,logradouro,"R. Projetada, 202","Rua Projetada, 202",4,abreviação expandida
endereco,logradouro,"Rua XV de Novembro, 555","Rua Xv de Novembro, 555",4,caixa corrigida
endereco,logradouro,"Rua XV de Novembro, 1617","Rua Xv de Novembro, 1617",4,caixa corrigida
endereco,logradouro,"R. Projetada, 3838","Rua Projetada, 3838",4,abreviação expandida
endereco,logradouro,"R. XV de Novembro, 3432","Rua Xv de Novembro, 3432",4,abreviação expandida
endereco,logradouro,"Rua XV de Novembro, 4280","Rua Xv de Novembro, 4280",4,caixa corrigida
endereco,logradouro,"R. Brasil, 1155","Rua Brasil, 1155",4,abreviação expandida
endereco,logradouro,"R. das Flores, 4285","Rua das Flores, 4285",4,abreviação expandida
endereco,logradouro,"R. das Flores, 3378","Rua das Flores, 3378",4,abreviação expandida
endereco,logradouro,"Rua XV de Novembro, 3941","Rua Xv de Novembro, 3941",4,caixa corrigida
endereco,logradouro,"R. XV de Novembro, 978","Rua Xv de Novembro, 978",4,abreviação expandida
endereco,logradouro,"R. das Flores, 1320","Rua das Flores, 1320",4,abreviação expandida
endereco,logradouro,"R. das Flores, 1620","Rua das Flores, 1620",4,abreviação expandida
endereco,logradouro,"Rua XV de Novembro, 3016","Rua Xv de Novembro, 3016",4,caixa corrigida
endereco,logradouro,"Rua XV de Novembro, 2900","Rua Xv de Novembro, 2900",3,caixa corrigida
endereco,logradouro,"Rua XV de Novembro, 2870","Rua Xv de Novembro, 2870",3,caixa corrigida
endereco,logradouro,"Rua XV de Novembro, 2818","Rua Xv de Novembro, 2818",3,caixa corrigida
endereco,logradouro,"Rua XV de Novembro, 3036","Rua Xv de Novembro, 3036",3,caixa corrigida
endereco,logradouro,"Rua XV de Novembro, 2993","Rua Xv de Novembro, 2993",3,caixa corrigida
endereco,logradouro,"Rua XV de Novembro, 2968","Rua Xv de Novembro, 2968",3,caixa corrigida
endereco,logradouro,"Rua XV de Novembro, 2940","Rua Xv de Novembro, 2940",3,caixa corrigida
endereco,logradouro,"Rua XV de Novembro, 2777","Rua Xv de Novembro, 2777",3,caixa corrigida
endereco,logradouro,"Rua XV de Novembro, 2764","Rua Xv de Novembro, 2764",3,caixa corrigida
endereco,logradouro,"Rua XV de Novembro, 2719","Rua Xv de Novembro, 2719",3,caixa corrigida
endereco,logradouro,"Rua XV de Novembro, 2679","Rua Xv de Novembro, 2679",3,caixa corrigida
endereco,logradouro,"Rua XV de Novembro, 2672","Rua Xv de Novembro, 2672",3,caixa corrigida
endereco,logradouro,"R. Projetada, 3594","Rua Projetada, 3594",3,abreviação expandida
endereco,logradouro,"R. Projetada, 3563","Rua Projetada, 3563",3,abreviação expandida
endereco,logradouro,"R. Brasil, 3305","Rua Brasil, 3305",3,abreviação expandida
endereco,logradouro,"R. Projetada, 3284","Rua Projetada, 3284",3,abreviação expandida
endereco,logradouro,"R. Brasil, 3405","Rua Brasil, 3405",3,abreviação expandida
endereco,logradouro,"R. Projetada, 3096","Rua Projetada, 3096",3,abreviação expandida
endereco,logradouro,"R. Brasil, 3442","Rua Brasil, 3442",3,abreviação expandida
endereco,logradouro,"Rua XV de Novembro, 507","Rua Xv de Novembro, 507",3,caixa corrigida
endereco,logradouro,"Rua XV de Novembro, 4953","Rua Xv de Novembro, 4953",3,caixa corrigida
endereco,logradouro,"Rua XV de Novembro, 4941","Rua Xv de Novembro, 4941",3,caixa corrigida
endereco,logradouro,"Rua XV de Novembro, 4917","Rua Xv de Novembro, 4917",3,caixa corrigida
endereco,logradouro,"R. Projetada, 2870","Rua Projetada, 2870",3,abreviação expandida
endereco,logradouro,"R. Brasil, 349","Rua Brasil, 349",3,abreviação expandida
endereco,logradouro,"R. Projetada, 2812","Rua Projetada, 2812",3,abreviação expandida
endereco,logradouro,"R. Projetada, 2622","Rua Projetada, 2622",3,abreviação expandida
endereco,logradouro,"R. Projetada, 2575","Rua Projetada, 2575",3,abreviação expandida
endereco,logradouro,"R. Projetada, 651","Rua Projetada, 651",3,abreviação expandida
endereco,logradouro,"R. Projetada, 4876","Rua Projetada, 4876",3,abreviação expandida
endereco,logradouro,"R. Projetada, 4709","Rua Projetada, 4709",3,abreviação expandida
endereco,logradouro,"R. Projetada, 4590","Rua Projetada, 4590",3,abreviação expandida
endereco,logradouro,"R. Brasil, 3088","Rua Brasil, 3088",3,abreviação expandida
endereco,logradouro,"R. Projetada, 4286","Rua Projetada, 4286",3,abreviação expandida
endereco,logradouro,"R. Brasil, 3150","Rua Brasil, 3150",3,abreviação expandida
endereco,logradouro,"R. Projetada, 4185","Rua Projetada, 4185",3,abreviação expandida
endereco,logradouro,"Rua XV de Novembro, 4816","Rua Xv de Novembro, 4816",3,caixa corrigida
endereco,logradouro,"Rua XV de Novembro, 4776","Rua Xv de Novembro, 4776",3,caixa corrigida
endereco,logradouro,"Rua XV de Novembro, 4719","Rua Xv de Novembro, 4719",3,caixa corrigida
endereco,logradouro,"R. Projetada, 4062","Rua Projetada, 4062",3,abreviação expandida
endereco,logradouro,"R. Projetada, 3730","Rua Projetada, 3730",3,abreviação expandida
endereco,logradouro,"R. Projetada, 3661","Rua Projetada, 3661",3,abreviação expandida
endereco,logradouro,"R. XV de Novembro, 1626","Rua Xv de Novembro, 1626",3,abreviação expandida
endereco,logradouro,"R. Brasil, 2631","Rua Brasil, 2631",3,abreviação expandida
endereco,logradouro,"R. XV de Novembro, 1240","Rua Xv de Novembro, 1240",3,abreviação expandida
endereco,logradouro,"R. XV de Novembro, 1178","Rua Xv de Novembro, 1178",3,abreviação expandida
endereco,logradouro,"R. XV de Novembro, 1080","Rua Xv de Novembro, 1080",3,abreviação expandida
endereco,logradouro,"R. Brasil, 2730","Rua Brasil, 2730",3,abreviação expandida
endereco,logradouro,"R. Brasil, 2756","Rua Brasil, 2756",3,abreviação expandida
endereco,logradouro,"Rua XV de Novembro, 4715","Rua Xv de Novembro, 4715",3,caixa corrigida
endereco,logradouro,"Rua XV de Novembro, 4697","Rua Xv de Novembro, 4697",3,caixa corrigida
endereco,logradouro,"Rua XV de Novembro, 4689","Rua Xv de Novembro, 4689",3,caixa corrigida
endereco,logradouro,"Rua XV de Novembro, 4492","Rua Xv de Novembro, 4492",3,caixa corrigida
endereco,logradouro,"R. Brasil, 2785","Rua Brasil, 2785",3,abreviação expandida
endereco,logradouro,"R. Projetada, 992","Rua Projetada, 992",3,abreviação expandida
endereco,logradouro,"R. Brasil, 2834","Rua Brasil, 2834",3,abreviação expandida
endereco,logradouro,"R. Projetada, 725","Rua Projetada, 725",3,abreviação expandida
endereco,logradouro,"R. XV de Novembro, 3351","Rua Xv de Novembro, 3351",3,abreviação expandida
endereco,logradouro,"R. XV de Novembro, 3311","Rua Xv de Novembro, 3311",3,abreviação expandida
endereco,logradouro,"R. XV de Novembro, 3246","Rua Xv de Novembro, 3246",3,abreviação expandida
endereco,logradouro,"R. XV de Novembro, 2901","Rua Xv de Novembro, 2901",3,abreviação expandida
endereco,logradouro,"R. Brasil, 239","Rua Brasil, 239",3,abreviação expandida
endereco,logradouro,"R. XV de Novembro, 2636","Rua Xv de Novembro, 2636",3,abreviação expandida
endereco,logradouro,"R. XV de Novembro, 2349","Rua Xv de Novembro, 2349",3,abreviação expandida
endereco,logradouro,"R. XV de Novembro, 2097","Rua Xv de Novembro, 2097",3,abreviação expandida
endereco,logradouro,"Rua XV de Novembro, 4330","Rua Xv de Novembro, 4330",3,caixa corrigida
endereco,logradouro,"R. Brasil, 2480","Rua Brasil, 2480",3,abreviação expandida
endereco,logradouro,"R. XV de Novembro, 1991","Rua Xv de Novembro, 1991",3,abreviação expandida
endereco,logradouro,"R. XV de Novembro, 1949","Rua Xv de Novembro, 1949",3,abreviação expandida
endereco,logradouro,"R. XV de Novembro, 1915","Rua Xv de Novembro, 1915",3,abreviação expandida
endereco,logradouro,"R. Brasil, 2537","Rua Brasil, 2537",3,abreviação expandida
endereco,logradouro,"R. XV de Novembro, 1639","Rua Xv de Novembro, 1639",3,abreviação expandida
endereco,logradouro,"R. XV de Novembro, 4914","Rua Xv de Novembro, 4914",3,abreviação expandida
endereco,logradouro,"R. XV de Novembro, 4828","Rua Xv de Novembro, 4828",3,abreviação expandida
endereco,logradouro,"R. XV de Novembro, 426","Rua Xv de Novembro, 426",3,abreviação expandida
endereco,logradouro,"R. XV de Novembro, 4204","Rua Xv de Novembro, 4204",3,abreviação expandida
endereco,logradouro,"R. Brasil, 202","Rua Brasil, 202",3,abreviação expandida
endereco,logradouro,"Rua XV de Novembro, 4296","Rua Xv de Novembro, 4296",3,caixa corrigida
endereco,logradouro,"Rua XV de Novembro, 4283","Rua Xv de Novembro, 4283",3,caixa corrigida
endereco,logradouro,"Rua XV de Novembro, 420","Rua Xv de Novembro, 420",3,caixa corrigida
endereco,logradouro,"R. XV de Novembro, 4152","Rua Xv de Novembro, 4152",3,abreviação expandida
endereco,logradouro,"R. XV de Novembro, 4075","Rua Xv de Novembro, 4075",3,abreviação expandida
endereco,logradouro,"R. XV de Novembro, 4067","Rua Xv de Novembro, 4067",3,abreviação expandida
endereco,logradouro,"R. XV de Novembro, 4066","Rua Xv de Novembro, 4066",3,abreviação expandida
endereco,logradouro,"R. XV de Novembro, 4028","Rua Xv de Novembro, 4028",3,abreviação expandida
endereco,logradouro,"R. XV de Novembro, 4026","Rua Xv de Novembro, 4026",3,abreviação expandida
endereco,logradouro,"R. XV de Novembro, 3579","Rua Xv de Novembro, 3579",3,abreviação expandida
endereco,logradouro,"R. das Flores, 21","Rua das Flores, 21",3,abreviação expandida
endereco,logradouro,"R. das Flores, 1929","Rua das Flores, 1929",3,abreviação expandida
endereco,logradouro,"R. das Flores, 1886","Rua das Flores, 1886",3,abreviação expandida
endereco,logradouro,"R. das Flores, 185","Rua das Flores, 185",3,abreviação expandida
endereco,logradouro,"R. das Flores, 1679","Rua das Flores, 1679",3,abreviação expandida
endereco,logradouro,"R. Brasil, 1654","Rua Brasil, 1654",3,abreviação expandida
endereco,logradouro,"R. das Flores, 141","Rua das Flores, 141",3,abreviação expandida
endereco,logradouro,"R. Brasil, 1657","Rua Brasil, 1657",3,abreviação expandida
endereco,logradouro,"Rua XV de Novembro, 4022","Rua Xv de Novembro, 4022",3,caixa corrigida
endereco,logradouro,"R. XV de Novembro, 952","Rua Xv de Novembro, 952",3,abreviação expandida
endereco,logradouro,"R. XV de Novembro, 817","Rua Xv de Novembro, 817",3,abreviação expandida
endereco,logradouro,"R. XV de Novembro, 574","Rua Xv de Novembro, 574",3,abreviação expandida
endereco,logradouro,"R. Brasil, 1845","Rua Brasil, 1845",3,abreviação expandida
endereco,logradouro,"R. das Flores, 2863","Rua das Flores, 2863",3,abreviação expandida
endereco,logradouro,"R. Brasil, 1284","Rua Brasil, 1284",3,abreviação expandida
endereco,logradouro,"R. Brasil, 1280","Rua Brasil, 1280",3,abreviação expandida
endereco,logradouro,"R. das Flores, 2662","Rua das Flores, 2662",3,abreviação expandida
endereco,logradouro,"R. Brasil, 131","Rua Brasil, 131",3,abreviação expandida
endereco,logradouro,"R. das Flores, 2605","Rua das Flores, 2605",3,abreviação expandida
endereco,logradouro,"R. das Flores, 2551","Rua das Flores, 2551",3,abreviação expandida
endereco,logradouro,"R. das Flores, 2539","Rua das Flores, 2539",3,abreviação expandida
endereco,logradouro,"Rua XV de Novembro, 4003","Rua Xv de Novembro, 4003",3,caixa corrigida
endereco,logradouro,"R. das Flores, 2522","Rua das Flores, 2522",3,abreviação expandida
endereco,logradouro,"R. Brasil, 1355","Rua Brasil, 1355",3,abreviação expandida
endereco,logradouro,"R. das Flores, 2357","Rua das Flores, 2357",3,abreviação expandida
endereco,logradouro,"R. das Flores, 224","Rua das Flores, 224",3,abreviação expandida
endereco,logradouro,"R. das Flores, 2218","Rua das Flores, 2218",3,abreviação expandida
endereco,logradouro,"R. das Flores, 2130","Rua das Flores, 2130",3,abreviação expandida
endereco,logradouro,"R. das Flores, 3457","Rua das Flores, 3457",3,abreviação expandida
endereco,logradouro,"R. das Flores, 3373","Rua das Flores, 3373",3,abreviação expandida
endereco,logradouro,"R. Brasil, 1142","Rua Brasil, 1142",3,abreviação expandida
endereco,logradouro,"R. das Flores, 3359","Rua das Flores, 3359",3,abreviação expandida
endereco,logradouro,"Rua XV de Novembro, 3781","Rua Xv de Novembro, 3781",3,caixa corrigida
endereco,logradouro,"Rua XV de Novembro, 3721","Rua Xv de Novembro, 3721",3,caixa corrigida
endereco,logradouro,"Rua XV de Novembro, 3686","Rua Xv de Novembro, 3686",3,caixa corrigida
endereco,logradouro,"Rua XV de Novembro, 3667","Rua Xv de Novembro, 3667",3,caixa corrigida
endereco,logradouro,"R. das Flores, 3116","Rua das Flores, 3116",3,abreviação expandida
endereco,logradouro,"R. das Flores, 3018","Rua das Flores, 3018",3,abreviação expandida
endereco,logradouro,"R. das Flores, 3014","Rua das Flores, 3014",3,abreviação expandida
endereco,logradouro,"R. das Flores, 2964","Rua das Flores, 2964",3,abreviação expandida
endereco,logradouro,"R. Brasil, 1239","Rua Brasil, 1239",3,abreviação expandida
endereco,logradouro,"R. Brasil, 1219","Rua Brasil, 1219",3,abreviação expandida
endereco,logradouro,"R. das Flores, 4563","Rua das Flores, 4563",3,abreviação expandida
endereco,logradouro,"R. das Flores, 4497","Rua das Flores, 4497",3,abreviação expandida
endereco,logradouro,"R. das Flores, 4424","Rua das Flores, 4424",3,abreviação expandida
endereco,logradouro,"R. das Flores, 4406","Rua das Flores, 4406",3,abreviação expandida
endereco,logradouro,"R. das Flores, 4381","Rua das Flores, 4381",3,abreviação expandida
endereco,logradouro,"R. das Flores, 4260","Rua das Flores, 4260",3,abreviação expandida
endereco,logradouro,"R. das Flores, 4223","Rua das Flores, 4223",3,abreviação expandida
endereco,logradouro,"R. das Flores, 4209","Rua das Flores, 4209",3,abreviação expandida
endereco,logradouro,"R. das Flores, 4178","Rua das Flores, 4178",3,abreviação expandida
endereco,logradouro,"R. das Flores, 4173","Rua das Flores, 4173",3,abreviação expandida
endereco,logradouro,"R. das Flores, 3914","Rua das Flores, 3914",3,abreviação expandida
endereco,logradouro,"R. das Flores, 3862","Rua das Flores, 3862",3,abreviação expandida
endereco,logradouro,"R. das Flores, 3807","Rua das Flores, 3807",3,abreviação expandida
endereco,logradouro,"R. das Flores, 3569","Rua das Flores, 3569",3,abreviação expandida
endereco,logradouro,"R. das Flores, 3463","Rua das Flores, 3463",3,abreviação expandida
endereco,logradouro,"R. Projetada, 2250","Rua Projetada, 2250",3,abreviação expandida
endereco,logradouro,"R. Projetada, 2212","Rua Projetada, 2212",3,abreviação expandida
endereco,logradouro,"R. Projetada, 2203","Rua Projetada, 2203",3,abreviação expandida
endereco,logradouro,"R. Projetada, 2025","Rua Projetada, 2025",3,abreviação expandida
endereco,logradouro,"R. Projetada, 1526","Rua Projetada, 1526",3,abreviação expandida
endereco,logradouro,"Rua XV de Novembro, 619","Rua Xv de Novembro, 619",3,caixa corrigida
endereco,logradouro,"Rua XV de Novembro, 55","Rua Xv de Novembro, 55",3,caixa corrigida
endereco,logradouro,"R. Projetada, 1200","Rua Projetada, 1200",3,abreviação expandida
endereco,logradouro,"R. Brasil, 3829","Rua Brasil, 3829",3,abreviação expandida
endereco,logradouro,"R. Projetada, 1173","Rua Projetada, 1173",3,abreviação expandida
endereco,logradouro,"R. Projetada, 1169","Rua Projetada, 1169",3,abreviação expandida
endereco,logradouro,"R. Projetada, 1153","Rua Projetada, 1153",3,abreviação expandida
endereco,logradouro,"Rua XV de Novembro, 1610","Rua Xv de Novembro, 1610",3,caixa corrigida
endereco,logradouro,"Rua XV de Novembro, 1493","Rua Xv de Novembro, 1493",3,caixa corrigida
endereco,logradouro,"Rua XV de Novembro, 1410","Rua Xv de Novembro, 1410",3,caixa corrigida
endereco,logradouro,"Rua XV de Novembro, 1310","Rua Xv de Novembro, 1310",3,caixa corrigida
endereco,logradouro,"Rua XV de Novembro, 1259","Rua Xv de Novembro, 1259",3,caixa corrigida
endereco,logradouro,"Rua XV de Novembro, 1109","Rua Xv de Novembro, 1109",3,caixa corrigida
endereco,logradouro,"R. das Flores, 971","Rua das Flores, 971",3,abreviação expandida
endereco,logradouro,"R. das Flores, 869","Rua das Flores, 869",3,abreviação expandida
endereco,logradouro,"Rua XV de Novembro, 3372","Rua Xv de Novembro, 3372",3,caixa corrigida
endereco,logradouro,"Rua XV de Novembro, 3335","Rua Xv de Novembro, 3335",3,caixa corrigida
endereco,logradouro,"R. das Flores, 58","Rua das Flores, 58",3,abreviação expandida
endereco,logradouro,"R. das Flores, 4797","Rua das Flores, 4797",3,abreviação expandida
endereco,logradouro,"R. das Flores, 4675","Rua das Flores, 4675",3,abreviação expandida
endereco,logradouro,"R. das Flores, 4614","Rua das Flores, 4614",3,abreviação expandida
endereco,logradouro,"R. das Flores, 4604","Rua das Flores, 4604",3,abreviação expandida
endereco,logradouro,"Rua XV de Novembro, 2639","Rua Xv de Novembro, 2639",3,caixa corrigida
endereco,logradouro,"Rua XV de Novembro, 2590","Rua Xv de Novembro, 2590",3,caixa corrigida
endereco,logradouro,"Rua XV de Novembro, 2526","Rua Xv de Novembro, 2526",3,caixa corrigida
endereco,logradouro,"Rua XV de Novembro, 2491","Rua Xv de Novembro, 2491",3,caixa corrigida
endereco,logradouro,"Rua XV de Novembro, 2478","Rua Xv de Novembro, 2478",3,caixa corrigida
endereco,logradouro,"Rua XV de Novembro, 2343","Rua Xv de Novembro, 2343",3,caixa corrigida
endereco,logradouro,"Rua XV de Novembro, 2187","Rua Xv de Novembro, 2187",3,caixa corrigida
endereco,logradouro,"Rua XV de Novembro, 3274","Rua Xv de Novembro, 3274",3,caixa corrigida
endereco,logradouro,"Rua XV de Novembro, 3181","Rua Xv de Novembro, 3181",3,caixa corrigida
endereco,logradouro,"Rua XV de Novembro, 3143","Rua Xv de Novembro, 3143",3,caixa corrigida
endereco,logradouro,"Rua XV de Novembro, 2087","Rua Xv de Novembro, 2087",3,caixa corrigida
endereco,logradouro,"Rua XV de Novembro, 1963","Rua Xv de Novembro, 1963",3,caixa corrigida
endereco,logradouro,"Rua XV de Novembro, 1826","Rua Xv de Novembro, 1826",3,caixa corrigida
endereco,logradouro,"Rua XV de Novembro, 174","Rua Xv de Novembro, 174",3,caixa corrigida
endereco,logradouro,"R. Projetada, 1098","Rua Projetada, 1098",3,abreviação expandida
endereco,logradouro,"R. Projetada, 1028","Rua Projetada, 1028",3,abreviação expandida
endereco,logradouro,"R. Brasil, 4019","Rua Brasil, 4019",3,abreviação expandida
endereco,logradouro,"R. Brasil, 4003","Rua Brasil, 4003",3,abreviação expandida
endereco,logradouro,"R. DAS FLORES, 2740","Rua das Flores, 2740",3,caixa alta corrigida
endereco,logradouro,"R. DAS FLORES, 21","Rua das Flores, 21",3,caixa alta corrigida
endereco,logradouro,"R. Brasil, 4102","Rua Brasil, 4102",3,abreviação expandida
endereco,logradouro,"R. Brasil, 4910","Rua Brasil, 4910",3,abreviação expandida
endereco,logradouro,"R. Brasil, 4829","Rua Brasil, 4829",3,abreviação expandida
endereco,logradouro,"Rua XV de Novembro, 759","Rua Xv de Novembro, 759",3,caixa corrigida
endereco,logradouro,"Rua XV de Novembro, 704","Rua Xv de Novembro, 704",3,caixa corrigida
endereco,logradouro,"R. Brasil, 4671","Rua Brasil, 4671",3,abreviação expandida
endereco,logradouro,"R. Brasil, 4656","Rua Brasil, 4656",3,abreviação expandida
endereco,logradouro,"R. Brasil, 4284","Rua Brasil, 4284",3,abreviação expandida
endereco,cidade,SAO JOSE DO RIO PRETO,São José do Rio Preto,3,acento restaurado
endereco,logradouro,"Rua XV de Novembro, 957","Rua Xv de Novembro, 957",3,caixa corrigida
endereco,cidade,BARUERI,Barueri,3,caixa alta corrigida
endereco,logradouro,"Rua XV de Novembro, 2904","Rua Xv de Novembro, 2904",3,caixa corrigida
endereco,logradouro,"Rua XV de Novembro, 949","Rua Xv de Novembro, 949",2,caixa corrigida
endereco,logradouro,"Rua XV de Novembro, 2916","Rua Xv de Novembro, 2916",2,caixa corrigida
endereco,logradouro,"Rua XV de Novembro, 2909","Rua Xv de Novembro, 2909",2,caixa corrigida
endereco,logradouro,"Rua XV de Novembro, 2897","Rua Xv de Novembro, 2897",2,caixa corrigida
endereco,logradouro,"Rua XV de Novembro, 2895","Rua Xv de Novembro, 2895",2,caixa corrigida
endereco,logradouro,"Rua XV de Novembro, 2893","Rua Xv de Novembro, 2893",2,caixa corrigida
endereco,logradouro,"Rua XV de Novembro, 934","Rua Xv de Novembro, 934",2,caixa corrigida
endereco,logradouro,"Rua XV de Novembro, 941","Rua Xv de Novembro, 941",2,caixa corrigida
endereco,logradouro,"Rua XV de Novembro, 942","Rua Xv de Novembro, 942",2,caixa corrigida
endereco,logradouro,"R. Brasil, 4290","Rua Brasil, 4290",2,abreviação expandida
endereco,logradouro,"R. Brasil, 4306","Rua Brasil, 4306",2,abreviação expandida
endereco,logradouro,"R. Brasil, 4325","Rua Brasil, 4325",2,abreviação expandida
endereco,logradouro,"R. Brasil, 4327","Rua Brasil, 4327",2,abreviação expandida
endereco,logradouro,"R. Brasil, 435","Rua Brasil, 435",2,abreviação expandida
endereco,logradouro,"R. Brasil, 4372","Rua Brasil, 4372",2,abreviação expandida
endereco,logradouro,"R. Brasil, 4408","Rua Brasil, 4408",2,abreviação expandida
endereco,logradouro,"R. Brasil, 4256","Rua Brasil, 4256",2,abreviação expandida
endereco,logradouro,"R. Brasil, 4414","Rua Brasil, 4414",2,abreviação expandida
endereco,logradouro,"R. Brasil, 4421","Rua Brasil, 4421",2,abreviação expandida
endereco,logradouro,"R. Brasil, 4438","Rua Brasil, 4438",2,abreviação expandida
endereco,logradouro,"R. Brasil, 4441","Rua Brasil, 4441",2,abreviação expandida
endereco,logradouro,"R. Brasil, 4442","Rua Brasil, 4442",2,abreviação expandida
endereco,logradouro,"R. BRASIL, 27","Rua Brasil, 27",2,caixa alta corrigida
endereco,logradouro,"Rua XV de Novembro, 2656","Rua Xv de Novembro, 2656",2,caixa corrigida
endereco,logradouro,"Rua XV de Novembro, 2670","Rua Xv de Novembro, 2670",2,caixa corrigida
endereco,logradouro,"Rua XV de Novembro, 269","Rua Xv de Novembro, 269",2,caixa corrigida
endereco,logradouro,"Rua XV de Novembro, 2697","Rua Xv de Novembro, 2697",2,caixa corrigida
endereco,logradouro,"Rua XV de Novembro, 2702","Rua Xv de Novembro, 2702",2,caixa corrigida
endereco,logradouro,"Rua XV de Novembro, 2706","Rua Xv de Novembro, 2706",2,caixa corrigida
endereco,logradouro,"Rua XV de Novembro, 272","Rua Xv de Novembro, 272",2,caixa corrigida
endereco,logradouro,"Rua XV de Novembro, 2741","Rua Xv de Novembro, 2741",2,caixa corrigida
endereco,logradouro,"Rua XV de Novembro, 2750","Rua Xv de Novembro, 2750",2,caixa corrigida
endereco,logradouro,"R. BRASIL, 2596","Rua Brasil, 2596",2,caixa alta corrigida
endereco,logradouro,"Rua XV de Novembro, 2757","Rua Xv de Novembro, 2757",2,caixa corrigida
endereco,logradouro,"Rua XV de Novembro, 277","Rua Xv de Novembro, 277",2,caixa corrigida
endereco,logradouro,"Rua XV de Novembro, 2789","Rua Xv de Novembro, 2789",2,caixa corrigida
endereco,logradouro,"Rua XV de Novembro, 2790","Rua Xv de Novembro, 2790",2,caixa corrigida
endereco,logradouro,"Rua XV de Novembro, 2920","Rua Xv de Novembro, 2920",2,caixa corrigida
endereco,logradouro,"Rua XV de Novembro, 2481","Rua Xv de Novembro, 2481",2,caixa corrigida
endereco,logradouro,"Rua XV de Novembro, 2499","Rua Xv de Novembro, 2499",2,caixa corrigida
endereco,logradouro,"Rua XV de Novembro, 2515","Rua Xv de Novembro, 2515",2,caixa corrigida
endereco,logradouro,"Rua XV de Novembro, 2516","Rua Xv de Novembro, 2516",2,caixa corrigida
endereco,logradouro,"Rua XV de Novembro, 2532","Rua Xv de Novembro, 2532",2,caixa corrigida
endereco,logradouro,"Rua XV de Novembro, 2535","Rua Xv de Novembro, 2535",2,caixa corrigida
endereco,logradouro,"Rua XV de Novembro, 2541","Rua Xv de Novembro, 2541",2,caixa corrigida
endereco,logradouro,"Rua XV de Novembro, 256","Rua Xv de Novembro, 256",2,caixa corrigida
endereco,logradouro,"Rua XV de Novembro, 2564","Rua Xv de Novembro, 2564",2,caixa corrigida
endereco,logradouro,"Rua XV de Novembro, 2572","Rua Xv de Novembro, 2572",2,caixa corrigida
endereco,logradouro,"Rua XV de Novembro, 2583","Rua Xv de Novembro, 2583",2,caixa corrigida
endereco,logradouro,"Rua XV de Novembro, 2598","Rua Xv de Novembro, 2598",2,caixa corrigida
endereco,logradouro,"Rua XV de Novembro, 2599","Rua Xv de Novembro, 2599",2,caixa corrigida
endereco,logradouro,"Rua XV de Novembro, 2610","Rua Xv de Novembro, 2610",2,caixa corrigida
endereco,logradouro,"Rua XV de Novembro, 2618","Rua Xv de Novembro, 2618",2,caixa corrigida
endereco,logradouro,"Rua XV de Novembro, 2630","Rua Xv de Novembro, 2630",2,caixa corrigida
endereco,logradouro,"Rua XV de Novembro, 2196","Rua Xv de Novembro, 2196",2,caixa corrigida
endereco,logradouro,"Rua XV de Novembro, 2203","Rua Xv de Novembro, 2203",2,caixa corrigida
endereco,logradouro,"Rua XV de Novembro, 2204","Rua Xv de Novembro, 2204",2,caixa corrigida
endereco,logradouro,"Rua XV de Novembro, 224","Rua Xv de Novembro, 224",2,caixa corrigida
endereco,logradouro,"R. BRASIL, 3067","Rua Brasil, 3067",2,caixa alta corrigida
endereco,logradouro,"R. BRASIL, 3089","Rua Brasil, 3089",2,caixa alta corrigida
endereco,logradouro,"Rua XV de Novembro, 2251","Rua Xv de Novembro, 2251",2,caixa corrigida
endereco,logradouro,"Rua XV de Novembro, 2353","Rua Xv de Novembro, 2353",2,caixa corrigida
endereco,logradouro,"Rua XV de Novembro, 2392","Rua Xv de Novembro, 2392",2,caixa corrigida
endereco,logradouro,"Rua XV de Novembro, 2403","Rua Xv de Novembro, 2403",2,caixa corrigida
endereco,logradouro,"Rua XV de Novembro, 2425","Rua Xv de Novembro, 2425",2,caixa corrigida
endereco,logradouro,"Rua XV de Novembro, 244","Rua Xv de Novembro, 244",2,caixa corrigida
endereco,logradouro,"Rua XV de Novembro, 2442","Rua Xv de Novembro, 2442",2,caixa corrigida
endereco,logradouro,"Rua XV de Novembro, 245","Rua Xv de Novembro, 245",2,caixa corrigida
endereco,logradouro,"Rua XV de Novembro, 2451","Rua Xv de Novembro, 2451",2,caixa corrigida
endereco,logradouro,"Rua XV de Novembro, 2455","Rua Xv de Novembro, 2455",2,caixa corrigida
endereco,logradouro,"Rua XV de Novembro, 3157","Rua Xv de Novembro, 3157",2,caixa corrigida
endereco,logradouro,"Rua XV de Novembro, 3183","Rua Xv de Novembro, 3183",2,caixa corrigida
endereco,logradouro,"Rua XV de Novembro, 3195","Rua Xv de Novembro, 3195",2,caixa corrigida
endereco,logradouro,"Rua XV de Novembro, 3220","Rua Xv de Novembro, 3220",2,caixa corrigida
endereco,logradouro,"Rua XV de Novembro, 3226","Rua Xv de Novembro, 3226",2,caixa corrigida
endereco,logradouro,"R. BRASIL, 2105","Rua Brasil, 2105",2,caixa alta corrigida
endereco,logradouro,"R. BRASIL, 2167","Rua Brasil, 2167",2,caixa alta corrigida
endereco,logradouro,"Rua XV de Novembro, 3228","Rua Xv de Novembro, 3228",2,caixa corrigida
endereco,logradouro,"Rua XV de Novembro, 3231","Rua Xv de Novembro, 3231",2,caixa corrigida
endereco,logradouro,"Rua XV de Novembro, 3252","Rua Xv de Novembro, 3252",2,caixa corrigida
endereco,logradouro,"Rua XV de Novembro, 3265","Rua Xv de Novembro, 3265",2,caixa corrigida
endereco,logradouro,"Rua XV de Novembro, 2124","Rua Xv de Novembro, 2124",2,caixa corrigida
endereco,logradouro,"Rua XV de Novembro, 2132","Rua Xv de Novembro, 2132",2,caixa corrigida
endereco,logradouro,"Rua XV de Novembro, 2142","Rua Xv de Novembro, 2142",2,caixa corrigida
endereco,logradouro,"Rua XV de Novembro, 2145","Rua Xv de Novembro, 2145",2,caixa corrigida
endereco,logradouro,"Rua XV de Novembro, 217","Rua Xv de Novembro, 217",2,caixa corrigida
endereco,logradouro,"Rua XV de Novembro, 1858","Rua Xv de Novembro, 1858",2,caixa corrigida
endereco,logradouro,"Rua XV de Novembro, 1900","Rua Xv de Novembro, 1900",2,caixa corrigida
endereco,logradouro,"Rua XV de Novembro, 1908","Rua Xv de Novembro, 1908",2,caixa corrigida
endereco,logradouro,"Rua XV de Novembro, 1919","Rua Xv de Novembro, 1919",2,caixa corrigida
endereco,logradouro,"Rua XV de Novembro, 1932","Rua Xv de Novembro, 1932",2,caixa corrigida
endereco,logradouro,"Rua XV de Novembro, 1959","Rua Xv de Novembro, 1959",2,caixa corrigida
endereco,logradouro,"Rua XV de Novembro, 1975","Rua Xv de Novembro, 1975",2,caixa corrigida
endereco,logradouro,"Rua XV de Novembro, 203","Rua Xv de Novembro, 203",2,caixa corrigida
endereco,logradouro,"Rua XV de Novembro, 2064","Rua Xv de Novembro, 2064",2,caixa corrigida
endereco,logradouro,"Rua XV de Novembro, 2084","Rua Xv de Novembro, 2084",2,caixa corrigida
endereco,logradouro,"R. BRASIL, 3182","Rua Brasil, 3182",2,caixa alta corrigida
endereco,logradouro,"Rua XV de Novembro, 2106","Rua Xv de Novembro, 2106",2,caixa corrigida
endereco,logradouro,"Rua XV de Novembro, 2111","Rua Xv de Novembro, 2111",2,caixa corrigida
endereco,logradouro,"Rua XV de Novembro, 2123","Rua Xv de Novembro, 2123",2,caixa corrigida
endereco,logradouro,"Rua XV de Novembro, 3105","Rua Xv de Novembro, 3105",2,caixa corrigida
endereco,logradouro,"Rua XV de Novembro, 3122","Rua Xv de Novembro, 3122",2,caixa corrigida
endereco,logradouro,"Rua XV de Novembro, 1619","Rua Xv de Novembro, 1619",2,caixa corrigida
endereco,logradouro,"Rua XV de Novembro, 1641","Rua Xv de Novembro, 1641",2,caixa corrigida
endereco,logradouro,"Rua XV de Novembro, 1643","Rua Xv de Novembro, 1643",2,caixa corrigida
endereco,logradouro,"Rua XV de Novembro, 1645","Rua Xv de Novembro, 1645",2,caixa corrigida
endereco,logradouro,"Rua XV de Novembro, 1651","Rua Xv de Novembro, 1651",2,caixa corrigida
endereco,logradouro,"Rua XV de Novembro, 1667","Rua Xv de Novembro, 1667",2,caixa corrigida
endereco,logradouro,"Rua XV de Novembro, 1681","Rua Xv de Novembro, 1681",2,caixa corrigida
endereco,logradouro,"Rua XV de Novembro, 1742","Rua Xv de Novembro, 1742",2,caixa corrigida
endereco,logradouro,"Rua XV de Novembro, 1760","Rua Xv de Novembro, 1760",2,caixa corrigida
endereco,logradouro,"Rua XV de Novembro, 1768","Rua Xv de Novembro, 1768",2,caixa corrigida
endereco,logradouro,"Rua XV de Novembro, 1780","Rua Xv de Novembro, 1780",2,caixa corrigida
endereco,logradouro,"Rua XV de Novembro, 1783","Rua Xv de Novembro, 1783",2,caixa corrigida
endereco,logradouro,"Rua XV de Novembro, 18","Rua Xv de Novembro, 18",2,caixa corrigida
endereco,logradouro,"Rua XV de Novembro, 181","Rua Xv de Novembro, 181",2,caixa corrigida
endereco,logradouro,"Rua XV de Novembro, 1848","Rua Xv de Novembro, 1848",2,caixa corrigida
endereco,logradouro,"Rua XV de Novembro, 1854","Rua Xv de Novembro, 1854",2,caixa corrigida
endereco,logradouro,"Rua XV de Novembro, 1482","Rua Xv de Novembro, 1482",2,caixa corrigida
endereco,logradouro,"Rua XV de Novembro, 1513","Rua Xv de Novembro, 1513",2,caixa corrigida
endereco,logradouro,"Rua XV de Novembro, 1514","Rua Xv de Novembro, 1514",2,caixa corrigida
endereco,logradouro,"Rua XV de Novembro, 1546","Rua Xv de Novembro, 1546",2,caixa corrigida
endereco,logradouro,"Rua XV de Novembro, 1547","Rua Xv de Novembro, 1547",2,caixa corrigida
endereco,logradouro,"Rua XV de Novembro, 1549","Rua Xv de Novembro, 1549",2,caixa corrigida
endereco,logradouro,"Rua XV de Novembro, 1569","Rua Xv de Novembro, 1569",2,caixa corrigida
endereco,logradouro,"Rua XV de Novembro, 157","Rua Xv de Novembro, 157",2,caixa corrigida
endereco,logradouro,"Rua XV de Novembro, 1570","Rua Xv de Novembro, 1570",2,caixa corrigida
endereco,logradouro,"Rua XV de Novembro, 1576","Rua Xv de Novembro, 1576",2,caixa corrigida
endereco,logradouro,"Rua XV de Novembro, 1577","Rua Xv de Novembro, 1577",2,caixa corrigida
endereco,logradouro,"Rua XV de Novembro, 1584","Rua Xv de Novembro, 1584",2,caixa corrigida
endereco,logradouro,"Rua XV de Novembro, 1587","Rua Xv de Novembro, 1587",2,caixa corrigida
endereco,logradouro,"Rua XV de Novembro, 1598","Rua Xv de Novembro, 1598",2,caixa corrigida
endereco,logradouro,"Rua XV de Novembro, 1604","Rua Xv de Novembro, 1604",2,caixa corrigida
endereco,logradouro,"Rua XV de Novembro, 1615","Rua Xv de Novembro, 1615",2,caixa corrigida
endereco,logradouro,"Rua XV de Novembro, 1260","Rua Xv de Novembro, 1260",2,caixa corrigida
endereco,logradouro,"Rua XV de Novembro, 1263","Rua Xv de Novembro, 1263",2,caixa corrigida
endereco,logradouro,"Rua XV de Novembro, 1269","Rua Xv de Novembro, 1269",2,caixa corrigida
endereco,logradouro,"Rua XV de Novembro, 127","Rua Xv de Novembro, 127",2,caixa corrigida
endereco,logradouro,"Rua XV de Novembro, 1271","Rua Xv de Novembro, 1271",2,caixa corrigida
endereco,logradouro,"Rua XV de Novembro, 1296","Rua Xv de Novembro, 1296",2,caixa corrigida
endereco,logradouro,"Rua XV de Novembro, 1297","Rua Xv de Novembro, 1297",2,caixa corrigida
endereco,logradouro,"Rua XV de Novembro, 1329","Rua Xv de Novembro, 1329",2,caixa corrigida
endereco,logradouro,"Rua XV de Novembro, 1341","Rua Xv de Novembro, 1341",2,caixa corrigida
endereco,logradouro,"Rua XV de Novembro, 1342","Rua Xv de Novembro, 1342",2,caixa corrigida
endereco,logradouro,"Rua XV de Novembro, 1350","Rua Xv de Novembro, 1350",2,caixa corrigida
endereco,logradouro,"Rua XV de Novembro, 1390","Rua Xv de Novembro, 1390",2,caixa corrigida
endereco,logradouro,"Rua XV de Novembro, 1421","Rua Xv de Novembro, 1421",2,caixa corrigida
endereco,logradouro,"Rua XV de Novembro, 1433","Rua Xv de Novembro, 1433",2,caixa corrigida
endereco,logradouro,"Rua XV de Novembro, 1451","Rua Xv de Novembro, 1451",2,caixa corrigida
endereco,logradouro,"Rua XV de Novembro, 1473","Rua Xv de Novembro, 1473",2,caixa corrigida
endereco,logradouro,"Rua XV de Novembro, 1054","Rua Xv de Novembro, 1054",2,caixa corrigida
endereco,logradouro,"Rua XV de Novembro, 1064","Rua Xv de Novembro, 1064",2,caixa corrigida
endereco,logradouro,"Rua XV de Novembro, 1070","Rua Xv de Novembro, 1070",2,caixa corrigida
endereco,logradouro,"Rua XV de Novembro, 1074","Rua Xv de Novembro, 1074",2,caixa corrigida
endereco,logradouro,"Rua XV de Novembro, 108","Rua Xv de Novembro, 108",2,caixa corrigida
endereco,logradouro,"R. BRASIL, 402","Rua Brasil, 402",2,caixa alta corrigida
endereco,logradouro,"Rua XV de Novembro, 1118","Rua Xv de Novembro, 1118",2,caixa corrigida
endereco,logradouro,"Rua XV de Novembro, 1124","Rua Xv de Novembro, 1124",2,caixa corrigida
endereco,logradouro,"Rua XV de Novembro, 1125","Rua Xv de Novembro, 1125",2,caixa corrigida
endereco,logradouro,"Rua XV de Novembro, 1130","Rua Xv de Novembro, 1130",2,caixa corrigida
endereco,logradouro,"Rua XV de Novembro, 1135","Rua Xv de Novembro, 1135",2,caixa corrigida
endereco,logradouro,"Rua XV de Novembro, 1184","Rua Xv de Novembro, 1184",2,caixa corrigida
endereco,logradouro,"Rua XV de Novembro, 1189","Rua Xv de Novembro, 1189",2,caixa corrigida
endereco,logradouro,"Rua XV de Novembro, 1199","Rua Xv de Novembro, 1199",2,caixa corrigida
endereco,logradouro,"Rua XV de Novembro, 1217","Rua Xv de Novembro, 1217",2,caixa corrigida
endereco,logradouro,"Rua XV de Novembro, 122","Rua Xv de Novembro, 122",2,caixa corrigida
endereco,logradouro,"R. das Flores, 791","Rua das Flores, 791",2,abreviação expandida
endereco,logradouro,"R. das Flores, 818","Rua das Flores, 818",2,abreviação expandida
endereco,logradouro,"R. BRASIL, 4230","Rua Brasil, 4230",2,caixa alta corrigida
endereco,logradouro,"R. BRASIL, 4260","Rua Brasil, 4260",2,caixa alta corrigida
endereco,logradouro,"R. BRASIL, 4261","Rua Brasil, 4261",2,caixa alta corrigida
endereco,logradouro,"R. das Flores, 835","Rua das Flores, 835",2,abreviação expandida
endereco,logradouro,"R. das Flores, 836","Rua das Flores, 836",2,abreviação expandida
endereco,logradouro,"R. das Flores, 838","Rua das Flores, 838",2,abreviação expandida
endereco,logradouro,"R. das Flores, 845","Rua das Flores, 845",2,abreviação expandida
endereco,logradouro,"R. das Flores, 855","Rua das Flores, 855",2,abreviação expandida
endereco,logradouro,"R. das Flores, 861","Rua das Flores, 861",2,abreviação expandida
endereco,logradouro,"R. das Flores, 895","Rua das Flores, 895",2,abreviação expandida
endereco,logradouro,"R. das Flores, 978","Rua das Flores, 978",2,abreviação expandida
endereco,logradouro,"Rua XV de Novembro, 1014","Rua Xv de Novembro, 1014",2,caixa corrigida
endereco,logradouro,"Rua XV de Novembro, 1037","Rua Xv de Novembro, 1037",2,caixa corrigida
endereco,logradouro,"Rua XV de Novembro, 1044","Rua Xv de Novembro, 1044",2,caixa corrigida
endereco,logradouro,"Rua XV de Novembro, 3288","Rua Xv de Novembro, 3288",2,caixa corrigida
endereco,logradouro,"Rua XV de Novembro, 3294","Rua Xv de Novembro, 3294",2,caixa corrigida
endereco,logradouro,"Rua XV de Novembro, 3296","Rua Xv de Novembro, 3296",2,caixa corrigida
endereco,logradouro,"Rua XV de Novembro, 3322","Rua Xv de Novembro, 3322",2,caixa corrigida
endereco,logradouro,"Rua XV de Novembro, 3329","Rua Xv de Novembro, 3329",2,caixa corrigida
endereco,logradouro,"Rua XV de Novembro, 3330","Rua Xv de Novembro, 3330",2,caixa corrigida
endereco,logradouro,"Rua XV de Novembro, 3336","Rua Xv de Novembro, 3336",2,caixa corrigida
endereco,logradouro,"Rua XV de Novembro, 3350","Rua Xv de Novembro, 3350",2,caixa corrigida
endereco,logradouro,"R. BRASIL, 1926","Rua Brasil, 1926",2,caixa alta corrigida
endereco,logradouro,"Rua XV de Novembro, 3385","Rua Xv de Novembro, 3385",2,caixa corrigida
endereco,logradouro,"Rua XV de Novembro, 3426","Rua Xv de Novembro, 3426",2,caixa corrigida
endereco,logradouro,"Rua XV de Novembro, 3435","Rua Xv de Novembro, 3435",2,caixa corrigida
endereco,logradouro,"Rua XV de Novembro, 3438","Rua Xv de Novembro, 3438",2,caixa corrigida
endereco,logradouro,"R. das Flores, 752","Rua das Flores, 752",2,abreviação expandida
endereco,logradouro,"R. das Flores, 755","Rua das Flores, 755",2,abreviação expandida
endereco,logradouro,"R. das Flores, 769","Rua das Flores, 769",2,abreviação expandida
endereco,logradouro,"R. das Flores, 4884","Rua das Flores, 4884",2,abreviação expandida
endereco,logradouro,"R. das Flores, 490","Rua das Flores, 490",2,abreviação expandida
endereco,logradouro,"R. das Flores, 4915","Rua das Flores, 4915",2,abreviação expandida
endereco,logradouro,"R. das Flores, 4927","Rua das Flores, 4927",2,abreviação expandida
endereco,logradouro,"R. das Flores, 558","Rua das Flores, 558",2,abreviação expandida
endereco,logradouro,"R. das Flores, 567","Rua das Flores, 567",2,abreviação expandida
endereco,logradouro,"R. das Flores, 573","Rua das Flores, 573",2,abreviação expandida
endereco,logradouro,"R. das Flores, 574","Rua das Flores, 574",2,abreviação expandida
endereco,logradouro,"R. das Flores, 594","Rua das Flores, 594",2,abreviação expandida
endereco,logradouro,"R. BRASIL, 4373","Rua Brasil, 4373",2,caixa alta corrigida
endereco,logradouro,"R. das Flores, 635","Rua das Flores, 635",2,abreviação expandida
endereco,logradouro,"R. das Flores, 640","Rua das Flores, 640",2,abreviação expandida
endereco,logradouro,"R. das Flores, 668","Rua das Flores, 668",2,abreviação expandida
endereco,logradouro,"R. das Flores, 676","Rua das Flores, 676",2,abreviação expandida
endereco,logradouro,"R. das Flores, 678","Rua das Flores, 678",2,abreviação expandida
endereco,logradouro,"Rua XV de Novembro, 3282","Rua Xv de Novembro, 3282",2,caixa corrigida
endereco,logradouro,"R. das Flores, 4637","Rua das Flores, 4637",2,abreviação expandida
endereco,logradouro,"R. das Flores, 4643","Rua das Flores, 4643",2,abreviação expandida
endereco,logradouro,"R. das Flores, 4689","Rua das Flores, 4689",2,abreviação expandida
endereco,logradouro,"R. das Flores, 4691","Rua das Flores, 4691",2,abreviação expandida
endereco,logradouro,"R. das Flores, 4701","Rua das Flores, 4701",2,abreviação expandida
endereco,logradouro,"R. das Flores, 4705","Rua das Flores, 4705",2,abreviação expandida
endereco,logradouro,"R. das Flores, 4714","Rua das Flores, 4714",2,abreviação expandida
endereco,logradouro,"R. das Flores, 4744","Rua das Flores, 4744",2,abreviação expandida
endereco,logradouro,"R. das Flores, 4755","Rua das Flores, 4755",2,abreviação expandida
endereco,logradouro,"R. das Flores, 4785","Rua das Flores, 4785",2,abreviação expandida
endereco,logradouro,"R. das Flores, 4789","Rua das Flores, 4789",2,abreviação expandida
endereco,logradouro,"R. das Flores, 4813","Rua das Flores, 4813",2,abreviação expandida
endereco,logradouro,"R. das Flores, 4816","Rua das Flores, 4816",2,abreviação expandida
endereco,logradouro,"R. das Flores, 4819","Rua das Flores, 4819",2,abreviação expandida
endereco,logradouro,"R. das Flores, 4829","Rua das Flores, 4829",2,abreviação expandida
endereco,logradouro,"R. das Flores, 488","Rua das Flores, 488",2,abreviação expandida
endereco,logradouro,"R. das Flores, 4477","Rua das Flores, 4477",2,abreviação expandida
endereco,logradouro,"R. das Flores, 4483","Rua das Flores, 4483",2,abreviação expandida
endereco,logradouro,"R. das Flores, 4487","Rua das Flores, 4487",2,abreviação expandida
endereco,logradouro,"R. das Flores, 4490","Rua das Flores, 4490",2,abreviação expandida
endereco,logradouro,"R. das Flores, 4493","Rua das Flores, 4493",2,abreviação expandida
endereco,logradouro,"R. das Flores, 4500","Rua das Flores, 4500",2,abreviação expandida
endereco,logradouro,"R. das Flores, 4504","Rua das Flores, 4504",2,abreviação expandida
endereco,logradouro,"R. das Flores, 4513","Rua das Flores, 4513",2,abreviação expandida
endereco,logradouro,"R. das Flores, 4562","Rua das Flores, 4562",2,abreviação expandida
endereco,logradouro,"R. das Flores, 4571","Rua das Flores, 4571",2,abreviação expandida
endereco,logradouro,"R. das Flores, 4574","Rua das Flores, 4574",2,abreviação expandida
endereco,logradouro,"R. das Flores, 4602","Rua das Flores, 4602",2,abreviação expandida
endereco,logradouro,"R. BRASIL, 4667","Rua Brasil, 4667",2,caixa alta corrigida
endereco,logradouro,"R. BRASIL, 4771","Rua Brasil, 4771",2,caixa alta corrigida
endereco,logradouro,"R. das Flores, 4608","Rua das Flores, 4608",2,abreviação expandida
endereco,logradouro,"R. das Flores, 4617","Rua das Flores, 4617",2,abreviação expandida
endereco,logradouro,"R. das Flores, 4212","Rua das Flores, 4212",2,abreviação expandida
endereco,logradouro,"R. das Flores, 4217","Rua das Flores, 4217",2,abreviação expandida
endereco,logradouro,"R. das Flores, 4220","Rua das Flores, 4220",2,abreviação expandida
endereco,logradouro,"R. das Flores, 4232","Rua das Flores, 4232",2,abreviação expandida
endereco,logradouro,"R. das Flores, 4240","Rua das Flores, 4240",2,abreviação expandida
endereco,logradouro,"R. das Flores, 4252","Rua das Flores, 4252",2,abreviação expandida
endereco,logradouro,"R. das Flores, 4273","Rua das Flores, 4273",2,abreviação expandida
endereco,logradouro,"R. das Flores, 4279","Rua das Flores, 4279",2,abreviação expandida
endereco,logradouro,"R. das Flores, 4307","Rua das Flores, 4307",2,abreviação expandida
endereco,logradouro,"R. das Flores, 4308","Rua das Flores, 4308",2,abreviação expandida
endereco,logradouro,"R. das Flores, 4334","Rua das Flores, 4334",2,abreviação expandida
endereco,logradouro,"R. das Flores, 4361","Rua das Flores, 4361",2,abreviação expandida
endereco,logradouro,"R. das Flores, 4374","Rua das Flores, 4374",2,abreviação expandida
endereco,logradouro,"R. das Flores, 4391","Rua das Flores, 4391",2,abreviação expandida
endereco,logradouro,"R. das Flores, 4446","Rua das Flores, 4446",2,abreviação expandida
endereco,logradouro,"R. das Flores, 4470","Rua das Flores, 4470",2,abreviação expandida
endereco,logradouro,"Rua XV de Novembro, 3459","Rua Xv de Novembro, 3459",2,caixa corrigida
endereco,logradouro,"Rua XV de Novembro, 347","Rua Xv de Novembro, 347",2,caixa corrigida
endereco,logradouro,"Rua XV de Novembro, 3470","Rua Xv de Novembro, 3470",2,caixa corrigida
endereco,logradouro,"Rua XV de Novembro, 3478","Rua Xv de Novembro, 3478",2,caixa corrigida
endereco,logradouro,"Rua XV de Novembro, 3480","Rua Xv de Novembro, 3480",2,caixa corrigida
endereco,logradouro,"Rua XV de Novembro, 3490","Rua Xv de Novembro, 3490",2,caixa corrigida
endereco,logradouro,"Rua XV de Novembro, 3504","Rua Xv de Novembro, 3504",2,caixa corrigida
endereco,logradouro,"Rua XV de Novembro, 3518","Rua Xv de Novembro, 3518",2,caixa corrigida
endereco,logradouro,"Rua XV de Novembro, 3542","Rua Xv de Novembro, 3542",2,caixa corrigida
endereco,logradouro,"Rua XV de Novembro, 3563","Rua Xv de Novembro, 3563",2,caixa corrigida
endereco,logradouro,"Rua XV de Novembro, 3573","Rua Xv de Novembro, 3573",2,caixa corrigida
endereco,logradouro,"Rua XV de Novembro, 3608","Rua Xv de Novembro, 3608",2,caixa corrigida
endereco,logradouro,"Rua XV de Novembro, 3610","Rua Xv de Novembro, 3610",2,caixa corrigida
endereco,logradouro,"Rua XV de Novembro, 3626","Rua Xv de Novembro, 3626",2,caixa corrigida
endereco,logradouro,"Rua XV de Novembro, 3633","Rua Xv de Novembro, 3633",2,caixa corrigida
endereco,logradouro,"R. das Flores, 4190","Rua das Flores, 4190",2,abreviação expandida
endereco,logradouro,"R. das Flores, 3907","Rua das Flores, 3907",2,abreviação expandida
endereco,logradouro,"R. das Flores, 3921","Rua das Flores, 3921",2,abreviação expandida
endereco,logradouro,"R. das Flores, 3929","Rua das Flores, 3929",2,abreviação expandida
endereco,logradouro,"R. das Flores, 397","Rua das Flores, 397",2,abreviação expandida
endereco,logradouro,"R. das Flores, 4072","Rua das Flores, 4072",2,abreviação expandida
endereco,logradouro,"R. das Flores, 408","Rua das Flores, 408",2,abreviação expandida
endereco,logradouro,"R. das Flores, 4087","Rua das Flores, 4087",2,abreviação expandida
endereco,logradouro,"R. das Flores, 4092","Rua das Flores, 4092",2,abreviação expandida
endereco,logradouro,"R. das Flores, 4094","Rua das Flores, 4094",2,abreviação expandida
endereco,logradouro,"R. das Flores, 410","Rua das Flores, 410",2,abreviação expandida
endereco,logradouro,"R. BRASIL, 651","Rua Brasil, 651",2,caixa alta corrigida
endereco,logradouro,"R. das Flores, 412","Rua das Flores, 412",2,abreviação expandida
endereco,logradouro,"R. das Flores, 4129","Rua das Flores, 4129",2,abreviação expandida
endereco,logradouro,"R. das Flores, 4166","Rua das Flores, 4166",2,abreviação expandida
endereco,logradouro,"R. das Flores, 4168","Rua das Flores, 4168",2,abreviação expandida
endereco,logradouro,"Rua XV de Novembro, 3447","Rua Xv de Novembro, 3447",2,caixa corrigida
endereco,logradouro,"R. das Flores, 37","Rua das Flores, 37",2,abreviação expandida
endereco,logradouro,"R. das Flores, 3702","Rua das Flores, 3702",2,abreviação expandida
endereco,logradouro,"R. das Flores, 3715","Rua das Flores, 3715",2,abreviação expandida
endereco,logradouro,"R. das Flores, 3721","Rua das Flores, 3721",2,abreviação expandida
endereco,logradouro,"R. das Flores, 3734","Rua das Flores, 3734",2,abreviação expandida
endereco,logradouro,"R. das Flores, 3740","Rua das Flores, 3740",2,abreviação expandida
endereco,logradouro,"R. das Flores, 3768","Rua das Flores, 3768",2,abreviação expandida
endereco,logradouro,"R. das Flores, 3776","Rua das Flores, 3776",2,abreviação expandida
endereco,logradouro,"R. das Flores, 3778","Rua das Flores, 3778",2,abreviação expandida
endereco,logradouro,"R. das Flores, 3796","Rua das Flores, 3796",2,abreviação expandida
endereco,logradouro,"R. das Flores, 3823","Rua das Flores, 3823",2,abreviação expandida
endereco,logradouro,"R. das Flores, 3828","Rua das Flores, 3828",2,abreviação expandida
endereco,logradouro,"R. Brasil, 1007","Rua Brasil, 1007",2,abreviação expandida
endereco,logradouro,"R. das Flores, 3834","Rua das Flores, 3834",2,abreviação expandida
endereco,logradouro,"R. das Flores, 3853","Rua das Flores, 3853",2,abreviação expandida
endereco,logradouro,"R. das Flores, 3899","Rua das Flores, 3899",2,abreviação expandida
endereco,logradouro,"R. das Flores, 3579","Rua das Flores, 3579",2,abreviação expandida
endereco,logradouro,"R. das Flores, 3586","Rua das Flores, 3586",2,abreviação expandida
endereco,logradouro,"R. das Flores, 3590","Rua das Flores, 3590",2,abreviação expandida
endereco,logradouro,"R. das Flores, 3605","Rua das Flores, 3605",2,abreviação expandida
endereco,logradouro,"R. das Flores, 361","Rua das Flores, 361",2,abreviação expandida
endereco,logradouro,"R. das Flores, 3623","Rua das Flores, 3623",2,abreviação expandida
endereco,logradouro,"R. das Flores, 3646","Rua das Flores, 3646",2,abreviação expandida
endereco,logradouro,"R. Brasil, 101","Rua Brasil, 101",2,abreviação expandida
endereco,logradouro,"R. Brasil, 1011","Rua Brasil, 1011",2,abreviação expandida
endereco,logradouro,"R. Brasil, 102","Rua Brasil, 102",2,abreviação expandida
endereco,logradouro,"R. Brasil, 1053","Rua Brasil, 1053",2,abreviação expandida
endereco,logradouro,"R. Brasil, 1057","Rua Brasil, 1057",2,abreviação expandida
endereco,logradouro,"R. Brasil, 1060","Rua Brasil, 1060",2,abreviação expandida
endereco,logradouro,"R. das Flores, 3661","Rua das Flores, 3661",2,abreviação expandida
endereco,logradouro,"R. das Flores, 3674","Rua das Flores, 3674",2,abreviação expandida
endereco,logradouro,"R. das Flores, 3676","Rua das Flores, 3676",2,abreviação expandida
endereco,logradouro,"R. das Flores, 3337","Rua das Flores, 3337",2,abreviação expandida
endereco,logradouro,"R. das Flores, 3355","Rua das Flores, 3355",2,abreviação expandida
endereco,logradouro,"R. Brasil, 1117","Rua Brasil, 1117",2,abreviação expandida
endereco,logradouro,"R. das Flores, 3440","Rua das Flores, 3440",2,abreviação expandida
endereco,logradouro,"R. das Flores, 3442","Rua das Flores, 3442",2,abreviação expandida
endereco,logradouro,"R. das Flores, 3488","Rua das Flores, 3488",2,abreviação expandida
endereco,logradouro,"R. das Flores, 3490","Rua das Flores, 3490",2,abreviação expandida
endereco,logradouro,"R. das Flores, 3495","Rua das Flores, 3495",2,abreviação expandida
endereco,logradouro,"R. das Flores, 3503","Rua das Flores, 3503",2,abreviação expandida
endereco,logradouro,"R. das Flores, 3512","Rua das Flores, 3512",2,abreviação expandida
endereco,logradouro,"R. das Flores, 353","Rua das Flores, 353",2,abreviação expandida
endereco,logradouro,"R. Brasil, 107","Rua Brasil, 107",2,abreviação expandida
endereco,logradouro,"R. Brasil, 1075","Rua Brasil, 1075",2,abreviação expandida
endereco,logradouro,"R. das Flores, 3546","Rua das Flores, 3546",2,abreviação expandida
endereco,logradouro,"R. das Flores, 3564","Rua das Flores, 3564",2,abreviação expandida
endereco,logradouro,"R. das Flores, 3573","Rua das Flores, 3573",2,abreviação expandida
endereco,logradouro,"Rua XV de Novembro, 3726","Rua Xv de Novembro, 3726",2,caixa corrigida
endereco,logradouro,"Rua XV de Novembro, 3728","Rua Xv de Novembro, 3728",2,caixa corrigida
endereco,logradouro,"Rua XV de Novembro, 3736","Rua Xv de Novembro, 3736",2,caixa corrigida
endereco,logradouro,"Rua XV de Novembro, 3741","Rua Xv de Novembro, 3741",2,caixa corrigida
endereco,logradouro,"Rua XV de Novembro, 376","Rua Xv de Novembro, 376",2,caixa corrigida
endereco,logradouro,"Rua XV de Novembro, 3783","Rua Xv de Novembro, 3783",2,caixa corrigida
endereco,logradouro,"Rua XV de Novembro, 3832","Rua Xv de Novembro, 3832",2,caixa corrigida
endereco,logradouro,"Rua XV de Novembro, 3847","Rua Xv de Novembro, 3847",2,caixa corrigida
endereco,logradouro,"Rua XV de Novembro, 3863","Rua Xv de Novembro, 3863",2,caixa corrigida
endereco,logradouro,"R. das Flores, 3252","Rua das Flores, 3252",2,abreviação expandida
endereco,logradouro,"R. das Flores, 3258","Rua das Flores, 3258",2,abreviação expandida
endereco,logradouro,"R. das Flores, 3259","Rua das Flores, 3259",2,abreviação expandida
endereco,logradouro,"R. das Flores, 3282","Rua das Flores, 3282",2,abreviação expandida
endereco,logradouro,"R. das Flores, 3309","Rua das Flores, 3309",2,abreviação expandida
endereco,logradouro,"R. das Flores, 3318","Rua das Flores, 3318",2,abreviação expandida
endereco,logradouro,"R. das Flores, 3322","Rua das Flores, 3322",2,abreviação expandida
endereco,logradouro,"R. das Flores, 3037","Rua das Flores, 3037",2,abreviação expandida
endereco,logradouro,"R. das Flores, 3068","Rua das Flores, 3068",2,abreviação expandida
endereco,logradouro,"R. das Flores, 3075","Rua das Flores, 3075",2,abreviação expandida
endereco,logradouro,"R. das Flores, 3078","Rua das Flores, 3078",2,abreviação expandida
endereco,logradouro,"R. das Flores, 3096","Rua das Flores, 3096",2,abreviação expandida
endereco,logradouro,"R. das Flores, 3117","Rua das Flores, 3117",2,abreviação expandida
endereco,logradouro,"R. Brasil, 1190","Rua Brasil, 1190",2,abreviação expandida
endereco,logradouro,"R. Brasil, 1194","Rua Brasil, 1194",2,abreviação expandida
endereco,logradouro,"R. das Flores, 3155","Rua das Flores, 3155",2,abreviação expandida
endereco,logradouro,"R. das Flores, 3166","Rua das Flores, 3166",2,abreviação expandida
endereco,logradouro,"R. das Flores, 3173","Rua das Flores, 3173",2,abreviação expandida
endereco,logradouro,"R. das Flores, 320","Rua das Flores, 320",2,abreviação expandida
endereco,logradouro,"R. das Flores, 3245","Rua das Flores, 3245",2,abreviação expandida
endereco,logradouro,"Rua XV de Novembro, 3641","Rua Xv de Novembro, 3641",2,caixa corrigida
endereco,logradouro,"Rua XV de Novembro, 3676","Rua Xv de Novembro, 3676",2,caixa corrigida
endereco,logradouro,"Rua XV de Novembro, 3716","Rua Xv de Novembro, 3716",2,caixa corrigida
endereco,logradouro,"R. Brasil, 1267","Rua Brasil, 1267",2,abreviação expandida
endereco,logradouro,"R. das Flores, 2825","Rua das Flores, 2825",2,abreviação expandida
endereco,logradouro,"R. das Flores, 2862","Rua das Flores, 2862",2,abreviação expandida
endereco,logradouro,"R. das Flores, 2869","Rua das Flores, 2869",2,abreviação expandida
endereco,logradouro,"R. das Flores, 2874","Rua das Flores, 2874",2,abreviação expandida
endereco,logradouro,"R. das Flores, 2891","Rua das Flores, 2891",2,abreviação expandida
endereco,logradouro,"R. das Flores, 2894","Rua das Flores, 2894",2,abreviação expandida
endereco,logradouro,"R. das Flores, 2900","Rua das Flores, 2900",2,abreviação expandida
endereco,logradouro,"R. das Flores, 2907","Rua das Flores, 2907",2,abreviação expandida
endereco,logradouro,"R. das Flores, 292","Rua das Flores, 292",2,abreviação expandida
endereco,logradouro,"R. das Flores, 2925","Rua das Flores, 2925",2,abreviação expandida
endereco,logradouro,"R. das Flores, 294","Rua das Flores, 294",2,abreviação expandida
endereco,logradouro,"R. Brasil, 1228","Rua Brasil, 1228",2,abreviação expandida
endereco,logradouro,"R. das Flores, 2963","Rua das Flores, 2963",2,abreviação expandida
endereco,logradouro,"R. das Flores, 2974","Rua das Flores, 2974",2,abreviação expandida
endereco,logradouro,"R. das Flores, 2978","Rua das Flores, 2978",2,abreviação expandida
endereco,logradouro,"R. das Flores, 2604","Rua das Flores, 2604",2,abreviação expandida
endereco,logradouro,"R. Brasil, 1301","Rua Brasil, 1301",2,abreviação expandida
endereco,logradouro,"R. Brasil, 1323","Rua Brasil, 1323",2,abreviação expandida
endereco,logradouro,"R. Brasil, 1332","Rua Brasil, 1332",2,abreviação expandida
endereco,logradouro,"R. das Flores, 2647","Rua das Flores, 2647",2,abreviação expandida
endereco,logradouro,"R. das Flores, 2657","Rua das Flores, 2657",2,abreviação expandida
endereco,logradouro,"R. das Flores, 2670","Rua das Flores, 2670",2,abreviação expandida
endereco,logradouro,"R. das Flores, 2707","Rua das Flores, 2707",2,abreviação expandida
endereco,logradouro,"R. das Flores, 2739","Rua das Flores, 2739",2,abreviação expandida
endereco,logradouro,"R. das Flores, 274","Rua das Flores, 274",2,abreviação expandida
endereco,logradouro,"R. das Flores, 2764","Rua das Flores, 2764",2,abreviação expandida
endereco,logradouro,"R. das Flores, 2786","Rua das Flores, 2786",2,abreviação expandida
endereco,logradouro,"R. das Flores, 2798","Rua das Flores, 2798",2,abreviação expandida
endereco,logradouro,"R. das Flores, 2801","Rua das Flores, 2801",2,abreviação expandida
endereco,logradouro,"R. das Flores, 2810","Rua das Flores, 2810",2,abreviação expandida
endereco,logradouro,"R. Brasil, 1265","Rua Brasil, 1265",2,abreviação expandida
endereco,logradouro,"Rua XV de Novembro, 3938","Rua Xv de Novembro, 3938",2,caixa corrigida
endereco,logradouro,"Rua XV de Novembro, 3942","Rua Xv de Novembro, 3942",2,caixa corrigida
endereco,logradouro,"Rua XV de Novembro, 3947","Rua Xv de Novembro, 3947",2,caixa corrigida
endereco,logradouro,"Rua XV de Novembro, 3954","Rua Xv de Novembro, 3954",2,caixa corrigida
endereco,logradouro,"Rua XV de Novembro, 3962","Rua Xv de Novembro, 3962",2,caixa corrigida
endereco,logradouro,"Rua XV de Novembro, 3963","Rua Xv de Novembro, 3963",2,caixa corrigida
endereco,logradouro,"Rua XV de Novembro, 3978","Rua Xv de Novembro, 3978",2,caixa corrigida
endereco,logradouro,"R. BRASIL, 1380","Rua Brasil, 1380",2,caixa alta corrigida
endereco,logradouro,"R. BRASIL, 1454","Rua Brasil, 1454",2,caixa alta corrigida
endereco,logradouro,"Rua XV de Novembro, 4004","Rua Xv de Novembro, 4004",2,caixa corrigida
endereco,logradouro,"Rua XV de Novembro, 4011","Rua Xv de Novembro, 4011",2,caixa corrigida
endereco,logradouro,"Rua XV de Novembro, 4020","Rua Xv de Novembro, 4020",2,caixa corrigida
endereco,logradouro,"R. das Flores, 254","Rua das Flores, 254",2,abreviação expandida
endereco,logradouro,"R. das Flores, 2582","Rua das Flores, 2582",2,abreviação expandida
endereco,logradouro,"R. das Flores, 260","Rua das Flores, 260",2,abreviação expandida
endereco,logradouro,"R. das Flores, 2600","Rua das Flores, 2600",2,abreviação expandida
endereco,logradouro,"R. das Flores, 2327","Rua das Flores, 2327",2,abreviação expandida
endereco,logradouro,"R. das Flores, 2341","Rua das Flores, 2341",2,abreviação expandida
endereco,logradouro,"R. das Flores, 2342","Rua das Flores, 2342",2,abreviação expandida
endereco,logradouro,"R. das Flores, 2382","Rua das Flores, 2382",2,abreviação expandida
endereco,logradouro,"R. das Flores, 2416","Rua das Flores, 2416",2,abreviação expandida
endereco,logradouro,"R. das Flores, 2441","Rua das Flores, 2441",2,abreviação expandida
endereco,logradouro,"R. das Flores, 246","Rua das Flores, 246",2,abreviação expandida
endereco,logradouro,"R. das Flores, 2476","Rua das Flores, 2476",2,abreviação expandida
endereco,logradouro,"R. das Flores, 2481","Rua das Flores, 2481",2,abreviação expandida
endereco,logradouro,"R. Brasil, 1356","Rua Brasil, 1356",2,abreviação expandida
endereco,logradouro,"R. Brasil, 136","Rua Brasil, 136",2,abreviação expandida
endereco,logradouro,"R. das Flores, 2500","Rua das Flores, 2500",2,abreviação expandida
endereco,logradouro,"R. das Flores, 2527","Rua das Flores, 2527",2,abreviação expandida
endereco,logradouro,"R. das Flores, 2533","Rua das Flores, 2533",2,abreviação expandida
endereco,logradouro,"Rua XV de Novembro, 3874","Rua Xv de Novembro, 3874",2,caixa corrigida
endereco,logradouro,"Rua XV de Novembro, 3930","Rua Xv de Novembro, 3930",2,caixa corrigida
endereco,logradouro,"R. das Flores, 2127","Rua das Flores, 2127",2,abreviação expandida
endereco,logradouro,"R. das Flores, 2129","Rua das Flores, 2129",2,abreviação expandida
endereco,logradouro,"R. das Flores, 2136","Rua das Flores, 2136",2,abreviação expandida
endereco,logradouro,"R. das Flores, 2182","Rua das Flores, 2182",2,abreviação expandida
endereco,logradouro,"R. das Flores, 2188","Rua das Flores, 2188",2,abreviação expandida
endereco,logradouro,"R. das Flores, 2191","Rua das Flores, 2191",2,abreviação expandida
endereco,logradouro,"R. das Flores, 2200","Rua das Flores, 2200",2,abreviação expandida
endereco,logradouro,"R. das Flores, 2228","Rua das Flores, 2228",2,abreviação expandida
endereco,logradouro,"R. Brasil, 1381","Rua Brasil, 1381",2,abreviação expandida
endereco,logradouro,"R. Brasil, 1382","Rua Brasil, 1382",2,abreviação expandida
endereco,logradouro,"R. Brasil, 1391","Rua Brasil, 1391",2,abreviação expandida
endereco,logradouro,"R. Brasil, 1395","Rua Brasil, 1395",2,abreviação expandida
endereco,logradouro,"R. Brasil, 1403","Rua Brasil, 1403",2,abreviação expandida
endereco,logradouro,"R. das Flores, 226","Rua das Flores, 226",2,abreviação expandida
endereco,logradouro,"R. das Flores, 2277","Rua das Flores, 2277",2,abreviação expandida
endereco,logradouro,"R. das Flores, 2288","Rua das Flores, 2288",2,abreviação expandida
endereco,logradouro,"R. das Flores, 1992","Rua das Flores, 1992",2,abreviação expandida
endereco,logradouro,"R. das Flores, 2003","Rua das Flores, 2003",2,abreviação expandida
endereco,logradouro,"R. das Flores, 201","Rua das Flores, 201",2,abreviação expandida
endereco,logradouro,"R. das Flores, 2035","Rua das Flores, 2035",2,abreviação expandida
endereco,logradouro,"R. das Flores, 2043","Rua das Flores, 2043",2,abreviação expandida
endereco,logradouro,"R. das Flores, 2047","Rua das Flores, 2047",2,abreviação expandida
endereco,logradouro,"R. das Flores, 2059","Rua das Flores, 2059",2,abreviação expandida
endereco,logradouro,"R. das Flores, 208","Rua das Flores, 208",2,abreviação expandida
endereco,logradouro,"R. das Flores, 2095","Rua das Flores, 2095",2,abreviação expandida
endereco,logradouro,"R. das Flores, 210","Rua das Flores, 210",2,abreviação expandida
endereco,logradouro,"R. Brasil, 1410","Rua Brasil, 1410",2,abreviação expandida
endereco,logradouro,"R. Brasil, 1416","Rua Brasil, 1416",2,abreviação expandida
endereco,logradouro,"R. Brasil, 1417","Rua Brasil, 1417",2,abreviação expandida
endereco,logradouro,"R. Brasil, 1424","Rua Brasil, 1424",2,abreviação expandida
endereco,logradouro,"R. Brasil, 1427","Rua Brasil, 1427",2,abreviação expandida
endereco,logradouro,"R. das Flores, 2108","Rua das Flores, 2108",2,abreviação expandida
endereco,logradouro,"R. Brasil, 1564","Rua Brasil, 1564",2,abreviação expandida
endereco,logradouro,"R. das Flores, 1864","Rua das Flores, 1864",2,abreviação expandida
endereco,logradouro,"R. das Flores, 1879","Rua das Flores, 1879",2,abreviação expandida
endereco,logradouro,"R. das Flores, 1907","Rua das Flores, 1907",2,abreviação expandida
endereco,logradouro,"R. das Flores, 1911","Rua das Flores, 1911",2,abreviação expandida
endereco,logradouro,"R. das Flores, 1922","Rua das Flores, 1922",2,abreviação expandida
endereco,logradouro,"R. das Flores, 1945","Rua das Flores, 1945",2,abreviação expandida
endereco,logradouro,"R. das Flores, 1955","Rua das Flores, 1955",2,abreviação expandida
endereco,logradouro,"R. das Flores, 1964","Rua das Flores, 1964",2,abreviação expandida
endereco,logradouro,"R. das Flores, 1968","Rua das Flores, 1968",2,abreviação expandida
endereco,logradouro,"R. Brasil, 1459","Rua Brasil, 1459",2,abreviação expandida
endereco,logradouro,"R. Brasil, 1478","Rua Brasil, 1478",2,abreviação expandida
endereco,logradouro,"R. Brasil, 1506","Rua Brasil, 1506",2,abreviação expandida
endereco,logradouro,"R. Brasil, 1513","Rua Brasil, 1513",2,abreviação expandida
endereco,logradouro,"R. Brasil, 1519","Rua Brasil, 1519",2,abreviação expandida
endereco,logradouro,"R. das Flores, 1979","Rua das Flores, 1979",2,abreviação expandida
endereco,logradouro,"R. das Flores, 1685","Rua das Flores, 1685",2,abreviação expandida
endereco,logradouro,"R. das Flores, 1737","Rua das Flores, 1737",2,abreviação expandida
endereco,logradouro,"R. Brasil, 1569","Rua Brasil, 1569",2,abreviação expandida
endereco,logradouro,"R. Brasil, 1585","Rua Brasil, 1585",2,abreviação expandida
endereco,logradouro,"R. das Flores, 1759","Rua das Flores, 1759",2,abreviação expandida
endereco,logradouro,"R. das Flores, 1768","Rua das Flores, 1768",2,abreviação expandida
endereco,logradouro,"R. das Flores, 1779","Rua das Flores, 1779",2,abreviação expandida
endereco,logradouro,"R. das Flores, 1784","Rua das Flores, 1784",2,abreviação expandida
endereco,logradouro,"R. das Flores, 1790","Rua das Flores, 1790",2,abreviação expandida
endereco,logradouro,"R. das Flores, 181","Rua das Flores, 181",2,abreviação expandida
endereco,logradouro,"R. das Flores, 1816","Rua das Flores, 1816",2,abreviação expandida
endereco,logradouro,"R. das Flores, 1841","Rua das Flores, 1841",2,abreviação expandida
endereco,logradouro,"R. das Flores, 1848","Rua das Flores, 1848",2,abreviação expandida
endereco,logradouro,"R. das Flores, 1857","Rua das Flores, 1857",2,abreviação expandida
endereco,logradouro,"R. das Flores, 1861","Rua das Flores, 1861",2,abreviação expandida
endereco,logradouro,"R. Brasil, 1559","Rua Brasil, 1559",2,abreviação expandida
endereco,logradouro,"R. das Flores, 1415","Rua das Flores, 1415",2,abreviação expandida
endereco,logradouro,"R. das Flores, 1422","Rua das Flores, 1422",2,abreviação expandida
endereco,logradouro,"R. das Flores, 1443","Rua das Flores, 1443",2,abreviação expandida
endereco,logradouro,"R. das Flores, 1451","Rua das Flores, 1451",2,abreviação expandida
endereco,logradouro,"R. das Flores, 1463","Rua das Flores, 1463",2,abreviação expandida
endereco,logradouro,"R. Brasil, 1621","Rua Brasil, 1621",2,abreviação expandida
endereco,logradouro,"R. das Flores, 1473","Rua das Flores, 1473",2,abreviação expandida
endereco,logradouro,"R. das Flores, 1483","Rua das Flores, 1483",2,abreviação expandida
endereco,logradouro,"R. das Flores, 1501","Rua das Flores, 1501",2,abreviação expandida
endereco,logradouro,"R. das Flores, 1544","Rua das Flores, 1544",2,abreviação expandida
endereco,logradouro,"R. das Flores, 1562","Rua das Flores, 1562",2,abreviação expandida
endereco,logradouro,"R. das Flores, 1564","Rua das Flores, 1564",2,abreviação expandida
endereco,logradouro,"R. das Flores, 1587","Rua das Flores, 1587",2,abreviação expandida
endereco,logradouro,"R. das Flores, 1629","Rua das Flores, 1629",2,abreviação expandida
endereco,logradouro,"R. das Flores, 1673","Rua das Flores, 1673",2,abreviação expandida
endereco,logradouro,"R. das Flores, 1684","Rua das Flores, 1684",2,abreviação expandida
endereco,logradouro,"R. das Flores, 1182","Rua das Flores, 1182",2,abreviação expandida
endereco,logradouro,"R. das Flores, 1190","Rua das Flores, 1190",2,abreviação expandida
endereco,logradouro,"R. das Flores, 1207","Rua das Flores, 1207",2,abreviação expandida
endereco,logradouro,"R. Brasil, 1660","Rua Brasil, 1660",2,abreviação expandida
endereco,logradouro,"R. Brasil, 1684","Rua Brasil, 1684",2,abreviação expandida
endereco,logradouro,"R. Brasil, 1707","Rua Brasil, 1707",2,abreviação expandida
endereco,logradouro,"R. das Flores, 1244","Rua das Flores, 1244",2,abreviação expandida
endereco,logradouro,"R. das Flores, 1254","Rua das Flores, 1254",2,abreviação expandida
endereco,logradouro,"R. das Flores, 1257","Rua das Flores, 1257",2,abreviação expandida
endereco,logradouro,"R. das Flores, 1259","Rua das Flores, 1259",2,abreviação expandida
endereco,logradouro,"R. das Flores, 1264","Rua das Flores, 1264",2,abreviação expandida
endereco,logradouro,"R. das Flores, 1276","Rua das Flores, 1276",2,abreviação expandida
endereco,logradouro,"R. das Flores, 1296","Rua das Flores, 1296",2,abreviação expandida
endereco,logradouro,"R. das Flores, 1305","Rua das Flores, 1305",2,abreviação expandida
endereco,logradouro,"R. das Flores, 1349","Rua das Flores, 1349",2,abreviação expandida
endereco,logradouro,"R. das Flores, 139","Rua das Flores, 139",2,abreviação expandida
endereco,logradouro,"Rua XV de Novembro, 4043","Rua Xv de Novembro, 4043",2,caixa corrigida
endereco,logradouro,"Rua XV de Novembro, 4074","Rua Xv de Novembro, 4074",2,caixa corrigida
endereco,logradouro,"Rua XV de Novembro, 4078","Rua Xv de Novembro, 4078",2,caixa corrigida
endereco,logradouro,"Rua XV de Novembro, 4102","Rua Xv de Novembro, 4102",2,caixa corrigida
endereco,logradouro,"Rua XV de Novembro, 412","Rua Xv de Novembro, 412",2,caixa corrigida
endereco,logradouro,"R. BRASIL, 1182","Rua Brasil, 1182",2,caixa alta corrigida
endereco,logradouro,"R. BRASIL, 1254","Rua Brasil, 1254",2,caixa alta corrigida
endereco,logradouro,"R. BRASIL, 1305","Rua Brasil, 1305",2,caixa alta corrigida
endereco,logradouro,"Rua XV de Novembro, 4122","Rua Xv de Novembro, 4122",2,caixa corrigida
endereco,logradouro,"Rua XV de Novembro, 4131","Rua Xv de Novembro, 4131",2,caixa corrigida
endereco,logradouro,"Rua XV de Novembro, 4132","Rua Xv de Novembro, 4132",2,caixa corrigida
endereco,logradouro,"Rua XV de Novembro, 4156","Rua Xv de Novembro, 4156",2,caixa corrigida
endereco,logradouro,"Rua XV de Novembro, 4165","Rua Xv de Novembro, 4165",2,caixa corrigida
endereco,logradouro,"Rua XV de Novembro, 4182","Rua Xv de Novembro, 4182",2,caixa corrigida
endereco,logradouro,"R. das Flores, 1095","Rua das Flores, 1095",2,abreviação expandida
endereco,logradouro,"R. das Flores, 1098","Rua das Flores, 1098",2,abreviação expandida
endereco,logradouro,"R. XV de Novembro, 955","Rua Xv de Novembro, 955",2,abreviação expandida
endereco,logradouro,"R. XV de Novembro, 977","Rua Xv de Novembro, 977",2,abreviação expandida
endereco,logradouro,"R. XV de Novembro, 987","Rua Xv de Novembro, 987",2,abreviação expandida
endereco,logradouro,"R. XV de Novembro, 989","Rua Xv de Novembro, 989",2,abreviação expandida
endereco,logradouro,"R. Brasil, 1713","Rua Brasil, 1713",2,abreviação expandida
endereco,logradouro,"R. Brasil, 1717","Rua Brasil, 1717",2,abreviação expandida
endereco,logradouro,"R. Brasil, 1735","Rua Brasil, 1735",2,abreviação expandida
endereco,logradouro,"R. Brasil, 1750","Rua Brasil, 1750",2,abreviação expandida
endereco,logradouro,"R. das Flores, 1016","Rua das Flores, 1016",2,abreviação expandida
endereco,logradouro,"R. das Flores, 102","Rua das Flores, 102",2,abreviação expandida
endereco,logradouro,"R. das Flores, 1049","Rua das Flores, 1049",2,abreviação expandida
endereco,logradouro,"R. das Flores, 1056","Rua das Flores, 1056",2,abreviação expandida
endereco,logradouro,"R. das Flores, 1070","Rua das Flores, 1070",2,abreviação expandida
endereco,logradouro,"R. das Flores, 1082","Rua das Flores, 1082",2,abreviação expandida
endereco,logradouro,"R. das Flores, 1087","Rua das Flores, 1087",2,abreviação expandida
endereco,logradouro,"Rua XV de Novembro, 404","Rua Xv de Novembro, 404",2,caixa corrigida
endereco,logradouro,"R. XV de Novembro, 770","Rua Xv de Novembro, 770",2,abreviação expandida
endereco,logradouro,"R. XV de Novembro, 822","Rua Xv de Novembro, 822",2,abreviação expandida
endereco,logradouro,"R. XV de Novembro, 833","Rua Xv de Novembro, 833",2,abreviação expandida
endereco,logradouro,"R. XV de Novembro, 864","Rua Xv de Novembro, 864",2,abreviação expandida
endereco,logradouro,"R. XV de Novembro, 880","Rua Xv de Novembro, 880",2,abreviação expandida
endereco,logradouro,"R. XV de Novembro, 882","Rua Xv de Novembro, 882",2,abreviação expandida
endereco,logradouro,"R. XV de Novembro, 883","Rua Xv de Novembro, 883",2,abreviação expandida
endereco,logradouro,"R. XV de Novembro, 889","Rua Xv de Novembro, 889",2,abreviação expandida
endereco,logradouro,"R. XV de Novembro, 900","Rua Xv de Novembro, 900",2,abreviação expandida
endereco,logradouro,"R. Brasil, 1769","Rua Brasil, 1769",2,abreviação expandida
endereco,logradouro,"R. Brasil, 1771","Rua Brasil, 1771",2,abreviação expandida
endereco,logradouro,"R. Brasil, 1776","Rua Brasil, 1776",2,abreviação expandida
endereco,logradouro,"R. Brasil, 178","Rua Brasil, 178",2,abreviação expandida
endereco,logradouro,"R. XV de Novembro, 928","Rua Xv de Novembro, 928",2,abreviação expandida
endereco,logradouro,"R. XV de Novembro, 936","Rua Xv de Novembro, 936",2,abreviação expandida
endereco,logradouro,"R. XV de Novembro, 939","Rua Xv de Novembro, 939",2,abreviação expandida
endereco,logradouro,"R. XV de Novembro, 58","Rua Xv de Novembro, 58",2,abreviação expandida
endereco,logradouro,"R. XV de Novembro, 584","Rua Xv de Novembro, 584",2,abreviação expandida
endereco,logradouro,"R. XV de Novembro, 619","Rua Xv de Novembro, 619",2,abreviação expandida
endereco,logradouro,"R. XV de Novembro, 641","Rua Xv de Novembro, 641",2,abreviação expandida
endereco,logradouro,"R. XV de Novembro, 660","Rua Xv de Novembro, 660",2,abreviação expandida
endereco,logradouro,"R. XV de Novembro, 682","Rua Xv de Novembro, 682",2,abreviação expandida
endereco,logradouro,"R. XV de Novembro, 697","Rua Xv de Novembro, 697",2,abreviação expandida
endereco,logradouro,"R. XV de Novembro, 708","Rua Xv de Novembro, 708",2,abreviação expandida
endereco,logradouro,"R. XV de Novembro, 718","Rua Xv de Novembro, 718",2,abreviação expandida
endereco,logradouro,"R. XV de Novembro, 723","Rua Xv de Novembro, 723",2,abreviação expandida
endereco,logradouro,"R. XV de Novembro, 733","Rua Xv de Novembro, 733",2,abreviação expandida
endereco,logradouro,"R. Brasil, 1788","Rua Brasil, 1788",2,abreviação expandida
endereco,logradouro,"R. Brasil, 181","Rua Brasil, 181",2,abreviação expandida
endereco,logradouro,"R. Brasil, 1810","Rua Brasil, 1810",2,abreviação expandida
endereco,logradouro,"R. XV de Novembro, 748","Rua Xv de Novembro, 748",2,abreviação expandida
endereco,logradouro,"R. XV de Novembro, 759","Rua Xv de Novembro, 759",2,abreviação expandida
endereco,logradouro,"R. XV de Novembro, 494","Rua Xv de Novembro, 494",2,abreviação expandida
endereco,logradouro,"R. XV de Novembro, 4978","Rua Xv de Novembro, 4978",2,abreviação expandida
endereco,logradouro,"R. XV de Novembro, 4981","Rua Xv de Novembro, 4981",2,abreviação expandida
endereco,logradouro,"R. XV de Novembro, 4987","Rua Xv de Novembro, 4987",2,abreviação expandida
endereco,logradouro,"R. XV de Novembro, 4998","Rua Xv de Novembro, 4998",2,abreviação expandida
endereco,logradouro,"R. XV de Novembro, 522","Rua Xv de Novembro, 522",2,abreviação expandida
endereco,logradouro,"R. XV de Novembro, 534","Rua Xv de Novembro, 534",2,abreviação expandida
endereco,logradouro,"R. XV de Novembro, 543","Rua Xv de Novembro, 543",2,abreviação expandida
endereco,logradouro,"R. XV de Novembro, 546","Rua Xv de Novembro, 546",2,abreviação expandida
endereco,logradouro,"R. XV de Novembro, 549","Rua Xv de Novembro, 549",2,abreviação expandida
endereco,logradouro,"R. Brasil, 1835","Rua Brasil, 1835",2,abreviação expandida
endereco,logradouro,"R. Brasil, 1861","Rua Brasil, 1861",2,abreviação expandida
endereco,logradouro,"R. Brasil, 1862","Rua Brasil, 1862",2,abreviação expandida
endereco,logradouro,"R. XV de Novembro, 554","Rua Xv de Novembro, 554",2,abreviação expandida
endereco,logradouro,"R. XV de Novembro, 559","Rua Xv de Novembro, 559",2,abreviação expandida
endereco,logradouro,"R. XV de Novembro, 572","Rua Xv de Novembro, 572",2,abreviação expandida
endereco,logradouro,"R. XV de Novembro, 4655","Rua Xv de Novembro, 4655",2,abreviação expandida
endereco,logradouro,"R. XV de Novembro, 4656","Rua Xv de Novembro, 4656",2,abreviação expandida
endereco,logradouro,"R. XV de Novembro, 4659","Rua Xv de Novembro, 4659",2,abreviação expandida
endereco,logradouro,"R. XV de Novembro, 4663","Rua Xv de Novembro, 4663",2,abreviação expandida
endereco,logradouro,"R. XV de Novembro, 4675","Rua Xv de Novembro, 4675",2,abreviação expandida
endereco,logradouro,"R. XV de Novembro, 4722","Rua Xv de Novembro, 4722",2,abreviação expandida
endereco,logradouro,"R. XV de Novembro, 473","Rua Xv de Novembro, 473",2,abreviação expandida
endereco,logradouro,"R. XV de Novembro, 4745","Rua Xv de Novembro, 4745",2,abreviação expandida
endereco,logradouro,"R. XV de Novembro, 4763","Rua Xv de Novembro, 4763",2,abreviação expandida
endereco,logradouro,"R. XV de Novembro, 4780","Rua Xv de Novembro, 4780",2,abreviação expandida
endereco,logradouro,"R. XV de Novembro, 4804","Rua Xv de Novembro, 4804",2,abreviação expandida
endereco,logradouro,"R. XV de Novembro, 4838","Rua Xv de Novembro, 4838",2,abreviação expandida
endereco,logradouro,"R. XV de Novembro, 4839","Rua Xv de Novembro, 4839",2,abreviação expandida
endereco,logradouro,"R. XV de Novembro, 488","Rua Xv de Novembro, 488",2,abreviação expandida
endereco,logradouro,"R. XV de Novembro, 4890","Rua Xv de Novembro, 4890",2,abreviação expandida
endereco,logradouro,"R. XV de Novembro, 4925","Rua Xv de Novembro, 4925",2,abreviação expandida
endereco,logradouro,"R. Brasil, 1996","Rua Brasil, 1996",2,abreviação expandida
endereco,logradouro,"R. XV de Novembro, 4502","Rua Xv de Novembro, 4502",2,abreviação expandida
endereco,logradouro,"R. XV de Novembro, 4503","Rua Xv de Novembro, 4503",2,abreviação expandida
endereco,logradouro,"R. XV de Novembro, 4534","Rua Xv de Novembro, 4534",2,abreviação expandida
endereco,logradouro,"R. XV de Novembro, 4538","Rua Xv de Novembro, 4538",2,abreviação expandida
endereco,logradouro,"R. XV de Novembro, 4539","Rua Xv de Novembro, 4539",2,abreviação expandida
endereco,logradouro,"R. XV de Novembro, 4557","Rua Xv de Novembro, 4557",2,abreviação expandida
endereco,logradouro,"R. XV de Novembro, 4558","Rua Xv de Novembro, 4558",2,abreviação expandida
endereco,logradouro,"R. XV de Novembro, 456","Rua Xv de Novembro, 456",2,abreviação expandida
endereco,logradouro,"R. XV de Novembro, 4572","Rua Xv de Novembro, 4572",2,abreviação expandida
endereco,logradouro,"R. XV de Novembro, 4576","Rua Xv de Novembro, 4576",2,abreviação expandida
endereco,logradouro,"R. XV de Novembro, 46","Rua Xv de Novembro, 46",2,abreviação expandida
endereco,logradouro,"R. XV de Novembro, 4631","Rua Xv de Novembro, 4631",2,abreviação expandida
endereco,logradouro,"R. Brasil, 1921","Rua Brasil, 1921",2,abreviação expandida
endereco,logradouro,"R. Brasil, 1925","Rua Brasil, 1925",2,abreviação expandida
endereco,logradouro,"R. XV de Novembro, 465","Rua Xv de Novembro, 465",2,abreviação expandida
endereco,logradouro,"R. XV de Novembro, 4221","Rua Xv de Novembro, 4221",2,abreviação expandida
endereco,logradouro,"R. XV de Novembro, 4248","Rua Xv de Novembro, 4248",2,abreviação expandida
endereco,logradouro,"R. XV de Novembro, 4250","Rua Xv de Novembro, 4250",2,abreviação expandida
endereco,logradouro,"R. XV de Novembro, 4278","Rua Xv de Novembro, 4278",2,abreviação expandida
endereco,logradouro,"R. XV de Novembro, 4308","Rua Xv de Novembro, 4308",2,abreviação expandida
endereco,logradouro,"R. XV de Novembro, 4315","Rua Xv de Novembro, 4315",2,abreviação expandida
endereco,logradouro,"R. XV de Novembro, 4318","Rua Xv de Novembro, 4318",2,abreviação expandida
endereco,logradouro,"R. XV de Novembro, 4332","Rua Xv de Novembro, 4332",2,abreviação expandida
endereco,logradouro,"R. XV de Novembro, 4346","Rua Xv de Novembro, 4346",2,abreviação expandida
endereco,logradouro,"R. XV de Novembro, 4347","Rua Xv de Novembro, 4347",2,abreviação expandida
endereco,logradouro,"R. XV de Novembro, 4400","Rua Xv de Novembro, 4400",2,abreviação expandida
endereco,logradouro,"R. XV de Novembro, 4404","Rua Xv de Novembro, 4404",2,abreviação expandida
endereco,logradouro,"R. XV de Novembro, 4420","Rua Xv de Novembro, 4420",2,abreviação expandida
endereco,logradouro,"R. XV de Novembro, 443","Rua Xv de Novembro, 443",2,abreviação expandida
endereco,logradouro,"R. Brasil, 1961","Rua Brasil, 1961",2,abreviação expandida
endereco,logradouro,"R. Brasil, 1962","Rua Brasil, 1962",2,abreviação expandida
endereco,logradouro,"Rua XV de Novembro, 4221","Rua Xv de Novembro, 4221",2,caixa corrigida
endereco,logradouro,"Rua XV de Novembro, 4238","Rua Xv de Novembro, 4238",2,caixa corrigida
endereco,logradouro,"Rua XV de Novembro, 4239","Rua Xv de Novembro, 4239",2,caixa corrigida
endereco,logradouro,"Rua XV de Novembro, 4242","Rua Xv de Novembro, 4242",2,caixa corrigida
endereco,logradouro,"Rua XV de Novembro, 4259","Rua Xv de Novembro, 4259",2,caixa corrigida
endereco,logradouro,"Rua XV de Novembro, 426","Rua Xv de Novembro, 426",2,caixa corrigida
endereco,logradouro,"Rua XV de Novembro, 4267","Rua Xv de Novembro, 4267",2,caixa corrigida
endereco,logradouro,"Rua XV de Novembro, 4288","Rua Xv de Novembro, 4288",2,caixa corrigida
endereco,logradouro,"Rua XV de Novembro, 4297","Rua Xv de Novembro, 4297",2,caixa corrigida
endereco,logradouro,"R. Brasil, 20","Rua Brasil, 20",2,abreviação expandida
endereco,logradouro,"R. Brasil, 201","Rua Brasil, 201",2,abreviação expandida
endereco,logradouro,"R. Brasil, 2010","Rua Brasil, 2010",2,abreviação expandida
endereco,logradouro,"R. Brasil, 2012","Rua Brasil, 2012",2,abreviação expandida
endereco,logradouro,"R. Brasil, 2019","Rua Brasil, 2019",2,abreviação expandida
endereco,logradouro,"R. Brasil, 2023","Rua Brasil, 2023",2,abreviação expandida
endereco,logradouro,"R. XV de Novembro, 4210","Rua Xv de Novembro, 4210",2,abreviação expandida
endereco,logradouro,"R. XV de Novembro, 4012","Rua Xv de Novembro, 4012",2,abreviação expandida
endereco,logradouro,"R. XV de Novembro, 4019","Rua Xv de Novembro, 4019",2,abreviação expandida
endereco,logradouro,"R. XV de Novembro, 4053","Rua Xv de Novembro, 4053",2,abreviação expandida
endereco,logradouro,"R. XV de Novembro, 4078","Rua Xv de Novembro, 4078",2,abreviação expandida
endereco,logradouro,"R. XV de Novembro, 4098","Rua Xv de Novembro, 4098",2,abreviação expandida
endereco,logradouro,"R. Brasil, 2028","Rua Brasil, 2028",2,abreviação expandida
endereco,logradouro,"R. Brasil, 2037","Rua Brasil, 2037",2,abreviação expandida
endereco,logradouro,"R. Brasil, 2045","Rua Brasil, 2045",2,abreviação expandida
endereco,logradouro,"R. Brasil, 2060","Rua Brasil, 2060",2,abreviação expandida
endereco,logradouro,"R. Brasil, 2071","Rua Brasil, 2071",2,abreviação expandida
endereco,logradouro,"R. XV de Novembro, 4118","Rua Xv de Novembro, 4118",2,abreviação expandida
endereco,logradouro,"R. XV de Novembro, 4135","Rua Xv de Novembro, 4135",2,abreviação expandida
endereco,logradouro,"R. XV de Novembro, 4196","Rua Xv de Novembro, 4196",2,abreviação expandida
endereco,logradouro,"Rua XV de Novembro, 4199","Rua Xv de Novembro, 4199",2,caixa corrigida
endereco,logradouro,"Rua XV de Novembro, 4213","Rua Xv de Novembro, 4213",2,caixa corrigida
endereco,logradouro,"Rua XV de Novembro, 4215","Rua Xv de Novembro, 4215",2,caixa corrigida
endereco,logradouro,"R. XV de Novembro, 3858","Rua Xv de Novembro, 3858",2,abreviação expandida
endereco,logradouro,"R. XV de Novembro, 389","Rua Xv de Novembro, 389",2,abreviação expandida
endereco,logradouro,"R. XV de Novembro, 3899","Rua Xv de Novembro, 3899",2,abreviação expandida
endereco,logradouro,"R. XV de Novembro, 390","Rua Xv de Novembro, 390",2,abreviação expandida
endereco,logradouro,"R. XV de Novembro, 3907","Rua Xv de Novembro, 3907",2,abreviação expandida
endereco,logradouro,"R. XV de Novembro, 3921","Rua Xv de Novembro, 3921",2,abreviação expandida
endereco,logradouro,"R. XV de Novembro, 3926","Rua Xv de Novembro, 3926",2,abreviação expandida
endereco,logradouro,"R. XV de Novembro, 3931","Rua Xv de Novembro, 3931",2,abreviação expandida
endereco,logradouro,"R. XV de Novembro, 3935","Rua Xv de Novembro, 3935",2,abreviação expandida
endereco,logradouro,"R. XV de Novembro, 3936","Rua Xv de Novembro, 3936",2,abreviação expandida
endereco,logradouro,"R. XV de Novembro, 3938","Rua Xv de Novembro, 3938",2,abreviação expandida
endereco,logradouro,"R. XV de Novembro, 3946","Rua Xv de Novembro, 3946",2,abreviação expandida
endereco,logradouro,"R. Brasil, 2089","Rua Brasil, 2089",2,abreviação expandida
endereco,logradouro,"R. XV de Novembro, 3971","Rua Xv de Novembro, 3971",2,abreviação expandida
endereco,logradouro,"R. XV de Novembro, 3973","Rua Xv de Novembro, 3973",2,abreviação expandida
endereco,logradouro,"R. XV de Novembro, 3981","Rua Xv de Novembro, 3981",2,abreviação expandida
endereco,logradouro,"R. XV de Novembro, 3553","Rua Xv de Novembro, 3553",2,abreviação expandida
endereco,logradouro,"R. XV de Novembro, 3588","Rua Xv de Novembro, 3588",2,abreviação expandida
endereco,logradouro,"R. XV de Novembro, 3603","Rua Xv de Novembro, 3603",2,abreviação expandida
endereco,logradouro,"R. XV de Novembro, 3624","Rua Xv de Novembro, 3624",2,abreviação expandida
endereco,logradouro,"R. XV de Novembro, 3651","Rua Xv de Novembro, 3651",2,abreviação expandida
endereco,logradouro,"R. XV de Novembro, 3677","Rua Xv de Novembro, 3677",2,abreviação expandida
endereco,logradouro,"R. XV de Novembro, 3680","Rua Xv de Novembro, 3680",2,abreviação expandida
endereco,logradouro,"R. XV de Novembro, 369","Rua Xv de Novembro, 369",2,abreviação expandida
endereco,logradouro,"R. XV de Novembro, 3695","Rua Xv de Novembro, 3695",2,abreviação expandida
endereco,logradouro,"R. XV de Novembro, 3779","Rua Xv de Novembro, 3779",2,abreviação expandida
endereco,logradouro,"R. XV de Novembro, 3788","Rua Xv de Novembro, 3788",2,abreviação expandida
endereco,logradouro,"R. Brasil, 2148","Rua Brasil, 2148",2,abreviação expandida
endereco,logradouro,"R. Brasil, 2160","Rua Brasil, 2160",2,abreviação expandida
endereco,logradouro,"R. Brasil, 2167","Rua Brasil, 2167",2,abreviação expandida
endereco,logradouro,"R. XV de Novembro, 3821","Rua Xv de Novembro, 3821",2,abreviação expandida
endereco,logradouro,"R. XV de Novembro, 3844","Rua Xv de Novembro, 3844",2,abreviação expandida
endereco,logradouro,"R. XV de Novembro, 325","Rua Xv de Novembro, 325",2,abreviação expandida
endereco,logradouro,"R. XV de Novembro, 3279","Rua Xv de Novembro, 3279",2,abreviação expandida
endereco,logradouro,"R. XV de Novembro, 33","Rua Xv de Novembro, 33",2,abreviação expandida
endereco,logradouro,"R. XV de Novembro, 3302","Rua Xv de Novembro, 3302",2,abreviação expandida
endereco,logradouro,"R. XV de Novembro, 3308","Rua Xv de Novembro, 3308",2,abreviação expandida
endereco,logradouro,"R. XV de Novembro, 3310","Rua Xv de Novembro, 3310",2,abreviação expandida
endereco,logradouro,"R. XV de Novembro, 3409","Rua Xv de Novembro, 3409",2,abreviação expandida
endereco,logradouro,"R. XV de Novembro, 3434","Rua Xv de Novembro, 3434",2,abreviação expandida
endereco,logradouro,"R. XV de Novembro, 3469","Rua Xv de Novembro, 3469",2,abreviação expandida
endereco,logradouro,"R. XV de Novembro, 35","Rua Xv de Novembro, 35",2,abreviação expandida
endereco,logradouro,"R. Brasil, 2192","Rua Brasil, 2192",2,abreviação expandida
endereco,logradouro,"R. Brasil, 2203","Rua Brasil, 2203",2,abreviação expandida
endereco,logradouro,"R. Brasil, 2207","Rua Brasil, 2207",2,abreviação expandida
endereco,logradouro,"R. XV de Novembro, 3536","Rua Xv de Novembro, 3536",2,abreviação expandida
endereco,logradouro,"R. XV de Novembro, 3542","Rua Xv de Novembro, 3542",2,abreviação expandida
endereco,logradouro,"R. XV de Novembro, 3544","Rua Xv de Novembro, 3544",2,abreviação expandida
endereco,logradouro,"R. XV de Novembro, 3071","Rua Xv de Novembro, 3071",2,abreviação expandida
endereco,logradouro,"R. XV de Novembro, 3077","Rua Xv de Novembro, 3077",2,abreviação expandida
endereco,logradouro,"R. XV de Novembro, 3085","Rua Xv de Novembro, 3085",2,abreviação expandida
endereco,logradouro,"R. XV de Novembro, 3102","Rua Xv de Novembro, 3102",2,abreviação expandida
endereco,logradouro,"R. XV de Novembro, 3114","Rua Xv de Novembro, 3114",2,abreviação expandida
endereco,logradouro,"R. XV de Novembro, 3124","Rua Xv de Novembro, 3124",2,abreviação expandida
endereco,logradouro,"R. XV de Novembro, 3131","Rua Xv de Novembro, 3131",2,abreviação expandida
endereco,logradouro,"R. XV de Novembro, 3167","Rua Xv de Novembro, 3167",2,abreviação expandida
endereco,logradouro,"R. XV de Novembro, 3176","Rua Xv de Novembro, 3176",2,abreviação expandida
endereco,logradouro,"R. XV de Novembro, 3178","Rua Xv de Novembro, 3178",2,abreviação expandida
endereco,logradouro,"R. XV de Novembro, 3193","Rua Xv de Novembro, 3193",2,abreviação expandida
endereco,logradouro,"R. XV de Novembro, 3214","Rua Xv de Novembro, 3214",2,abreviação expandida
endereco,logradouro,"R. XV de Novembro, 322","Rua Xv de Novembro, 322",2,abreviação expandida
endereco,logradouro,"R. XV de Novembro, 3224","Rua Xv de Novembro, 3224",2,abreviação expandida
endereco,logradouro,"R. XV de Novembro, 3232","Rua Xv de Novembro, 3232",2,abreviação expandida
endereco,logradouro,"R. XV de Novembro, 3240","Rua Xv de Novembro, 3240",2,abreviação expandida
endereco,logradouro,"R. XV de Novembro, 2888","Rua Xv de Novembro, 2888",2,abreviação expandida
endereco,logradouro,"R. Brasil, 2345","Rua Brasil, 2345",2,abreviação expandida
endereco,logradouro,"R. XV de Novembro, 2909","Rua Xv de Novembro, 2909",2,abreviação expandida
endereco,logradouro,"R. XV de Novembro, 2930","Rua Xv de Novembro, 2930",2,abreviação expandida
endereco,logradouro,"R. XV de Novembro, 2934","Rua Xv de Novembro, 2934",2,abreviação expandida
endereco,logradouro,"R. XV de Novembro, 2956","Rua Xv de Novembro, 2956",2,abreviação expandida
endereco,logradouro,"R. XV de Novembro, 2962","Rua Xv de Novembro, 2962",2,abreviação expandida
endereco,logradouro,"R. XV de Novembro, 2998","Rua Xv de Novembro, 2998",2,abreviação expandida
endereco,logradouro,"R. XV de Novembro, 3000","Rua Xv de Novembro, 3000",2,abreviação expandida
endereco,logradouro,"R. XV de Novembro, 3013","Rua Xv de Novembro, 3013",2,abreviação expandida
endereco,logradouro,"R. XV de Novembro, 3014","Rua Xv de Novembro, 3014",2,abreviação expandida
endereco,logradouro,"R. XV de Novembro, 3028","Rua Xv de Novembro, 3028",2,abreviação expandida
endereco,logradouro,"R. XV de Novembro, 3055","Rua Xv de Novembro, 3055",2,abreviação expandida
endereco,logradouro,"R. XV de Novembro, 3067","Rua Xv de Novembro, 3067",2,abreviação expandida
endereco,logradouro,"R. Brasil, 2289","Rua Brasil, 2289",2,abreviação expandida
endereco,logradouro,"R. Brasil, 2301","Rua Brasil, 2301",2,abreviação expandida
endereco,logradouro,"R. XV de Novembro, 272","Rua Xv de Novembro, 272",2,abreviação expandida
endereco,logradouro,"R. Brasil, 2383","Rua Brasil, 2383",2,abreviação expandida
endereco,logradouro,"R. Brasil, 2388","Rua Brasil, 2388",2,abreviação expandida
endereco,logradouro,"R. Brasil, 2393","Rua Brasil, 2393",2,abreviação expandida
endereco,logradouro,"R. XV de Novembro, 2739","Rua Xv de Novembro, 2739",2,abreviação expandida
endereco,logradouro,"R. XV de Novembro, 2753","Rua Xv de Novembro, 2753",2,abreviação expandida
endereco,logradouro,"R. XV de Novembro, 2765","Rua Xv de Novembro, 2765",2,abreviação expandida
endereco,logradouro,"R. XV de Novembro, 2778","Rua Xv de Novembro, 2778",2,abreviação expandida
endereco,logradouro,"R. XV de Novembro, 2793","Rua Xv de Novembro, 2793",2,abreviação expandida
endereco,logradouro,"R. XV de Novembro, 2804","Rua Xv de Novembro, 2804",2,abreviação expandida
endereco,logradouro,"R. XV de Novembro, 2825","Rua Xv de Novembro, 2825",2,abreviação expandida
endereco,logradouro,"R. XV de Novembro, 2826","Rua Xv de Novembro, 2826",2,abreviação expandida
endereco,logradouro,"R. XV de Novembro, 284","Rua Xv de Novembro, 284",2,abreviação expandida
endereco,logradouro,"R. XV de Novembro, 2873","Rua Xv de Novembro, 2873",2,abreviação expandida
endereco,logradouro,"R. XV de Novembro, 2875","Rua Xv de Novembro, 2875",2,abreviação expandida
endereco,logradouro,"R. XV de Novembro, 2879","Rua Xv de Novembro, 2879",2,abreviação expandida
endereco,logradouro,"R. XV de Novembro, 2357","Rua Xv de Novembro, 2357",2,abreviação expandida
endereco,logradouro,"R. XV de Novembro, 2368","Rua Xv de Novembro, 2368",2,abreviação expandida
endereco,logradouro,"R. XV de Novembro, 2418","Rua Xv de Novembro, 2418",2,abreviação expandida
endereco,logradouro,"R. XV de Novembro, 2427","Rua Xv de Novembro, 2427",2,abreviação expandida
endereco,logradouro,"R. XV de Novembro, 243","Rua Xv de Novembro, 243",2,abreviação expandida
endereco,logradouro,"R. Brasil, 2412","Rua Brasil, 2412",2,abreviação expandida
endereco,logradouro,"R. Brasil, 242","Rua Brasil, 242",2,abreviação expandida
endereco,logradouro,"R. XV de Novembro, 2481","Rua Xv de Novembro, 2481",2,abreviação expandida
endereco,logradouro,"R. XV de Novembro, 2499","Rua Xv de Novembro, 2499",2,abreviação expandida
endereco,logradouro,"R. XV de Novembro, 25","Rua Xv de Novembro, 25",2,abreviação expandida
endereco,logradouro,"R. XV de Novembro, 2525","Rua Xv de Novembro, 2525",2,abreviação expandida
endereco,logradouro,"R. XV de Novembro, 2565","Rua Xv de Novembro, 2565",2,abreviação expandida
endereco,logradouro,"R. XV de Novembro, 2577","Rua Xv de Novembro, 2577",2,abreviação expandida
endereco,logradouro,"R. XV de Novembro, 2671","Rua Xv de Novembro, 2671",2,abreviação expandida
endereco,logradouro,"R. XV de Novembro, 2703","Rua Xv de Novembro, 2703",2,abreviação expandida
endereco,logradouro,"R. XV de Novembro, 2714","Rua Xv de Novembro, 2714",2,abreviação expandida
endereco,logradouro,"R. XV de Novembro, 2141","Rua Xv de Novembro, 2141",2,abreviação expandida
endereco,logradouro,"R. XV de Novembro, 2164","Rua Xv de Novembro, 2164",2,abreviação expandida
endereco,logradouro,"R. XV de Novembro, 2184","Rua Xv de Novembro, 2184",2,abreviação expandida
endereco,logradouro,"R. XV de Novembro, 2186","Rua Xv de Novembro, 2186",2,abreviação expandida
endereco,logradouro,"R. XV de Novembro, 2195","Rua Xv de Novembro, 2195",2,abreviação expandida
endereco,logradouro,"R. XV de Novembro, 2196","Rua Xv de Novembro, 2196",2,abreviação expandida
endereco,logradouro,"R. Brasil, 2447","Rua Brasil, 2447",2,abreviação expandida
endereco,logradouro,"R. XV de Novembro, 2208","Rua Xv de Novembro, 2208",2,abreviação expandida
endereco,logradouro,"R. XV de Novembro, 2218","Rua Xv de Novembro, 2218",2,abreviação expandida
endereco,logradouro,"R. XV de Novembro, 2233","Rua Xv de Novembro, 2233",2,abreviação expandida
endereco,logradouro,"R. XV de Novembro, 2244","Rua Xv de Novembro, 2244",2,abreviação expandida
endereco,logradouro,"R. XV de Novembro, 2262","Rua Xv de Novembro, 2262",2,abreviação expandida
endereco,logradouro,"R. XV de Novembro, 2284","Rua Xv de Novembro, 2284",2,abreviação expandida
endereco,logradouro,"R. XV de Novembro, 2285","Rua Xv de Novembro, 2285",2,abreviação expandida
endereco,logradouro,"R. XV de Novembro, 2323","Rua Xv de Novembro, 2323",2,abreviação expandida
endereco,logradouro,"R. XV de Novembro, 2346","Rua Xv de Novembro, 2346",2,abreviação expandida
endereco,logradouro,"Rua XV de Novembro, 4313","Rua Xv de Novembro, 4313",2,caixa corrigida
endereco,logradouro,"Rua XV de Novembro, 4315","Rua Xv de Novembro, 4315",2,caixa corrigida
endereco,logradouro,"Rua XV de Novembro, 4317","Rua Xv de Novembro, 4317",2,caixa corrigida
endereco,logradouro,"Rua XV de Novembro, 4318","Rua Xv de Novembro, 4318",2,caixa corrigida
endereco,logradouro,"Rua XV de Novembro, 4369","Rua Xv de Novembro, 4369",2,caixa corrigida
endereco,logradouro,"Rua XV de Novembro, 4384","Rua Xv de Novembro, 4384",2,caixa corrigida
endereco,logradouro,"Rua XV de Novembro, 440","Rua Xv de Novembro, 440",2,caixa corrigida
endereco,logradouro,"Rua XV de Novembro, 4407","Rua Xv de Novembro, 4407",2,caixa corrigida
endereco,logradouro,"Rua XV de Novembro, 4417","Rua Xv de Novembro, 4417",2,caixa corrigida
endereco,logradouro,"Rua XV de Novembro, 4425","Rua Xv de Novembro, 4425",2,caixa corrigida
endereco,logradouro,"Rua XV de Novembro, 4428","Rua Xv de Novembro, 4428",2,caixa corrigida
endereco,logradouro,"Rua XV de Novembro, 4434","Rua Xv de Novembro, 4434",2,caixa corrigida
endereco,logradouro,"Rua XV de Novembro, 4441","Rua Xv de Novembro, 4441",2,caixa corrigida
endereco,logradouro,"R. XV de Novembro, 2086","Rua Xv de Novembro, 2086",2,abreviação expandida
endereco,logradouro,"R. XV de Novembro, 2102","Rua Xv de Novembro, 2102",2,abreviação expandida
endereco,logradouro,"R. XV de Novembro, 2124","Rua Xv de Novembro, 2124",2,abreviação expandida
endereco,logradouro,"R. XV de Novembro, 1903","Rua Xv de Novembro, 1903",2,abreviação expandida
endereco,logradouro,"R. XV de Novembro, 1977","Rua Xv de Novembro, 1977",2,abreviação expandida
endereco,logradouro,"R. XV de Novembro, 1978","Rua Xv de Novembro, 1978",2,abreviação expandida
endereco,logradouro,"R. XV de Novembro, 1979","Rua Xv de Novembro, 1979",2,abreviação expandida
endereco,logradouro,"R. XV de Novembro, 2007","Rua Xv de Novembro, 2007",2,abreviação expandida
endereco,logradouro,"R. Brasil, 2471","Rua Brasil, 2471",2,abreviação expandida
endereco,logradouro,"R. Brasil, 2479","Rua Brasil, 2479",2,abreviação expandida
endereco,logradouro,"R. Brasil, 2492","Rua Brasil, 2492",2,abreviação expandida
endereco,logradouro,"R. XV de Novembro, 2032","Rua Xv de Novembro, 2032",2,abreviação expandida
endereco,logradouro,"R. XV de Novembro, 2036","Rua Xv de Novembro, 2036",2,abreviação expandida
endereco,logradouro,"R. XV de Novembro, 2037","Rua Xv de Novembro, 2037",2,abreviação expandida
endereco,logradouro,"R. XV de Novembro, 2045","Rua Xv de Novembro, 2045",2,abreviação expandida
endereco,logradouro,"R. XV de Novembro, 2075","Rua Xv de Novembro, 2075",2,abreviação expandida
endereco,logradouro,"R. XV de Novembro, 2079","Rua Xv de Novembro, 2079",2,abreviação expandida
endereco,logradouro,"Rua XV de Novembro, 4299","Rua Xv de Novembro, 4299",2,caixa corrigida
endereco,logradouro,"Rua XV de Novembro, 431","Rua Xv de Novembro, 431",2,caixa corrigida
endereco,logradouro,"R. Brasil, 2600","Rua Brasil, 2600",2,abreviação expandida
endereco,logradouro,"R. XV de Novembro, 1577","Rua Xv de Novembro, 1577",2,abreviação expandida
endereco,logradouro,"R. XV de Novembro, 160","Rua Xv de Novembro, 160",2,abreviação expandida
endereco,logradouro,"R. XV de Novembro, 1630","Rua Xv de Novembro, 1630",2,abreviação expandida
endereco,logradouro,"R. XV de Novembro, 1649","Rua Xv de Novembro, 1649",2,abreviação expandida
endereco,logradouro,"R. XV de Novembro, 1655","Rua Xv de Novembro, 1655",2,abreviação expandida
endereco,logradouro,"R. XV de Novembro, 1697","Rua Xv de Novembro, 1697",2,abreviação expandida
endereco,logradouro,"R. XV de Novembro, 1738","Rua Xv de Novembro, 1738",2,abreviação expandida
endereco,logradouro,"R. XV de Novembro, 1747","Rua Xv de Novembro, 1747",2,abreviação expandida
endereco,logradouro,"R. XV de Novembro, 1768","Rua Xv de Novembro, 1768",2,abreviação expandida
endereco,logradouro,"R. XV de Novembro, 1770","Rua Xv de Novembro, 1770",2,abreviação expandida
endereco,logradouro,"R. XV de Novembro, 1781","Rua Xv de Novembro, 1781",2,abreviação expandida
endereco,logradouro,"R. XV de Novembro, 1832","Rua Xv de Novembro, 1832",2,abreviação expandida
endereco,logradouro,"R. Brasil, 2525","Rua Brasil, 2525",2,abreviação expandida
endereco,logradouro,"R. XV de Novembro, 1894","Rua Xv de Novembro, 1894",2,abreviação expandida
endereco,logradouro,"R. XV de Novembro, 1901","Rua Xv de Novembro, 1901",2,abreviação expandida
endereco,logradouro,"R. Brasil, 264","Rua Brasil, 264",2,abreviação expandida
endereco,logradouro,"R. XV de Novembro, 1426","Rua Xv de Novembro, 1426",2,abreviação expandida
endereco,logradouro,"R. XV de Novembro, 1432","Rua Xv de Novembro, 1432",2,abreviação expandida
endereco,logradouro,"R. XV de Novembro, 1444","Rua Xv de Novembro, 1444",2,abreviação expandida
endereco,logradouro,"R. XV de Novembro, 1466","Rua Xv de Novembro, 1466",2,abreviação expandida
endereco,logradouro,"R. XV de Novembro, 1478","Rua Xv de Novembro, 1478",2,abreviação expandida
endereco,logradouro,"R. XV de Novembro, 1496","Rua Xv de Novembro, 1496",2,abreviação expandida
endereco,logradouro,"R. XV de Novembro, 15","Rua Xv de Novembro, 15",2,abreviação expandida
endereco,logradouro,"R. XV de Novembro, 1520","Rua Xv de Novembro, 1520",2,abreviação expandida
endereco,logradouro,"R. XV de Novembro, 1521","Rua Xv de Novembro, 1521",2,abreviação expandida
endereco,logradouro,"R. XV de Novembro, 153","Rua Xv de Novembro, 153",2,abreviação expandida
endereco,logradouro,"R. XV de Novembro, 1534","Rua Xv de Novembro, 1534",2,abreviação expandida
endereco,logradouro,"R. XV de Novembro, 1551","Rua Xv de Novembro, 1551",2,abreviação expandida
endereco,logradouro,"R. XV de Novembro, 1554","Rua Xv de Novembro, 1554",2,abreviação expandida
endereco,logradouro,"R. Brasil, 2569","Rua Brasil, 2569",2,abreviação expandida
endereco,logradouro,"R. Brasil, 2574","Rua Brasil, 2574",2,abreviação expandida
endereco,logradouro,"R. Brasil, 2656","Rua Brasil, 2656",2,abreviação expandida
endereco,logradouro,"R. Brasil, 2689","Rua Brasil, 2689",2,abreviação expandida
endereco,logradouro,"R. XV de Novembro, 1303","Rua Xv de Novembro, 1303",2,abreviação expandida
endereco,logradouro,"R. XV de Novembro, 1337","Rua Xv de Novembro, 1337",2,abreviação expandida
endereco,logradouro,"R. XV de Novembro, 1341","Rua Xv de Novembro, 1341",2,abreviação expandida
endereco,logradouro,"R. XV de Novembro, 1342","Rua Xv de Novembro, 1342",2,abreviação expandida
endereco,logradouro,"R. XV de Novembro, 1367","Rua Xv de Novembro, 1367",2,abreviação expandida
endereco,logradouro,"R. XV de Novembro, 1370","Rua Xv de Novembro, 1370",2,abreviação expandida
endereco,logradouro,"R. XV de Novembro, 1381","Rua Xv de Novembro, 1381",2,abreviação expandida
endereco,logradouro,"R. XV de Novembro, 1387","Rua Xv de Novembro, 1387",2,abreviação expandida
endereco,logradouro,"R. XV de Novembro, 1406","Rua Xv de Novembro, 1406",2,abreviação expandida
endereco,logradouro,"R. XV de Novembro, 1412","Rua Xv de Novembro, 1412",2,abreviação expandida
endereco,logradouro,"R. XV de Novembro, 1415","Rua Xv de Novembro, 1415",2,abreviação expandida
endereco,logradouro,"R. XV de Novembro, 1421","Rua Xv de Novembro, 1421",2,abreviação expandida
endereco,logradouro,"R. Brasil, 2605","Rua Brasil, 2605",2,abreviação expandida
endereco,logradouro,"R. Brasil, 2619","Rua Brasil, 2619",2,abreviação expandida
endereco,logradouro,"R. XV de Novembro, 1047","Rua Xv de Novembro, 1047",2,abreviação expandida
endereco,logradouro,"R. XV de Novembro, 1048","Rua Xv de Novembro, 1048",2,abreviação expandida
endereco,logradouro,"R. Brasil, 2726","Rua Brasil, 2726",2,abreviação expandida
endereco,logradouro,"R. Brasil, 2737","Rua Brasil, 2737",2,abreviação expandida
endereco,logradouro,"R. XV de Novembro, 1087","Rua Xv de Novembro, 1087",2,abreviação expandida
endereco,logradouro,"R. XV de Novembro, 1092","Rua Xv de Novembro, 1092",2,abreviação expandida
endereco,logradouro,"R. XV de Novembro, 1109","Rua Xv de Novembro, 1109",2,abreviação expandida
endereco,logradouro,"R. XV de Novembro, 1137","Rua Xv de Novembro, 1137",2,abreviação expandida
endereco,logradouro,"R. XV de Novembro, 1147","Rua Xv de Novembro, 1147",2,abreviação expandida
endereco,logradouro,"R. XV de Novembro, 1149","Rua Xv de Novembro, 1149",2,abreviação expandida
endereco,logradouro,"R. XV de Novembro, 1170","Rua Xv de Novembro, 1170",2,abreviação expandida
endereco,logradouro,"R. XV de Novembro, 1185","Rua Xv de Novembro, 1185",2,abreviação expandida
endereco,logradouro,"R. XV de Novembro, 1217","Rua Xv de Novembro, 1217",2,abreviação expandida
endereco,logradouro,"R. XV de Novembro, 1238","Rua Xv de Novembro, 1238",2,abreviação expandida
endereco,logradouro,"R. XV de Novembro, 1261","Rua Xv de Novembro, 1261",2,abreviação expandida
endereco,logradouro,"R. XV de Novembro, 1276","Rua Xv de Novembro, 1276",2,abreviação expandida
endereco,logradouro,"R. XV DE NOVEMBRO, 3118","Rua Xv de Novembro, 3118",2,caixa alta corrigida
endereco,logradouro,"R. XV DE NOVEMBRO, 3233","Rua Xv de Novembro, 3233",2,caixa alta corrigida
endereco,logradouro,"R. Brasil, 2744","Rua Brasil, 2744",2,abreviação expandida
endereco,logradouro,"R. Brasil, 2751","Rua Brasil, 2751",2,abreviação expandida
endereco,logradouro,"R. Brasil, 2760","Rua Brasil, 2760",2,abreviação expandida
endereco,logradouro,"R. Brasil, 277","Rua Brasil, 277",2,abreviação expandida
endereco,logradouro,"R. XV DE NOVEMBRO, 392","Rua Xv de Novembro, 392",2,caixa alta corrigida
endereco,logradouro,"R. XV DE NOVEMBRO, 4366","Rua Xv de Novembro, 4366",2,caixa alta corrigida
endereco,logradouro,"R. XV DE NOVEMBRO, 4557","Rua Xv de Novembro, 4557",2,caixa alta corrigida
endereco,logradouro,"R. XV DE NOVEMBRO, 4662","Rua Xv de Novembro, 4662",2,caixa alta corrigida
endereco,logradouro,"R. XV DE NOVEMBRO, 4666","Rua Xv de Novembro, 4666",2,caixa alta corrigida
endereco,logradouro,"R. XV DE NOVEMBRO, 4697","Rua Xv de Novembro, 4697",2,caixa alta corrigida
endereco,logradouro,"R. XV DE NOVEMBRO, 4744","Rua Xv de Novembro, 4744",2,caixa alta corrigida
endereco,logradouro,"R. XV DE NOVEMBRO, 740","Rua Xv de Novembro, 740",2,caixa alta corrigida
endereco,logradouro,"R. XV de Novembro, 1019","Rua Xv de Novembro, 1019",2,abreviação expandida
endereco,logradouro,"R. XV de Novembro, 1036","Rua Xv de Novembro, 1036",2,abreviação expandida
endereco,logradouro,"Rua XV de Novembro, 4453","Rua Xv de Novembro, 4453",2,caixa corrigida
endereco,logradouro,"Rua XV de Novembro, 4485","Rua Xv de Novembro, 4485",2,caixa corrigida
endereco,logradouro,"Rua XV de Novembro, 4533","Rua Xv de Novembro, 4533",2,caixa corrigida
endereco,logradouro,"Rua XV de Novembro, 4543","Rua Xv de Novembro, 4543",2,caixa corrigida
endereco,logradouro,"Rua XV de Novembro, 4583","Rua Xv de Novembro, 4583",2,caixa corrigida
endereco,logradouro,"Rua XV de Novembro, 459","Rua Xv de Novembro, 459",2,caixa corrigida
endereco,logradouro,"Rua XV de Novembro, 4598","Rua Xv de Novembro, 4598",2,caixa corrigida
endereco,logradouro,"Rua XV de Novembro, 4629","Rua Xv de Novembro, 4629",2,caixa corrigida
endereco,logradouro,"Rua XV de Novembro, 4637","Rua Xv de Novembro, 4637",2,caixa corrigida
endereco,logradouro,"Rua XV de Novembro, 4678","Rua Xv de Novembro, 4678",2,caixa corrigida
endereco,logradouro,"Rua XV de Novembro, 4685","Rua Xv de Novembro, 4685",2,caixa corrigida
endereco,logradouro,"R. XV DE NOVEMBRO, 2286","Rua Xv de Novembro, 2286",2,caixa alta corrigida
endereco,logradouro,"R. XV DE NOVEMBRO, 2322","Rua Xv de Novembro, 2322",2,caixa alta corrigida
endereco,logradouro,"R. XV DE NOVEMBRO, 2627","Rua Xv de Novembro, 2627",2,caixa alta corrigida
endereco,logradouro,"R. XV DE NOVEMBRO, 2908","Rua Xv de Novembro, 2908",2,caixa alta corrigida
endereco,logradouro,"R. XV DE NOVEMBRO, 2954","Rua Xv de Novembro, 2954",2,caixa alta corrigida
endereco,logradouro,"R. XV DE NOVEMBRO, 130","Rua Xv de Novembro, 130",2,caixa alta corrigida
endereco,logradouro,"R. XV DE NOVEMBRO, 1303","Rua Xv de Novembro, 1303",2,caixa alta corrigida
endereco,logradouro,"R. XV DE NOVEMBRO, 1304","Rua Xv de Novembro, 1304",2,caixa alta corrigida
endereco,logradouro,"R. XV DE NOVEMBRO, 1578","Rua Xv de Novembro, 1578",2,caixa alta corrigida
endereco,logradouro,"R. XV DE NOVEMBRO, 161","Rua Xv de Novembro, 161",2,caixa alta corrigida
endereco,logradouro,"R. XV DE NOVEMBRO, 1849","Rua Xv de Novembro, 1849",2,caixa alta corrigida
endereco,logradouro,"R. XV DE NOVEMBRO, 1997","Rua Xv de Novembro, 1997",2,caixa alta corrigida
endereco,logradouro,"R. Brasil, 2788","Rua Brasil, 2788",2,abreviação expandida
endereco,logradouro,"R. Brasil, 2792","Rua Brasil, 2792",2,abreviação expandida
endereco,logradouro,"R. Brasil, 2794","Rua Brasil, 2794",2,abreviação expandida
endereco,logradouro,"R. Brasil, 2803","Rua Brasil, 2803",2,abreviação expandida
endereco,logradouro,"R. XV DE NOVEMBRO, 2104","Rua Xv de Novembro, 2104",2,caixa alta corrigida
endereco,logradouro,"R. XV DE NOVEMBRO, 2154","Rua Xv de Novembro, 2154",2,caixa alta corrigida
endereco,logradouro,"R. XV DE NOVEMBRO, 2212","Rua Xv de Novembro, 2212",2,caixa alta corrigida
endereco,logradouro,"R. XV DE NOVEMBRO, 226","Rua Xv de Novembro, 226",2,caixa alta corrigida
endereco,logradouro,"Rua XV de Novembro, 4452","Rua Xv de Novembro, 4452",2,caixa corrigida
endereco,logradouro,"R. Projetada, 832","Rua Projetada, 832",2,abreviação expandida
endereco,logradouro,"R. Projetada, 840","Rua Projetada, 840",2,abreviação expandida
endereco,logradouro,"R. Projetada, 863","Rua Projetada, 863",2,abreviação expandida
endereco,logradouro,"R. Projetada, 872","Rua Projetada, 872",2,abreviação expandida
endereco,logradouro,"R. Projetada, 886","Rua Projetada, 886",2,abreviação expandida
endereco,logradouro,"R. Projetada, 899","Rua Projetada, 899",2,abreviação expandida
endereco,logradouro,"R. Projetada, 90","Rua Projetada, 90",2,abreviação expandida
endereco,logradouro,"R. Projetada, 900","Rua Projetada, 900",2,abreviação expandida
endereco,logradouro,"R. Projetada, 916","Rua Projetada, 916",2,abreviação expandida
endereco,logradouro,"R. Projetada, 947","Rua Projetada, 947",2,abreviação expandida
endereco,logradouro,"R. Projetada, 959","Rua Projetada, 959",2,abreviação expandida
endereco,logradouro,"R. Brasil, 2818","Rua Brasil, 2818",2,abreviação expandida
endereco,logradouro,"R. Brasil, 2845","Rua Brasil, 2845",2,abreviação expandida
endereco,logradouro,"R. XV DE NOVEMBRO, 100","Rua Xv de Novembro, 100",2,caixa alta corrigida
endereco,logradouro,"R. XV DE NOVEMBRO, 1120","Rua Xv de Novembro, 1120",2,caixa alta corrigida
endereco,logradouro,"R. XV DE NOVEMBRO, 1138","Rua Xv de Novembro, 1138",2,caixa alta corrigida
endereco,logradouro,"R. Projetada, 609","Rua Projetada, 609",2,abreviação expandida
endereco,logradouro,"R. Projetada, 612","Rua Projetada, 612",2,abreviação expandida
endereco,logradouro,"R. Projetada, 62","Rua Projetada, 62",2,abreviação expandida
endereco,logradouro,"R. Projetada, 736","Rua Projetada, 736",2,abreviação expandida
endereco,logradouro,"R. Projetada, 740","Rua Projetada, 740",2,abreviação expandida
endereco,logradouro,"R. Projetada, 747","Rua Projetada, 747",2,abreviação expandida
endereco,logradouro,"R. Projetada, 749","Rua Projetada, 749",2,abreviação expandida
endereco,logradouro,"R. Projetada, 75","Rua Projetada, 75",2,abreviação expandida
endereco,logradouro,"R. Projetada, 761","Rua Projetada, 761",2,abreviação expandida
endereco,logradouro,"R. Projetada, 770","Rua Projetada, 770",2,abreviação expandida
endereco,logradouro,"R. Projetada, 774","Rua Projetada, 774",2,abreviação expandida
endereco,logradouro,"R. Projetada, 78","Rua Projetada, 78",2,abreviação expandida
endereco,logradouro,"R. Projetada, 802","Rua Projetada, 802",2,abreviação expandida
endereco,logradouro,"R. Brasil, 2859","Rua Brasil, 2859",2,abreviação expandida
endereco,logradouro,"R. Brasil, 2890","Rua Brasil, 2890",2,abreviação expandida
endereco,logradouro,"R. Projetada, 821","Rua Projetada, 821",2,abreviação expandida
endereco,logradouro,"R. Projetada, 4972","Rua Projetada, 4972",2,abreviação expandida
endereco,logradouro,"R. Projetada, 4975","Rua Projetada, 4975",2,abreviação expandida
endereco,logradouro,"R. Projetada, 4979","Rua Projetada, 4979",2,abreviação expandida
endereco,logradouro,"R. Projetada, 4981","Rua Projetada, 4981",2,abreviação expandida
endereco,logradouro,"R. Projetada, 4991","Rua Projetada, 4991",2,abreviação expandida
endereco,logradouro,"R. Projetada, 516","Rua Projetada, 516",2,abreviação expandida
endereco,logradouro,"R. Projetada, 517","Rua Projetada, 517",2,abreviação expandida
endereco,logradouro,"R. Projetada, 535","Rua Projetada, 535",2,abreviação expandida
endereco,logradouro,"R. Projetada, 569","Rua Projetada, 569",2,abreviação expandida
endereco,logradouro,"R. Projetada, 59","Rua Projetada, 59",2,abreviação expandida
endereco,logradouro,"R. Brasil, 2930","Rua Brasil, 2930",2,abreviação expandida
endereco,logradouro,"R. Brasil, 2932","Rua Brasil, 2932",2,abreviação expandida
endereco,logradouro,"R. Projetada, 594","Rua Projetada, 594",2,abreviação expandida
endereco,logradouro,"R. Projetada, 596","Rua Projetada, 596",2,abreviação expandida
endereco,logradouro,"R. Projetada, 598","Rua Projetada, 598",2,abreviação expandida
endereco,logradouro,"R. Projetada, 599","Rua Projetada, 599",2,abreviação expandida
endereco,logradouro,"R. Projetada, 4780","Rua Projetada, 4780",2,abreviação expandida
endereco,logradouro,"R. Projetada, 4782","Rua Projetada, 4782",2,abreviação expandida
endereco,logradouro,"R. Projetada, 4789","Rua Projetada, 4789",2,abreviação expandida
endereco,logradouro,"R. Projetada, 4791","Rua Projetada, 4791",2,abreviação expandida
endereco,logradouro,"R. Projetada, 4813","Rua Projetada, 4813",2,abreviação expandida
endereco,logradouro,"R. Projetada, 482","Rua Projetada, 482",2,abreviação expandida
endereco,logradouro,"R. Projetada, 4827","Rua Projetada, 4827",2,abreviação expandida
endereco,logradouro,"R. Projetada, 4832","Rua Projetada, 4832",2,abreviação expandida
endereco,logradouro,"R. Projetada, 4837","Rua Projetada, 4837",2,abreviação expandida
endereco,logradouro,"R. Projetada, 4878","Rua Projetada, 4878",2,abreviação expandida
endereco,logradouro,"R. Projetada, 4882","Rua Projetada, 4882",2,abreviação expandida
endereco,logradouro,"R. Projetada, 4888","Rua Projetada, 4888",2,abreviação expandida
endereco,logradouro,"R. Brasil, 2965","Rua Brasil, 2965",2,abreviação expandida
endereco,logradouro,"R. Brasil, 2995","Rua Brasil, 2995",2,abreviação expandida
endereco,logradouro,"R. Projetada, 4945","Rua Projetada, 4945",2,abreviação expandida
endereco,logradouro,"R. Projetada, 4950","Rua Projetada, 4950",2,abreviação expandida
endereco,logradouro,"R. Brasil, 3058","Rua Brasil, 3058",2,abreviação expandida
endereco,logradouro,"R. Projetada, 4640","Rua Projetada, 4640",2,abreviação expandida
endereco,logradouro,"R. Projetada, 4670","Rua Projetada, 4670",2,abreviação expandida
endereco,logradouro,"R. Projetada, 4672","Rua Projetada, 4672",2,abreviação expandida
endereco,logradouro,"R. Projetada, 4675","Rua Projetada, 4675",2,abreviação expandida
endereco,logradouro,"R. Projetada, 4681","Rua Projetada, 4681",2,abreviação expandida
endereco,logradouro,"R. Projetada, 4694","Rua Projetada, 4694",2,abreviação expandida
endereco,logradouro,"R. Projetada, 47","Rua Projetada, 47",2,abreviação expandida
endereco,logradouro,"R. Projetada, 470","Rua Projetada, 470",2,abreviação expandida
endereco,logradouro,"R. Projetada, 4734","Rua Projetada, 4734",2,abreviação expandida
endereco,logradouro,"R. Projetada, 4737","Rua Projetada, 4737",2,abreviação expandida
endereco,logradouro,"R. Projetada, 4744","Rua Projetada, 4744",2,abreviação expandida
endereco,logradouro,"R. Projetada, 4774","Rua Projetada, 4774",2,abreviação expandida
endereco,logradouro,"R. Brasil, 301","Rua Brasil, 301",2,abreviação expandida
endereco,logradouro,"R. Brasil, 3012","Rua Brasil, 3012",2,abreviação expandida
endereco,logradouro,"R. Brasil, 3019","Rua Brasil, 3019",2,abreviação expandida
endereco,logradouro,"R. Brasil, 3104","Rua Brasil, 3104",2,abreviação expandida
endereco,logradouro,"R. Brasil, 3115","Rua Brasil, 3115",2,abreviação expandida
endereco,logradouro,"R. Projetada, 447","Rua Projetada, 447",2,abreviação expandida
endereco,logradouro,"R. Projetada, 4475","Rua Projetada, 4475",2,abreviação expandida
endereco,logradouro,"R. Projetada, 4503","Rua Projetada, 4503",2,abreviação expandida
endereco,logradouro,"R. Projetada, 4511","Rua Projetada, 4511",2,abreviação expandida
endereco,logradouro,"R. Projetada, 4514","Rua Projetada, 4514",2,abreviação expandida
endereco,logradouro,"R. Projetada, 453","Rua Projetada, 453",2,abreviação expandida
endereco,logradouro,"R. Projetada, 4545","Rua Projetada, 4545",2,abreviação expandida
endereco,logradouro,"R. Projetada, 4547","Rua Projetada, 4547",2,abreviação expandida
endereco,logradouro,"R. Projetada, 4548","Rua Projetada, 4548",2,abreviação expandida
endereco,logradouro,"R. Projetada, 4552","Rua Projetada, 4552",2,abreviação expandida
endereco,logradouro,"R. Projetada, 4556","Rua Projetada, 4556",2,abreviação expandida
endereco,logradouro,"R. Projetada, 4572","Rua Projetada, 4572",2,abreviação expandida
endereco,logradouro,"R. Projetada, 4628","Rua Projetada, 4628",2,abreviação expandida
endereco,logradouro,"R. Projetada, 4635","Rua Projetada, 4635",2,abreviação expandida
endereco,logradouro,"R. Projetada, 4211","Rua Projetada, 4211",2,abreviação expandida
endereco,logradouro,"R. Projetada, 4278","Rua Projetada, 4278",2,abreviação expandida
endereco,logradouro,"R. Projetada, 4284","Rua Projetada, 4284",2,abreviação expandida
endereco,logradouro,"R. Projetada, 4285","Rua Projetada, 4285",2,abreviação expandida
endereco,logradouro,"R. Projetada, 4289","Rua Projetada, 4289",2,abreviação expandida
endereco,logradouro,"R. Projetada, 4313","Rua Projetada, 4313",2,abreviação expandida
endereco,logradouro,"R. Projetada, 4356","Rua Projetada, 4356",2,abreviação expandida
endereco,logradouro,"R. Projetada, 4365","Rua Projetada, 4365",2,abreviação expandida
endereco,logradouro,"R. Projetada, 4379","Rua Projetada, 4379",2,abreviação expandida
endereco,logradouro,"R. Projetada, 4410","Rua Projetada, 4410",2,abreviação expandida
endereco,logradouro,"R. Projetada, 4411","Rua Projetada, 4411",2,abreviação expandida
endereco,logradouro,"R. Projetada, 4414","Rua Projetada, 4414",2,abreviação expandida
endereco,logradouro,"R. Projetada, 445","Rua Projetada, 445",2,abreviação expandida
endereco,logradouro,"R. Projetada, 4450","Rua Projetada, 4450",2,abreviação expandida
endereco,logradouro,"R. Brasil, 308","Rua Brasil, 308",2,abreviação expandida
endereco,logradouro,"R. Brasil, 3099","Rua Brasil, 3099",2,abreviação expandida
endereco,logradouro,"Rua XV de Novembro, 4741","Rua Xv de Novembro, 4741",2,caixa corrigida
endereco,logradouro,"Rua XV de Novembro, 4745","Rua Xv de Novembro, 4745",2,caixa corrigida
endereco,logradouro,"Rua XV de Novembro, 4753","Rua Xv de Novembro, 4753",2,caixa corrigida
endereco,logradouro,"Rua XV de Novembro, 4782","Rua Xv de Novembro, 4782",2,caixa corrigida
endereco,logradouro,"Rua XV de Novembro, 4791","Rua Xv de Novembro, 4791",2,caixa corrigida
endereco,logradouro,"Rua XV de Novembro, 4798","Rua Xv de Novembro, 4798",2,caixa corrigida
endereco,logradouro,"Rua XV de Novembro, 4811","Rua Xv de Novembro, 4811",2,caixa corrigida
endereco,logradouro,"Rua XV de Novembro, 4814","Rua Xv de Novembro, 4814",2,caixa corrigida
endereco,logradouro,"Rua XV de Novembro, 4823","Rua Xv de Novembro, 4823",2,caixa corrigida
endereco,logradouro,"Rua XV de Novembro, 4865","Rua Xv de Novembro, 4865",2,caixa corrigida
endereco,logradouro,"Rua XV de Novembro, 4870","Rua Xv de Novembro, 4870",2,caixa corrigida
endereco,logradouro,"Rua XV de Novembro, 4876","Rua Xv de Novembro, 4876",2,caixa corrigida
endereco,logradouro,"R. Projetada, 4124","Rua Projetada, 4124",2,abreviação expandida
endereco,logradouro,"R. Projetada, 4140","Rua Projetada, 4140",2,abreviação expandida
endereco,logradouro,"R. Projetada, 4174","Rua Projetada, 4174",2,abreviação expandida
endereco,logradouro,"R. Projetada, 4195","Rua Projetada, 4195",2,abreviação expandida
endereco,logradouro,"R. Projetada, 3971","Rua Projetada, 3971",2,abreviação expandida
endereco,logradouro,"R. Projetada, 3980","Rua Projetada, 3980",2,abreviação expandida
endereco,logradouro,"R. Projetada, 3988","Rua Projetada, 3988",2,abreviação expandida
endereco,logradouro,"R. Projetada, 4002","Rua Projetada, 4002",2,abreviação expandida
endereco,logradouro,"R. Projetada, 4010","Rua Projetada, 4010",2,abreviação expandida
endereco,logradouro,"R. Projetada, 4014","Rua Projetada, 4014",2,abreviação expandida
endereco,logradouro,"R. Projetada, 4019","Rua Projetada, 4019",2,abreviação expandida
endereco,logradouro,"R. Projetada, 4030","Rua Projetada, 4030",2,abreviação expandida
endereco,logradouro,"R. Brasil, 3176","Rua Brasil, 3176",2,abreviação expandida
endereco,logradouro,"R. Brasil, 3183","Rua Brasil, 3183",2,abreviação expandida
endereco,logradouro,"R. Brasil, 3192","Rua Brasil, 3192",2,abreviação expandida
endereco,logradouro,"R. Brasil, 3199","Rua Brasil, 3199",2,abreviação expandida
endereco,logradouro,"R. Projetada, 4065","Rua Projetada, 4065",2,abreviação expandida
endereco,logradouro,"R. Projetada, 4081","Rua Projetada, 4081",2,abreviação expandida
endereco,logradouro,"R. Projetada, 4090","Rua Projetada, 4090",2,abreviação expandida
endereco,logradouro,"Rua XV de Novembro, 4736","Rua Xv de Novembro, 4736",2,caixa corrigida
endereco,logradouro,"R. Projetada, 3732","Rua Projetada, 3732",2,abreviação expandida
endereco,logradouro,"R. Projetada, 3749","Rua Projetada, 3749",2,abreviação expandida
endereco,logradouro,"R. Projetada, 3753","Rua Projetada, 3753",2,abreviação expandida
endereco,logradouro,"R. Projetada, 3779","Rua Projetada, 3779",2,abreviação expandida
endereco,logradouro,"R. Projetada, 387","Rua Projetada, 387",2,abreviação expandida
endereco,logradouro,"R. Projetada, 3882","Rua Projetada, 3882",2,abreviação expandida
endereco,logradouro,"R. Brasil, 3205","Rua Brasil, 3205",2,abreviação expandida
endereco,logradouro,"R. Brasil, 3206","Rua Brasil, 3206",2,abreviação expandida
endereco,logradouro,"R. Brasil, 3255","Rua Brasil, 3255",2,abreviação expandida
endereco,logradouro,"R. Brasil, 3257","Rua Brasil, 3257",2,abreviação expandida
endereco,logradouro,"R. Brasil, 3259","Rua Brasil, 3259",2,abreviação expandida
endereco,logradouro,"R. Brasil, 3262","Rua Brasil, 3262",2,abreviação expandida
endereco,logradouro,"R. Projetada, 3941","Rua Projetada, 3941",2,abreviação expandida
endereco,logradouro,"R. Projetada, 3943","Rua Projetada, 3943",2,abreviação expandida
endereco,logradouro,"R. Projetada, 395","Rua Projetada, 395",2,abreviação expandida
endereco,logradouro,"R. Projetada, 3956","Rua Projetada, 3956",2,abreviação expandida
endereco,logradouro,"R. Brasil, 3326","Rua Brasil, 3326",2,abreviação expandida
endereco,logradouro,"R. Projetada, 3531","Rua Projetada, 3531",2,abreviação expandida
endereco,logradouro,"R. Projetada, 354","Rua Projetada, 354",2,abreviação expandida
endereco,logradouro,"R. Projetada, 3542","Rua Projetada, 3542",2,abreviação expandida
endereco,logradouro,"R. Projetada, 3561","Rua Projetada, 3561",2,abreviação expandida
endereco,logradouro,"R. Projetada, 3568","Rua Projetada, 3568",2,abreviação expandida
endereco,logradouro,"R. Projetada, 3572","Rua Projetada, 3572",2,abreviação expandida
endereco,logradouro,"R. Projetada, 3636","Rua Projetada, 3636",2,abreviação expandida
endereco,logradouro,"R. Projetada, 3668","Rua Projetada, 3668",2,abreviação expandida
endereco,logradouro,"R. Brasil, 3292","Rua Brasil, 3292",2,abreviação expandida
endereco,logradouro,"R. Projetada, 3676","Rua Projetada, 3676",2,abreviação expandida
endereco,logradouro,"R. Projetada, 3705","Rua Projetada, 3705",2,abreviação expandida
endereco,logradouro,"R. Projetada, 3709","Rua Projetada, 3709",2,abreviação expandida
endereco,logradouro,"R. Projetada, 3715","Rua Projetada, 3715",2,abreviação expandida
endereco,logradouro,"R. Projetada, 3719","Rua Projetada, 3719",2,abreviação expandida
endereco,logradouro,"R. Projetada, 3722","Rua Projetada, 3722",2,abreviação expandida
endereco,logradouro,"R. Projetada, 3342","Rua Projetada, 3342",2,abreviação expandida
endereco,logradouro,"R. Projetada, 3344","Rua Projetada, 3344",2,abreviação expandida
endereco,logradouro,"R. Projetada, 336","Rua Projetada, 336",2,abreviação expandida
endereco,logradouro,"R. Projetada, 3373","Rua Projetada, 3373",2,abreviação expandida
endereco,logradouro,"R. Projetada, 3391","Rua Projetada, 3391",2,abreviação expandida
endereco,logradouro,"R. Projetada, 3425","Rua Projetada, 3425",2,abreviação expandida
endereco,logradouro,"R. Projetada, 3433","Rua Projetada, 3433",2,abreviação expandida
endereco,logradouro,"R. Projetada, 3462","Rua Projetada, 3462",2,abreviação expandida
endereco,logradouro,"R. Projetada, 3478","Rua Projetada, 3478",2,abreviação expandida
endereco,logradouro,"R. Projetada, 3503","Rua Projetada, 3503",2,abreviação expandida
endereco,logradouro,"R. Projetada, 3519","Rua Projetada, 3519",2,abreviação expandida
endereco,logradouro,"R. Projetada, 3521","Rua Projetada, 3521",2,abreviação expandida
endereco,logradouro,"R. Projetada, 3524","Rua Projetada, 3524",2,abreviação expandida
endereco,logradouro,"R. Brasil, 330","Rua Brasil, 330",2,abreviação expandida
endereco,logradouro,"R. Brasil, 3303","Rua Brasil, 3303",2,abreviação expandida
endereco,logradouro,"R. Brasil, 3313","Rua Brasil, 3313",2,abreviação expandida
endereco,logradouro,"R. Projetada, 3147","Rua Projetada, 3147",2,abreviação expandida
endereco,logradouro,"R. Projetada, 315","Rua Projetada, 315",2,abreviação expandida
endereco,logradouro,"R. Projetada, 3166","Rua Projetada, 3166",2,abreviação expandida
endereco,logradouro,"R. Projetada, 3194","Rua Projetada, 3194",2,abreviação expandida
endereco,logradouro,"R. Projetada, 3230","Rua Projetada, 3230",2,abreviação expandida
endereco,logradouro,"R. Projetada, 3259","Rua Projetada, 3259",2,abreviação expandida
endereco,logradouro,"R. Projetada, 3279","Rua Projetada, 3279",2,abreviação expandida
endereco,logradouro,"R. Projetada, 3310","Rua Projetada, 3310",2,abreviação expandida
endereco,logradouro,"R. Projetada, 3317","Rua Projetada, 3317",2,abreviação expandida
endereco,logradouro,"R. Projetada, 3322","Rua Projetada, 3322",2,abreviação expandida
endereco,logradouro,"R. Brasil, 3361","Rua Brasil, 3361",2,abreviação expandida
endereco,logradouro,"R. Brasil, 3364","Rua Brasil, 3364",2,abreviação expandida
endereco,logradouro,"R. Brasil, 3366","Rua Brasil, 3366",2,abreviação expandida
endereco,logradouro,"R. Brasil, 337","Rua Brasil, 337",2,abreviação expandida
endereco,logradouro,"R. Brasil, 338","Rua Brasil, 338",2,abreviação expandida
endereco,logradouro,"R. Brasil, 3391","Rua Brasil, 3391",2,abreviação expandida
endereco,logradouro,"R. Projetada, 2948","Rua Projetada, 2948",2,abreviação expandida
endereco,logradouro,"R. Projetada, 2950","Rua Projetada, 2950",2,abreviação expandida
endereco,logradouro,"R. Projetada, 2951","Rua Projetada, 2951",2,abreviação expandida
endereco,logradouro,"R. Brasil, 3443","Rua Brasil, 3443",2,abreviação expandida
endereco,logradouro,"R. Brasil, 3453","Rua Brasil, 3453",2,abreviação expandida
endereco,logradouro,"R. Brasil, 3456","Rua Brasil, 3456",2,abreviação expandida
endereco,logradouro,"R. Projetada, 2983","Rua Projetada, 2983",2,abreviação expandida
endereco,logradouro,"R. Projetada, 2999","Rua Projetada, 2999",2,abreviação expandida
endereco,logradouro,"R. Projetada, 3001","Rua Projetada, 3001",2,abreviação expandida
endereco,logradouro,"R. Projetada, 3016","Rua Projetada, 3016",2,abreviação expandida
endereco,logradouro,"R. Projetada, 3023","Rua Projetada, 3023",2,abreviação expandida
endereco,logradouro,"R. Projetada, 305","Rua Projetada, 305",2,abreviação expandida
endereco,logradouro,"R. Projetada, 3057","Rua Projetada, 3057",2,abreviação expandida
endereco,logradouro,"R. Projetada, 3079","Rua Projetada, 3079",2,abreviação expandida
endereco,logradouro,"R. Projetada, 3090","Rua Projetada, 3090",2,abreviação expandida
endereco,logradouro,"R. Projetada, 3142","Rua Projetada, 3142",2,abreviação expandida
endereco,logradouro,"Rua XV de Novembro, 491","Rua Xv de Novembro, 491",2,caixa corrigida
endereco,logradouro,"Rua XV de Novembro, 4925","Rua Xv de Novembro, 4925",2,caixa corrigida
endereco,logradouro,"Rua XV de Novembro, 4930","Rua Xv de Novembro, 4930",2,caixa corrigida
endereco,logradouro,"Rua XV de Novembro, 4946","Rua Xv de Novembro, 4946",2,caixa corrigida
endereco,logradouro,"Rua XV de Novembro, 4948","Rua Xv de Novembro, 4948",2,caixa corrigida
endereco,logradouro,"Rua XV de Novembro, 4960","Rua Xv de Novembro, 4960",2,caixa corrigida
endereco,logradouro,"Rua XV de Novembro, 4972","Rua Xv de Novembro, 4972",2,caixa corrigida
endereco,logradouro,"Rua XV de Novembro, 4973","Rua Xv de Novembro, 4973",2,caixa corrigida
endereco,logradouro,"Rua XV de Novembro, 4976","Rua Xv de Novembro, 4976",2,caixa corrigida
endereco,logradouro,"Rua XV de Novembro, 4989","Rua Xv de Novembro, 4989",2,caixa corrigida
endereco,logradouro,"Rua XV de Novembro, 4992","Rua Xv de Novembro, 4992",2,caixa corrigida
endereco,logradouro,"R. Projetada, 2911","Rua Projetada, 2911",2,abreviação expandida
endereco,logradouro,"R. Projetada, 2914","Rua Projetada, 2914",2,abreviação expandida
endereco,logradouro,"R. Projetada, 2930","Rua Projetada, 2930",2,abreviação expandida
endereco,logradouro,"R. Projetada, 2931","Rua Projetada, 2931",2,abreviação expandida
endereco,logradouro,"R. Projetada, 2939","Rua Projetada, 2939",2,abreviação expandida
endereco,logradouro,"R. Projetada, 2698","Rua Projetada, 2698",2,abreviação expandida
endereco,logradouro,"R. Projetada, 270","Rua Projetada, 270",2,abreviação expandida
endereco,logradouro,"R. Projetada, 2701","Rua Projetada, 2701",2,abreviação expandida
endereco,logradouro,"R. Projetada, 2712","Rua Projetada, 2712",2,abreviação expandida
endereco,logradouro,"R. Projetada, 275","Rua Projetada, 275",2,abreviação expandida
endereco,logradouro,"R. Projetada, 2788","Rua Projetada, 2788",2,abreviação expandida
endereco,logradouro,"R. Projetada, 2802","Rua Projetada, 2802",2,abreviação expandida
endereco,logradouro,"R. Projetada, 281","Rua Projetada, 281",2,abreviação expandida
endereco,logradouro,"R. Brasil, 3487","Rua Brasil, 3487",2,abreviação expandida
endereco,logradouro,"R. Brasil, 3497","Rua Brasil, 3497",2,abreviação expandida
endereco,logradouro,"R. Projetada, 2832","Rua Projetada, 2832",2,abreviação expandida
endereco,logradouro,"R. Projetada, 285","Rua Projetada, 285",2,abreviação expandida
endereco,logradouro,"R. Projetada, 2856","Rua Projetada, 2856",2,abreviação expandida
endereco,logradouro,"R. Projetada, 2887","Rua Projetada, 2887",2,abreviação expandida
endereco,logradouro,"R. Projetada, 2889","Rua Projetada, 2889",2,abreviação expandida
endereco,logradouro,"Rua XV de Novembro, 4877","Rua Xv de Novembro, 4877",2,caixa corrigida
endereco,logradouro,"R. Projetada, 2549","Rua Projetada, 2549",2,abreviação expandida
endereco,logradouro,"R. Projetada, 256","Rua Projetada, 256",2,abreviação expandida
endereco,logradouro,"R. Projetada, 2577","Rua Projetada, 2577",2,abreviação expandida
endereco,logradouro,"R. Projetada, 2580","Rua Projetada, 2580",2,abreviação expandida
endereco,logradouro,"R. Projetada, 2636","Rua Projetada, 2636",2,abreviação expandida
endereco,logradouro,"R. Projetada, 2645","Rua Projetada, 2645",2,abreviação expandida
endereco,logradouro,"R. Projetada, 2663","Rua Projetada, 2663",2,abreviação expandida
endereco,logradouro,"R. Brasil, 3523","Rua Brasil, 3523",2,abreviação expandida
endereco,logradouro,"R. Brasil, 3526","Rua Brasil, 3526",2,abreviação expandida
endereco,logradouro,"R. Brasil, 3529","Rua Brasil, 3529",2,abreviação expandida
endereco,logradouro,"R. Brasil, 3537","Rua Brasil, 3537",2,abreviação expandida
endereco,logradouro,"R. Brasil, 3545","Rua Brasil, 3545",2,abreviação expandida
endereco,logradouro,"R. Projetada, 2671","Rua Projetada, 2671",2,abreviação expandida
endereco,logradouro,"R. Projetada, 2674","Rua Projetada, 2674",2,abreviação expandida
endereco,logradouro,"R. Projetada, 268","Rua Projetada, 268",2,abreviação expandida
endereco,logradouro,"R. Projetada, 2690","Rua Projetada, 2690",2,abreviação expandida
endereco,logradouro,"R. Brasil, 3614","Rua Brasil, 3614",2,abreviação expandida
endereco,logradouro,"R. Projetada, 2380","Rua Projetada, 2380",2,abreviação expandida
endereco,logradouro,"R. Projetada, 2388","Rua Projetada, 2388",2,abreviação expandida
endereco,logradouro,"R. Projetada, 2394","Rua Projetada, 2394",2,abreviação expandida
endereco,logradouro,"R. Projetada, 2402","Rua Projetada, 2402",2,abreviação expandida
endereco,logradouro,"R. Projetada, 2426","Rua Projetada, 2426",2,abreviação expandida
endereco,logradouro,"R. Projetada, 244","Rua Projetada, 244",2,abreviação expandida
endereco,logradouro,"R. Projetada, 2444","Rua Projetada, 2444",2,abreviação expandida
endereco,logradouro,"R. Projetada, 2451","Rua Projetada, 2451",2,abreviação expandida
endereco,logradouro,"R. Projetada, 2480","Rua Projetada, 2480",2,abreviação expandida
endereco,logradouro,"R. Projetada, 2494","Rua Projetada, 2494",2,abreviação expandida
endereco,logradouro,"R. Projetada, 2500","Rua Projetada, 2500",2,abreviação expandida
endereco,logradouro,"R. Projetada, 2513","Rua Projetada, 2513",2,abreviação expandida
endereco,logradouro,"R. Brasil, 3565","Rua Brasil, 3565",2,abreviação expandida
endereco,logradouro,"R. Projetada, 2525","Rua Projetada, 2525",2,abreviação expandida
endereco,logradouro,"R. Projetada, 2545","Rua Projetada, 2545",2,abreviação expandida
endereco,logradouro,"R. Projetada, 2151","Rua Projetada, 2151",2,abreviação expandida
endereco,logradouro,"R. Brasil, 3645","Rua Brasil, 3645",2,abreviação expandida
endereco,logradouro,"R. Brasil, 3661","Rua Brasil, 3661",2,abreviação expandida
endereco,logradouro,"R. Projetada, 2165","Rua Projetada, 2165",2,abreviação expandida
endereco,logradouro,"R. Projetada, 2166","Rua Projetada, 2166",2,abreviação expandida
endereco,logradouro,"R. Projetada, 2188","Rua Projetada, 2188",2,abreviação expandida
endereco,logradouro,"R. Projetada, 2194","Rua Projetada, 2194",2,abreviação expandida
endereco,logradouro,"R. Projetada, 2215","Rua Projetada, 2215",2,abreviação expandida
endereco,logradouro,"R. Projetada, 2231","Rua Projetada, 2231",2,abreviação expandida
endereco,logradouro,"R. Projetada, 2232","Rua Projetada, 2232",2,abreviação expandida
endereco,logradouro,"R. Projetada, 2239","Rua Projetada, 2239",2,abreviação expandida
endereco,logradouro,"R. Projetada, 2283","Rua Projetada, 2283",2,abreviação expandida
endereco,logradouro,"R. Projetada, 2285","Rua Projetada, 2285",2,abreviação expandida
endereco,logradouro,"R. Projetada, 2332","Rua Projetada, 2332",2,abreviação expandida
endereco,logradouro,"R. Brasil, 3579","Rua Brasil, 3579",2,abreviação expandida
endereco,logradouro,"R. Brasil, 3589","Rua Brasil, 3589",2,abreviação expandida
endereco,logradouro,"R. Projetada, 1818","Rua Projetada, 1818",2,abreviação expandida
endereco,logradouro,"R. Projetada, 183","Rua Projetada, 183",2,abreviação expandida
endereco,logradouro,"R. Projetada, 1843","Rua Projetada, 1843",2,abreviação expandida
endereco,logradouro,"R. Projetada, 1900","Rua Projetada, 1900",2,abreviação expandida
endereco,logradouro,"R. Brasil, 3686","Rua Brasil, 3686",2,abreviação expandida
endereco,logradouro,"R. Brasil, 3710","Rua Brasil, 3710",2,abreviação expandida
endereco,logradouro,"R. Brasil, 3711","Rua Brasil, 3711",2,abreviação expandida
endereco,logradouro,"R. Projetada, 191","Rua Projetada, 191",2,abreviação expandida
endereco,logradouro,"R. Projetada, 20","Rua Projetada, 20",2,abreviação expandida
endereco,logradouro,"R. Projetada, 2068","Rua Projetada, 2068",2,abreviação expandida
endereco,logradouro,"R. Projetada, 207","Rua Projetada, 207",2,abreviação expandida
endereco,logradouro,"R. Projetada, 2090","Rua Projetada, 2090",2,abreviação expandida
endereco,logradouro,"R. Projetada, 2093","Rua Projetada, 2093",2,abreviação expandida
endereco,logradouro,"R. Projetada, 2100","Rua Projetada, 2100",2,abreviação expandida
endereco,logradouro,"R. Projetada, 2120","Rua Projetada, 2120",2,abreviação expandida
endereco,logradouro,"R. Projetada, 2145","Rua Projetada, 2145",2,abreviação expandida
endereco,logradouro,"R. Projetada, 1672","Rua Projetada, 1672",2,abreviação expandida
endereco,logradouro,"R. Projetada, 1703","Rua Projetada, 1703",2,abreviação expandida
endereco,logradouro,"R. Projetada, 171","Rua Projetada, 171",2,abreviação expandida
endereco,logradouro,"R. Brasil, 3745","Rua Brasil, 3745",2,abreviação expandida
endereco,logradouro,"R. Brasil, 3746","Rua Brasil, 3746",2,abreviação expandida
endereco,logradouro,"R. Brasil, 3751","Rua Brasil, 3751",2,abreviação expandida
endereco,logradouro,"R. Brasil, 3764","Rua Brasil, 3764",2,abreviação expandida
endereco,logradouro,"R. Projetada, 1742","Rua Projetada, 1742",2,abreviação expandida
endereco,logradouro,"R. Projetada, 1753","Rua Projetada, 1753",2,abreviação expandida
endereco,logradouro,"R. Projetada, 177","Rua Projetada, 177",2,abreviação expandida
endereco,logradouro,"R. Projetada, 1774","Rua Projetada, 1774",2,abreviação expandida
endereco,logradouro,"R. Projetada, 1791","Rua Projetada, 1791",2,abreviação expandida
endereco,logradouro,"R. Projetada, 1793","Rua Projetada, 1793",2,abreviação expandida
endereco,logradouro,"R. Projetada, 1804","Rua Projetada, 1804",2,abreviação expandida
endereco,logradouro,"R. Projetada, 1814","Rua Projetada, 1814",2,abreviação expandida
endereco,logradouro,"R. Projetada, 1817","Rua Projetada, 1817",2,abreviação expandida
endereco,logradouro,"R. Projetada, 1400","Rua Projetada, 1400",2,abreviação expandida
endereco,logradouro,"R. Projetada, 1406","Rua Projetada, 1406",2,abreviação expandida
endereco,logradouro,"R. Projetada, 1445","Rua Projetada, 1445",2,abreviação expandida
endereco,logradouro,"R. Brasil, 3782","Rua Brasil, 3782",2,abreviação expandida
endereco,logradouro,"R. Brasil, 3788","Rua Brasil, 3788",2,abreviação expandida
endereco,logradouro,"R. Brasil, 3820","Rua Brasil, 3820",2,abreviação expandida
endereco,logradouro,"R. Projetada, 1481","Rua Projetada, 1481",2,abreviação expandida
endereco,logradouro,"R. Projetada, 1486","Rua Projetada, 1486",2,abreviação expandida
endereco,logradouro,"R. Projetada, 151","Rua Projetada, 151",2,abreviação expandida
endereco,logradouro,"R. Projetada, 1566","Rua Projetada, 1566",2,abreviação expandida
endereco,logradouro,"R. Projetada, 1582","Rua Projetada, 1582",2,abreviação expandida
endereco,logradouro,"R. Projetada, 1586","Rua Projetada, 1586",2,abreviação expandida
endereco,logradouro,"R. Projetada, 16","Rua Projetada, 16",2,abreviação expandida
endereco,logradouro,"R. Projetada, 1639","Rua Projetada, 1639",2,abreviação expandida
endereco,logradouro,"R. Projetada, 1663","Rua Projetada, 1663",2,abreviação expandida
endereco,logradouro,"R. Projetada, 1666","Rua Projetada, 1666",2,abreviação expandida
endereco,logradouro,"Rua XV de Novembro, 522","Rua Xv de Novembro, 522",2,caixa corrigida
endereco,logradouro,"Rua XV de Novembro, 524","Rua Xv de Novembro, 524",2,caixa corrigida
endereco,logradouro,"Rua XV de Novembro, 534","Rua Xv de Novembro, 534",2,caixa corrigida
endereco,logradouro,"Rua XV de Novembro, 57","Rua Xv de Novembro, 57",2,caixa corrigida
endereco,logradouro,"Rua XV de Novembro, 571","Rua Xv de Novembro, 571",2,caixa corrigida
endereco,logradouro,"Rua XV de Novembro, 599","Rua Xv de Novembro, 599",2,caixa corrigida
endereco,logradouro,"Rua XV de Novembro, 614","Rua Xv de Novembro, 614",2,caixa corrigida
endereco,logradouro,"Rua XV de Novembro, 624","Rua Xv de Novembro, 624",2,caixa corrigida
endereco,logradouro,"Rua XV de Novembro, 638","Rua Xv de Novembro, 638",2,caixa corrigida
endereco,logradouro,"Rua XV de Novembro, 647","Rua Xv de Novembro, 647",2,caixa corrigida
endereco,logradouro,"Rua XV de Novembro, 652","Rua Xv de Novembro, 652",2,caixa corrigida
endereco,logradouro,"Rua XV de Novembro, 657","Rua Xv de Novembro, 657",2,caixa corrigida
endereco,logradouro,"R. Projetada, 1316","Rua Projetada, 1316",2,abreviação expandida
endereco,logradouro,"R. Projetada, 1325","Rua Projetada, 1325",2,abreviação expandida
endereco,logradouro,"R. Projetada, 1353","Rua Projetada, 1353",2,abreviação expandida
endereco,logradouro,"R. Projetada, 1379","Rua Projetada, 1379",2,abreviação expandida
endereco,logradouro,"R. Projetada, 1113","Rua Projetada, 1113",2,abreviação expandida
endereco,logradouro,"R. Projetada, 1117","Rua Projetada, 1117",2,abreviação expandida
endereco,logradouro,"R. Projetada, 1126","Rua Projetada, 1126",2,abreviação expandida
endereco,logradouro,"R. Projetada, 1128","Rua Projetada, 1128",2,abreviação expandida
endereco,logradouro,"R. Projetada, 1147","Rua Projetada, 1147",2,abreviação expandida
endereco,logradouro,"R. Projetada, 1150","Rua Projetada, 1150",2,abreviação expandida
endereco,logradouro,"R. Brasil, 3822","Rua Brasil, 3822",2,abreviação expandida
endereco,logradouro,"R. Brasil, 3823","Rua Brasil, 3823",2,abreviação expandida
endereco,logradouro,"R. Brasil, 3836","Rua Brasil, 3836",2,abreviação expandida
endereco,logradouro,"R. Brasil, 386","Rua Brasil, 386",2,abreviação expandida
endereco,logradouro,"R. Brasil, 3861","Rua Brasil, 3861",2,abreviação expandida
endereco,logradouro,"R. Projetada, 1195","Rua Projetada, 1195",2,abreviação expandida
endereco,logradouro,"R. Projetada, 1212","Rua Projetada, 1212",2,abreviação expandida
endereco,logradouro,"R. Projetada, 1264","Rua Projetada, 1264",2,abreviação expandida
endereco,logradouro,"R. Projetada, 1303","Rua Projetada, 1303",2,abreviação expandida
endereco,logradouro,"Rua XV de Novembro, 514","Rua Xv de Novembro, 514",2,caixa corrigida
endereco,logradouro,"R. Brasil, 3937","Rua Brasil, 3937",2,abreviação expandida
endereco,logradouro,"R. Brasil, 3947","Rua Brasil, 3947",2,abreviação expandida
endereco,logradouro,"R. PROJETADA, 584","Rua Projetada, 584",2,caixa alta corrigida
endereco,logradouro,"R. PROJETADA, 733","Rua Projetada, 733",2,caixa alta corrigida
endereco,logradouro,"R. PROJETADA, 825","Rua Projetada, 825",2,caixa alta corrigida
endereco,logradouro,"R. PROJETADA, 842","Rua Projetada, 842",2,caixa alta corrigida
endereco,logradouro,"R. Projetada, 1051","Rua Projetada, 1051",2,abreviação expandida
endereco,logradouro,"R. Projetada, 1067","Rua Projetada, 1067",2,abreviação expandida
endereco,logradouro,"R. Brasil, 3871","Rua Brasil, 3871",2,abreviação expandida
endereco,logradouro,"R. Brasil, 3876","Rua Brasil, 3876",2,abreviação expandida
endereco,logradouro,"R. Brasil, 3880","Rua Brasil, 3880",2,abreviação expandida
endereco,logradouro,"R. Brasil, 39","Rua Brasil, 39",2,abreviação expandida
endereco,logradouro,"R. Brasil, 3907","Rua Brasil, 3907",2,abreviação expandida
endereco,logradouro,"R. Brasil, 3910","Rua Brasil, 3910",2,abreviação expandida
endereco,logradouro,"R. Projetada, 109","Rua Projetada, 109",2,abreviação expandida
endereco,logradouro,"R. Projetada, 1094","Rua Projetada, 1094",2,abreviação expandida
endereco,logradouro,"R. Brasil, 3964","Rua Brasil, 3964",2,abreviação expandida
endereco,logradouro,"R. Brasil, 3970","Rua Brasil, 3970",2,abreviação expandida
endereco,logradouro,"R. PROJETADA, 2357","Rua Projetada, 2357",2,caixa alta corrigida
endereco,logradouro,"R. PROJETADA, 2397","Rua Projetada, 2397",2,caixa alta corrigida
endereco,logradouro,"R. PROJETADA, 2453","Rua Projetada, 2453",2,caixa alta corrigida
endereco,logradouro,"R. PROJETADA, 2601","Rua Projetada, 2601",2,caixa alta corrigida
endereco,logradouro,"R. PROJETADA, 3406","Rua Projetada, 3406",2,caixa alta corrigida
endereco,logradouro,"R. PROJETADA, 3883","Rua Projetada, 3883",2,caixa alta corrigida
endereco,logradouro,"R. PROJETADA, 4266","Rua Projetada, 4266",2,caixa alta corrigida
endereco,logradouro,"R. PROJETADA, 435","Rua Projetada, 435",2,caixa alta corrigida
endereco,logradouro,"R. PROJETADA, 4380","Rua Projetada, 4380",2,caixa alta corrigida
endereco,logradouro,"R. PROJETADA, 4554","Rua Projetada, 4554",2,caixa alta corrigida
endereco,logradouro,"R. PROJETADA, 4625","Rua Projetada, 4625",2,caixa alta corrigida
endereco,logradouro,"R. PROJETADA, 4696","Rua Projetada, 4696",2,caixa alta corrigida
endereco,logradouro,"R. PROJETADA, 4795","Rua Projetada, 4795",2,caixa alta corrigida
endereco,logradouro,"R. Brasil, 3925","Rua Brasil, 3925",2,abreviação expandida
endereco,logradouro,"R. DAS FLORES, 2995","Rua das Flores, 2995",2,caixa alta corrigida
endereco,logradouro,"R. Brasil, 4004","Rua Brasil, 4004",2,abreviação expandida
endereco,logradouro,"R. DAS FLORES, 3265","Rua das Flores, 3265",2,caixa alta corrigida
endereco,logradouro,"R. DAS FLORES, 3377","Rua das Flores, 3377",2,caixa alta corrigida
endereco,logradouro,"R. DAS FLORES, 3812","Rua das Flores, 3812",2,caixa alta corrigida
endereco,logradouro,"R. DAS FLORES, 3997","Rua das Flores, 3997",2,caixa alta corrigida
endereco,logradouro,"R. DAS FLORES, 4769","Rua das Flores, 4769",2,caixa alta corrigida
endereco,logradouro,"R. DAS FLORES, 4865","Rua das Flores, 4865",2,caixa alta corrigida
endereco,logradouro,"R. DAS FLORES, 543","Rua das Flores, 543",2,caixa alta corrigida
endereco,logradouro,"R. DAS FLORES, 775","Rua das Flores, 775",2,caixa alta corrigida
endereco,logradouro,"R. PROJETADA, 1254","Rua Projetada, 1254",2,caixa alta corrigida
endereco,logradouro,"R. PROJETADA, 1306","Rua Projetada, 1306",2,caixa alta corrigida
endereco,logradouro,"R. PROJETADA, 1412","Rua Projetada, 1412",2,caixa alta corrigida
endereco,logradouro,"R. PROJETADA, 1472","Rua Projetada, 1472",2,caixa alta corrigida
endereco,logradouro,"R. PROJETADA, 1745","Rua Projetada, 1745",2,caixa alta corrigida
endereco,logradouro,"R. PROJETADA, 1775","Rua Projetada, 1775",2,caixa alta corrigida
endereco,logradouro,"R. Brasil, 920","Rua Brasil, 920",2,abreviação expandida
endereco,logradouro,"R. Brasil, 931","Rua Brasil, 931",2,abreviação expandida
endereco,logradouro,"R. Brasil, 938","Rua Brasil, 938",2,abreviação expandida
endereco,logradouro,"R. Brasil, 4034","Rua Brasil, 4034",2,abreviação expandida
endereco,logradouro,"R. Brasil, 405","Rua Brasil, 405",2,abreviação expandida
endereco,logradouro,"R. Brasil, 943","Rua Brasil, 943",2,abreviação expandida
endereco,logradouro,"R. Brasil, 956","Rua Brasil, 956",2,abreviação expandida
endereco,logradouro,"R. Brasil, 987","Rua Brasil, 987",2,abreviação expandida
endereco,logradouro,"R. DAS FLORES, 1346","Rua das Flores, 1346",2,caixa alta corrigida
endereco,logradouro,"R. DAS FLORES, 1903","Rua das Flores, 1903",2,caixa alta corrigida
endereco,logradouro,"R. DAS FLORES, 2040","Rua das Flores, 2040",2,caixa alta corrigida
endereco,logradouro,"R. DAS FLORES, 2472","Rua das Flores, 2472",2,caixa alta corrigida
endereco,logradouro,"R. DAS FLORES, 2572","Rua das Flores, 2572",2,caixa alta corrigida
endereco,logradouro,"R. DAS FLORES, 2613","Rua das Flores, 2613",2,caixa alta corrigida
endereco,logradouro,"R. DAS FLORES, 2731","Rua das Flores, 2731",2,caixa alta corrigida
endereco,logradouro,"R. DAS FLORES, 2869","Rua das Flores, 2869",2,caixa alta corrigida
endereco,logradouro,"R. Brasil, 69","Rua Brasil, 69",2,abreviação expandida
endereco,logradouro,"R. Brasil, 705","Rua Brasil, 705",2,abreviação expandida
endereco,logradouro,"R. Brasil, 707","Rua Brasil, 707",2,abreviação expandida
endereco,logradouro,"R. Brasil, 726","Rua Brasil, 726",2,abreviação expandida
endereco,logradouro,"R. Brasil, 4092","Rua Brasil, 4092",2,abreviação expandida
endereco,logradouro,"R. Brasil, 4094","Rua Brasil, 4094",2,abreviação expandida
endereco,logradouro,"R. Brasil, 733","Rua Brasil, 733",2,abreviação expandida
endereco,logradouro,"R. Brasil, 779","Rua Brasil, 779",2,abreviação expandida
endereco,logradouro,"R. Brasil, 809","Rua Brasil, 809",2,abreviação expandida
endereco,logradouro,"R. Brasil, 81","Rua Brasil, 81",2,abreviação expandida
endereco,logradouro,"R. Brasil, 819","Rua Brasil, 819",2,abreviação expandida
endereco,logradouro,"R. Brasil, 851","Rua Brasil, 851",2,abreviação expandida
endereco,logradouro,"R. Brasil, 860","Rua Brasil, 860",2,abreviação expandida
endereco,logradouro,"R. Brasil, 861","Rua Brasil, 861",2,abreviação expandida
endereco,logradouro,"R. Brasil, 886","Rua Brasil, 886",2,abreviação expandida
endereco,logradouro,"R. Brasil, 895","Rua Brasil, 895",2,abreviação expandida
endereco,logradouro,"R. Brasil, 4871","Rua Brasil, 4871",2,abreviação expandida
endereco,logradouro,"R. Brasil, 4873","Rua Brasil, 4873",2,abreviação expandida
endereco,logradouro,"R. Brasil, 4905","Rua Brasil, 4905",2,abreviação expandida
endereco,logradouro,"R. Brasil, 4937","Rua Brasil, 4937",2,abreviação expandida
endereco,logradouro,"R. Brasil, 4134","Rua Brasil, 4134",2,abreviação expandida
endereco,logradouro,"R. Brasil, 4147","Rua Brasil, 4147",2,abreviação expandida
endereco,logradouro,"R. Brasil, 4151","Rua Brasil, 4151",2,abreviação expandida
endereco,logradouro,"R. Brasil, 4962","Rua Brasil, 4962",2,abreviação expandida
endereco,logradouro,"R. Brasil, 4970","Rua Brasil, 4970",2,abreviação expandida
endereco,logradouro,"R. Brasil, 4990","Rua Brasil, 4990",2,abreviação expandida
endereco,logradouro,"R. Brasil, 4993","Rua Brasil, 4993",2,abreviação expandida
endereco,logradouro,"R. Brasil, 514","Rua Brasil, 514",2,abreviação expandida
endereco,logradouro,"R. Brasil, 555","Rua Brasil, 555",2,abreviação expandida
endereco,logradouro,"R. Brasil, 599","Rua Brasil, 599",2,abreviação expandida
endereco,logradouro,"R. Brasil, 636","Rua Brasil, 636",2,abreviação expandida
endereco,logradouro,"R. Brasil, 672","Rua Brasil, 672",2,abreviação expandida
endereco,logradouro,"R. Brasil, 475","Rua Brasil, 475",2,abreviação expandida
endereco,logradouro,"R. Brasil, 476","Rua Brasil, 476",2,abreviação expandida
endereco,logradouro,"R. Brasil, 4769","Rua Brasil, 4769",2,abreviação expandida
endereco,logradouro,"R. Brasil, 4770","Rua Brasil, 4770",2,abreviação expandida
endereco,logradouro,"R. Brasil, 4783","Rua Brasil, 4783",2,abreviação expandida
endereco,logradouro,"R. Brasil, 4784","Rua Brasil, 4784",2,abreviação expandida
endereco,logradouro,"R. Brasil, 4188","Rua Brasil, 4188",2,abreviação expandida
endereco,logradouro,"R. Brasil, 4195","Rua Brasil, 4195",2,abreviação expandida
endereco,logradouro,"R. Brasil, 4826","Rua Brasil, 4826",2,abreviação expandida
endereco,logradouro,"R. Brasil, 4833","Rua Brasil, 4833",2,abreviação expandida
endereco,logradouro,"R. Brasil, 4835","Rua Brasil, 4835",2,abreviação expandida
endereco,logradouro,"R. Brasil, 4838","Rua Brasil, 4838",2,abreviação expandida
endereco,logradouro,"R. Brasil, 4841","Rua Brasil, 4841",2,abreviação expandida
endereco,logradouro,"R. Brasil, 486","Rua Brasil, 486",2,abreviação expandida
endereco,logradouro,"R. Brasil, 4866","Rua Brasil, 4866",2,abreviação expandida
endereco,logradouro,"R. Brasil, 4869","Rua Brasil, 4869",2,abreviação expandida
endereco,logradouro,"Rua XV de Novembro, 685","Rua Xv de Novembro, 685",2,caixa corrigida
endereco,logradouro,"Rua XV de Novembro, 690","Rua Xv de Novembro, 690",2,caixa corrigida
endereco,logradouro,"Rua XV de Novembro, 695","Rua Xv de Novembro, 695",2,caixa corrigida
endereco,logradouro,"Rua XV de Novembro, 724","Rua Xv de Novembro, 724",2,caixa corrigida
endereco,logradouro,"Rua XV de Novembro, 747","Rua Xv de Novembro, 747",2,caixa corrigida
endereco,logradouro,"Rua XV de Novembro, 766","Rua Xv de Novembro, 766",2,caixa corrigida
endereco,logradouro,"Rua XV de Novembro, 777","Rua Xv de Novembro, 777",2,caixa corrigida
endereco,logradouro,"Rua XV de Novembro, 789","Rua Xv de Novembro, 789",2,caixa corrigida
endereco,logradouro,"Rua XV de Novembro, 791","Rua Xv de Novembro, 791",2,caixa corrigida
endereco,logradouro,"Rua XV de Novembro, 792","Rua Xv de Novembro, 792",2,caixa corrigida
endereco,logradouro,"Rua XV de Novembro, 800","Rua Xv de Novembro, 800",2,caixa corrigida
endereco,logradouro,"Rua XV de Novembro, 803","Rua Xv de Novembro, 803",2,caixa corrigida
endereco,logradouro,"Rua XV de Novembro, 810","Rua Xv de Novembro, 810",2,caixa corrigida
endereco,logradouro,"R. Brasil, 4697","Rua Brasil, 4697",2,abreviação expandida
endereco,logradouro,"R. Brasil, 4701","Rua Brasil, 4701",2,abreviação expandida
endereco,logradouro,"R. Brasil, 4714","Rua Brasil, 4714",2,abreviação expandida
endereco,logradouro,"R. Brasil, 4462","Rua Brasil, 4462",2,abreviação expandida
endereco,logradouro,"R. Brasil, 4470","Rua Brasil, 4470",2,abreviação expandida
endereco,logradouro,"R. Brasil, 4488","Rua Brasil, 4488",2,abreviação expandida
endereco,logradouro,"R. Brasil, 4490","Rua Brasil, 4490",2,abreviação expandida
endereco,logradouro,"R. Brasil, 4493","Rua Brasil, 4493",2,abreviação expandida
endereco,logradouro,"R. Brasil, 456","Rua Brasil, 456",2,abreviação expandida
endereco,logradouro,"R. Brasil, 4560","Rua Brasil, 4560",2,abreviação expandida
endereco,logradouro,"R. Brasil, 4599","Rua Brasil, 4599",2,abreviação expandida
endereco,logradouro,"R. Brasil, 4629","Rua Brasil, 4629",2,abreviação expandida
endereco,logradouro,"R. Brasil, 4206","Rua Brasil, 4206",2,abreviação expandida
endereco,logradouro,"R. Brasil, 4212","Rua Brasil, 4212",2,abreviação expandida
endereco,logradouro,"R. Brasil, 4230","Rua Brasil, 4230",2,abreviação expandida
endereco,logradouro,"R. Brasil, 4682","Rua Brasil, 4682",2,abreviação expandida
endereco,logradouro,"R. Brasil, 4686","Rua Brasil, 4686",2,abreviação expandida
endereco,logradouro,"R. Brasil, 4696","Rua Brasil, 4696",2,abreviação expandida
endereco,logradouro,"Rua XV de Novembro, 681","Rua Xv de Novembro, 681",2,caixa corrigida
endereco,logradouro,"Rua XV de Novembro, 2880","Rua Xv de Novembro, 2880",2,caixa corrigida
endereco,logradouro,"Rua XV de Novembro, 966","Rua Xv de Novembro, 966",2,caixa corrigida
endereco,logradouro,"Rua XV de Novembro, 972","Rua Xv de Novembro, 972",2,caixa corrigida
endereco,logradouro,"Rua XV de Novembro, 840","Rua Xv de Novembro, 840",2,caixa corrigida
endereco,logradouro,"Rua XV de Novembro, 847","Rua Xv de Novembro, 847",2,caixa corrigida
endereco,logradouro,"Rua XV de Novembro, 848","Rua Xv de Novembro, 848",2,caixa corrigida
endereco,logradouro,"Rua XV de Novembro, 854","Rua Xv de Novembro, 854",2,caixa corrigida
endereco,logradouro,"Rua XV de Novembro, 869","Rua Xv de Novembro, 869",2,caixa corrigida
endereco,logradouro,"Rua XV de Novembro, 880","Rua Xv de Novembro, 880",2,caixa corrigida
endereco,logradouro,"Rua XV de Novembro, 883","Rua Xv de Novembro, 883",2,caixa corrigida
endereco,logradouro,"Rua XV de Novembro, 884","Rua Xv de Novembro, 884",2,caixa corrigida
endereco,logradouro,"Rua XV de Novembro, 886","Rua Xv de Novembro, 886",2,caixa corrigida
endereco,logradouro,"Rua XV de Novembro, 912","Rua Xv de Novembro, 912",2,caixa corrigida
endereco,logradouro,"Rua XV de Novembro, 918","Rua Xv de Novembro, 918",2,caixa corrigida
endereco,logradouro,"Rua XV de Novembro, 920","Rua Xv de Novembro, 920",2,caixa corrigida
endereco,logradouro,"Rua XV de Novembro, 924","Rua Xv de Novembro, 924",2,caixa corrigida
endereco,logradouro,"Rua XV de Novembro, 2936","Rua Xv de Novembro, 2936",2,caixa corrigida
endereco,logradouro,"Rua XV de Novembro, 2938","Rua Xv de Novembro, 2938",2,caixa corrigida
endereco,logradouro,"Rua XV de Novembro, 2939","Rua Xv de Novembro, 2939",2,caixa corrigida
endereco,logradouro,"Rua XV de Novembro, 2945","Rua Xv de Novembro, 2945",2,caixa corrigida
endereco,logradouro,"Rua XV de Novembro, 2995","Rua Xv de Novembro, 2995",2,caixa corrigida
endereco,logradouro,"Rua XV de Novembro, 2997","Rua Xv de Novembro, 2997",2,caixa corrigida
endereco,logradouro,"Rua XV de Novembro, 3005","Rua Xv de Novembro, 3005",2,caixa corrigida
endereco,logradouro,"R. BRASIL, 2226","Rua Brasil, 2226",2,caixa alta corrigida
endereco,logradouro,"Rua XV de Novembro, 304","Rua Xv de Novembro, 304",2,caixa corrigida
endereco,logradouro,"Rua XV de Novembro, 3079","Rua Xv de Novembro, 3079",2,caixa corrigida
endereco,logradouro,"Rua XV de Novembro, 2793","Rua Xv de Novembro, 2793",2,caixa corrigida
endereco,logradouro,"Rua XV de Novembro, 2795","Rua Xv de Novembro, 2795",2,caixa corrigida
endereco,logradouro,"Rua XV de Novembro, 2798","Rua Xv de Novembro, 2798",2,caixa corrigida
endereco,logradouro,"Rua XV de Novembro, 282","Rua Xv de Novembro, 282",2,caixa corrigida
endereco,logradouro,"Rua XV de Novembro, 2824","Rua Xv de Novembro, 2824",2,caixa corrigida
endereco,logradouro,"Rua XV de Novembro, 2877","Rua Xv de Novembro, 2877",2,caixa corrigida
endereco,cidade,Sao Bernardo do Campo,São Bernardo do Campo,1,acento restaurado
endereco,logradouro,"R. Brasil, 4286","Rua Brasil, 4286",1,abreviação expandida
endereco,logradouro,"R. Brasil, 429","Rua Brasil, 429",1,abreviação expandida
endereco,nome_local,Sede NutriCasa Group Sabores,Sede Nutricasa Group Sabores,1,caixa corrigida
endereco,nome_local,Sede NutriCasa Brasil,Sede Nutricasa Brasil,1,caixa corrigida
endereco,nome_local,Sede NaturaDerm Labs,Sede Naturaderm Labs,1,caixa corrigida
endereco,nome_local,Sede NaturaDerm Group Labs,Sede Naturaderm Group Labs,1,caixa corrigida
endereco,nome_local,Sede NaturaDerm Group Care,Sede Naturaderm Group Care,1,caixa corrigida
endereco,nome_local,Sede NaturaDerm Derm,Sede Naturaderm Derm,1,caixa corrigida
endereco,nome_local,Sede MundoVet Solutions,Sede Mundovet Solutions,1,caixa corrigida
endereco,nome_local,Sede MundoVet Life,Sede Mundovet Life,1,caixa corrigida
endereco,nome_local,Sede MaxFit Performance,Sede Maxfit Performance,1,caixa corrigida
endereco,nome_local,Sede LumiDerma Group Health,Sede Lumiderma Group Health,1,caixa corrigida
endereco,nome_local,Sede LumiDerma Group Cosmetics,Sede Lumiderma Group Cosmetics,1,caixa corrigida
endereco,nome_local,Sede LumiDerma Derm,Sede Lumiderma Derm,1,caixa corrigida
endereco,nome_local,Sede LumiDerma Cosmetics,Sede Lumiderma Cosmetics,1,caixa corrigida
endereco,nome_local,Sede GranMio Produtos,Sede Granmio Produtos,1,caixa corrigida
endereco,nome_local,Sede GranMio Foods,Sede Granmio Foods,1,caixa corrigida
endereco,logradouro,AV. BRASIL 2652,Avenida Brasil 2652,1,caixa alta corrigida
endereco,logradouro,"R. Brasil, 4388","Rua Brasil, 4388",1,abreviação expandida
endereco,logradouro,"R. Brasil, 4386","Rua Brasil, 4386",1,abreviação expandida
endereco,logradouro,"R. Brasil, 4385","Rua Brasil, 4385",1,abreviação expandida
endereco,logradouro,"R. Brasil, 4380","Rua Brasil, 4380",1,abreviação expandida
endereco,logradouro,"R. Brasil, 438","Rua Brasil, 438",1,abreviação expandida
endereco,logradouro,"R. Brasil, 4378","Rua Brasil, 4378",1,abreviação expandida
endereco,logradouro,"R. Brasil, 4373","Rua Brasil, 4373",1,abreviação expandida
endereco,logradouro,"R. Brasil, 4371","Rua Brasil, 4371",1,abreviação expandida
endereco,logradouro,"R. Brasil, 437","Rua Brasil, 437",1,abreviação expandida
endereco,logradouro,"R. Brasil, 436","Rua Brasil, 436",1,abreviação expandida
endereco,logradouro,"R. Brasil, 4356","Rua Brasil, 4356",1,abreviação expandida
endereco,logradouro,"R. Brasil, 4354","Rua Brasil, 4354",1,abreviação expandida
endereco,logradouro,"R. Brasil, 4349","Rua Brasil, 4349",1,abreviação expandida
endereco,logradouro,"R. Brasil, 4348","Rua Brasil, 4348",1,abreviação expandida
endereco,logradouro,"R. Brasil, 4343","Rua Brasil, 4343",1,abreviação expandida
endereco,logradouro,"R. Brasil, 4342","Rua Brasil, 4342",1,abreviação expandida
endereco,logradouro,"R. Brasil, 4273","Rua Brasil, 4273",1,abreviação expandida
endereco,logradouro,"R. Brasil, 4271","Rua Brasil, 4271",1,abreviação expandida
endereco,logradouro,"R. Brasil, 4269","Rua Brasil, 4269",1,abreviação expandida
endereco,logradouro,"R. Brasil, 4262","Rua Brasil, 4262",1,abreviação expandida
endereco,logradouro,"R. Brasil, 4260","Rua Brasil, 4260",1,abreviação expandida
endereco,logradouro,"R. Brasil, 426","Rua Brasil, 426",1,abreviação expandida
endereco,logradouro,"R. Brasil, 4259","Rua Brasil, 4259",1,abreviação expandida
endereco,logradouro,"R. Brasil, 4257","Rua Brasil, 4257",1,abreviação expandida
endereco,logradouro,"R. Brasil, 4255","Rua Brasil, 4255",1,abreviação expandida
endereco,logradouro,"R. Brasil, 4252","Rua Brasil, 4252",1,abreviação expandida
endereco,logradouro,"R. Brasil, 4249","Rua Brasil, 4249",1,abreviação expandida
endereco,logradouro,"R. Brasil, 4407","Rua Brasil, 4407",1,abreviação expandida
endereco,logradouro,"R. Brasil, 4405","Rua Brasil, 4405",1,abreviação expandida
endereco,logradouro,"R. Brasil, 4404","Rua Brasil, 4404",1,abreviação expandida
endereco,logradouro,"R. Brasil, 4397","Rua Brasil, 4397",1,abreviação expandida
endereco,logradouro,"R. Brasil, 4390","Rua Brasil, 4390",1,abreviação expandida
endereco,logradouro,"R. Brasil, 4455","Rua Brasil, 4455",1,abreviação expandida
endereco,logradouro,"R. Brasil, 4452","Rua Brasil, 4452",1,abreviação expandida
endereco,logradouro,"R. Brasil, 4443","Rua Brasil, 4443",1,abreviação expandida
endereco,logradouro,"R. Brasil, 4439","Rua Brasil, 4439",1,abreviação expandida
endereco,logradouro,"R. Brasil, 4427","Rua Brasil, 4427",1,abreviação expandida
endereco,logradouro,"R. Brasil, 4420","Rua Brasil, 4420",1,abreviação expandida
endereco,logradouro,"R. Brasil, 442","Rua Brasil, 442",1,abreviação expandida
endereco,logradouro,"R. Brasil, 4419","Rua Brasil, 4419",1,abreviação expandida
endereco,logradouro,"R. Brasil, 4418","Rua Brasil, 4418",1,abreviação expandida
endereco,logradouro,"R. Brasil, 4416","Rua Brasil, 4416",1,abreviação expandida
endereco,logradouro,"R. Brasil, 4415","Rua Brasil, 4415",1,abreviação expandida
endereco,logradouro,"R. Brasil, 4411","Rua Brasil, 4411",1,abreviação expandida
endereco,logradouro,"R. Brasil, 441","Rua Brasil, 441",1,abreviação expandida
endereco,logradouro,"R. Brasil, 4285","Rua Brasil, 4285",1,abreviação expandida
endereco,logradouro,"R. Brasil, 4282","Rua Brasil, 4282",1,abreviação expandida
endereco,logradouro,"R. Brasil, 4280","Rua Brasil, 4280",1,abreviação expandida
endereco,logradouro,"R. Brasil, 4506","Rua Brasil, 4506",1,abreviação expandida
endereco,logradouro,"R. Brasil, 4505","Rua Brasil, 4505",1,abreviação expandida
endereco,logradouro,"R. Brasil, 4504","Rua Brasil, 4504",1,abreviação expandida
endereco,logradouro,"R. Brasil, 450","Rua Brasil, 450",1,abreviação expandida
endereco,logradouro,"R. Brasil, 4499","Rua Brasil, 4499",1,abreviação expandida
endereco,logradouro,"R. Brasil, 4497","Rua Brasil, 4497",1,abreviação expandida
endereco,logradouro,"R. Brasil, 4494","Rua Brasil, 4494",1,abreviação expandida
endereco,logradouro,"R. Brasil, 4491","Rua Brasil, 4491",1,abreviação expandida
endereco,logradouro,"R. Brasil, 4487","Rua Brasil, 4487",1,abreviação expandida
endereco,logradouro,"R. Brasil, 4483","Rua Brasil, 4483",1,abreviação expandida
endereco,logradouro,"R. Brasil, 4482","Rua Brasil, 4482",1,abreviação expandida
endereco,logradouro,"R. Brasil, 4472","Rua Brasil, 4472",1,abreviação expandida
endereco,logradouro,"R. Brasil, 447","Rua Brasil, 447",1,abreviação expandida
endereco,logradouro,"R. Brasil, 4467","Rua Brasil, 4467",1,abreviação expandida
endereco,logradouro,"R. Brasil, 4460","Rua Brasil, 4460",1,abreviação expandida
endereco,logradouro,"R. Brasil, 4457","Rua Brasil, 4457",1,abreviação expandida
endereco,logradouro,"R. Brasil, 4553","Rua Brasil, 4553",1,abreviação expandida
endereco,logradouro,"R. Brasil, 4547","Rua Brasil, 4547",1,abreviação expandida
endereco,logradouro,"R. Brasil, 4546","Rua Brasil, 4546",1,abreviação expandida
endereco,logradouro,"R. Brasil, 4544","Rua Brasil, 4544",1,abreviação expandida
endereco,logradouro,"R. Brasil, 4543","Rua Brasil, 4543",1,abreviação expandida
endereco,logradouro,"R. Brasil, 4539","Rua Brasil, 4539",1,abreviação expandida
endereco,logradouro,"R. Brasil, 4538","Rua Brasil, 4538",1,abreviação expandida
endereco,logradouro,"R. Brasil, 4533","Rua Brasil, 4533",1,abreviação expandida
endereco,logradouro,"R. Brasil, 4528","Rua Brasil, 4528",1,abreviação expandida
endereco,logradouro,"R. Brasil, 4522","Rua Brasil, 4522",1,abreviação expandida
endereco,logradouro,"R. Brasil, 4521","Rua Brasil, 4521",1,abreviação expandida
endereco,logradouro,"R. Brasil, 4518","Rua Brasil, 4518",1,abreviação expandida
endereco,logradouro,"R. Brasil, 4514","Rua Brasil, 4514",1,abreviação expandida
endereco,logradouro,"R. Brasil, 4511","Rua Brasil, 4511",1,abreviação expandida
endereco,logradouro,"R. Brasil, 451","Rua Brasil, 451",1,abreviação expandida
endereco,logradouro,"R. Brasil, 4509","Rua Brasil, 4509",1,abreviação expandida
endereco,logradouro,"R. Brasil, 461","Rua Brasil, 461",1,abreviação expandida
endereco,logradouro,"R. Brasil, 4608","Rua Brasil, 4608",1,abreviação expandida
endereco,logradouro,"R. Brasil, 4601","Rua Brasil, 4601",1,abreviação expandida
endereco,logradouro,"R. Brasil, 4600","Rua Brasil, 4600",1,abreviação expandida
endereco,logradouro,"R. Brasil, 4597","Rua Brasil, 4597",1,abreviação expandida
endereco,logradouro,"R. Brasil, 4596","Rua Brasil, 4596",1,abreviação expandida
endereco,logradouro,"R. Brasil, 4592","Rua Brasil, 4592",1,abreviação expandida
endereco,logradouro,"R. Brasil, 4588","Rua Brasil, 4588",1,abreviação expandida
endereco,logradouro,"R. Brasil, 4587","Rua Brasil, 4587",1,abreviação expandida
endereco,logradouro,"R. Brasil, 4581","Rua Brasil, 4581",1,abreviação expandida
endereco,logradouro,"R. Brasil, 4580","Rua Brasil, 4580",1,abreviação expandida
endereco,logradouro,"R. Brasil, 4572","Rua Brasil, 4572",1,abreviação expandida
endereco,logradouro,"R. Brasil, 4562","Rua Brasil, 4562",1,abreviação expandida
endereco,logradouro,"R. Brasil, 4559","Rua Brasil, 4559",1,abreviação expandida
endereco,logradouro,"R. Brasil, 4557","Rua Brasil, 4557",1,abreviação expandida
endereco,logradouro,"R. Brasil, 4556","Rua Brasil, 4556",1,abreviação expandida
endereco,logradouro,"R. Brasil, 4236","Rua Brasil, 4236",1,abreviação expandida
endereco,logradouro,"R. Brasil, 4235","Rua Brasil, 4235",1,abreviação expandida
endereco,logradouro,"R. Brasil, 4234","Rua Brasil, 4234",1,abreviação expandida
endereco,logradouro,"R. Brasil, 4233","Rua Brasil, 4233",1,abreviação expandida
endereco,logradouro,"R. Brasil, 4222","Rua Brasil, 4222",1,abreviação expandida
endereco,logradouro,"R. Brasil, 4221","Rua Brasil, 4221",1,abreviação expandida
endereco,logradouro,"R. Brasil, 4220","Rua Brasil, 4220",1,abreviação expandida
endereco,logradouro,"R. Brasil, 4217","Rua Brasil, 4217",1,abreviação expandida
endereco,logradouro,"R. Brasil, 4214","Rua Brasil, 4214",1,abreviação expandida
endereco,logradouro,"R. Brasil, 4210","Rua Brasil, 4210",1,abreviação expandida
endereco,logradouro,"R. Brasil, 4198","Rua Brasil, 4198",1,abreviação expandida
endereco,logradouro,"R. Brasil, 4633","Rua Brasil, 4633",1,abreviação expandida
endereco,logradouro,"R. Brasil, 4631","Rua Brasil, 4631",1,abreviação expandida
endereco,logradouro,"R. Brasil, 4625","Rua Brasil, 4625",1,abreviação expandida
endereco,logradouro,"R. Brasil, 4616","Rua Brasil, 4616",1,abreviação expandida
endereco,logradouro,"R. Brasil, 4610","Rua Brasil, 4610",1,abreviação expandida
endereco,logradouro,"R. Brasil, 4673","Rua Brasil, 4673",1,abreviação expandida
endereco,logradouro,"R. Brasil, 4665","Rua Brasil, 4665",1,abreviação expandida
endereco,logradouro,"R. Brasil, 4664","Rua Brasil, 4664",1,abreviação expandida
endereco,logradouro,"R. Brasil, 4660","Rua Brasil, 4660",1,abreviação expandida
endereco,logradouro,"R. Brasil, 4659","Rua Brasil, 4659",1,abreviação expandida
endereco,logradouro,"R. Brasil, 4657","Rua Brasil, 4657",1,abreviação expandida
endereco,logradouro,"R. Brasil, 4651","Rua Brasil, 4651",1,abreviação expandida
endereco,logradouro,"R. Brasil, 4650","Rua Brasil, 4650",1,abreviação expandida
endereco,logradouro,"R. Brasil, 4646","Rua Brasil, 4646",1,abreviação expandida
endereco,logradouro,"R. Brasil, 4644","Rua Brasil, 4644",1,abreviação expandida
endereco,logradouro,"R. Brasil, 4640","Rua Brasil, 4640",1,abreviação expandida
endereco,logradouro,"R. Brasil, 4639","Rua Brasil, 4639",1,abreviação expandida
endereco,logradouro,"R. Brasil, 4637","Rua Brasil, 4637",1,abreviação expandida
endereco,logradouro,"R. Brasil, 4635","Rua Brasil, 4635",1,abreviação expandida
endereco,logradouro,"R. Brasil, 4247","Rua Brasil, 4247",1,abreviação expandida
endereco,logradouro,"R. Brasil, 4243","Rua Brasil, 4243",1,abreviação expandida
endereco,logradouro,"R. Brasil, 4716","Rua Brasil, 4716",1,abreviação expandida
endereco,logradouro,"R. Brasil, 4715","Rua Brasil, 4715",1,abreviação expandida
endereco,logradouro,"R. Brasil, 4710","Rua Brasil, 4710",1,abreviação expandida
endereco,logradouro,"R. Brasil, 471","Rua Brasil, 471",1,abreviação expandida
endereco,logradouro,"R. Brasil, 4707","Rua Brasil, 4707",1,abreviação expandida
endereco,logradouro,"R. Brasil, 4706","Rua Brasil, 4706",1,abreviação expandida
endereco,logradouro,"R. Brasil, 4704","Rua Brasil, 4704",1,abreviação expandida
endereco,logradouro,"R. Brasil, 4699","Rua Brasil, 4699",1,abreviação expandida
endereco,logradouro,"R. Brasil, 4694","Rua Brasil, 4694",1,abreviação expandida
endereco,logradouro,"R. Brasil, 4691","Rua Brasil, 4691",1,abreviação expandida
endereco,logradouro,"R. Brasil, 4689","Rua Brasil, 4689",1,abreviação expandida
endereco,logradouro,"R. Brasil, 4688","Rua Brasil, 4688",1,abreviação expandida
endereco,logradouro,"R. Brasil, 4680","Rua Brasil, 4680",1,abreviação expandida
endereco,logradouro,"R. Brasil, 468","Rua Brasil, 468",1,abreviação expandida
endereco,logradouro,"R. Brasil, 4679","Rua Brasil, 4679",1,abreviação expandida
endereco,logradouro,"R. Brasil, 4675","Rua Brasil, 4675",1,abreviação expandida
endereco,logradouro,"R. Brasil, 4768","Rua Brasil, 4768",1,abreviação expandida
endereco,logradouro,"R. Brasil, 4761","Rua Brasil, 4761",1,abreviação expandida
endereco,logradouro,"R. Brasil, 4760","Rua Brasil, 4760",1,abreviação expandida
endereco,logradouro,"R. Brasil, 4759","Rua Brasil, 4759",1,abreviação expandida
endereco,logradouro,"R. Brasil, 4758","Rua Brasil, 4758",1,abreviação expandida
endereco,logradouro,"R. Brasil, 4755","Rua Brasil, 4755",1,abreviação expandida
endereco,logradouro,"R. Brasil, 4752","Rua Brasil, 4752",1,abreviação expandida
endereco,logradouro,"R. Brasil, 4749","Rua Brasil, 4749",1,abreviação expandida
endereco,logradouro,"R. Brasil, 4747","Rua Brasil, 4747",1,abreviação expandida
endereco,logradouro,"R. Brasil, 4735","Rua Brasil, 4735",1,abreviação expandida
endereco,logradouro,"R. Brasil, 4733","Rua Brasil, 4733",1,abreviação expandida
endereco,logradouro,"R. Brasil, 4729","Rua Brasil, 4729",1,abreviação expandida
endereco,logradouro,"R. Brasil, 4726","Rua Brasil, 4726",1,abreviação expandida
endereco,logradouro,"R. Brasil, 4725","Rua Brasil, 4725",1,abreviação expandida
endereco,logradouro,"R. Brasil, 4723","Rua Brasil, 4723",1,abreviação expandida
endereco,logradouro,"R. Brasil, 4720","Rua Brasil, 4720",1,abreviação expandida
endereco,logradouro,"R. Brasil, 4189","Rua Brasil, 4189",1,abreviação expandida
endereco,logradouro,"R. Brasil, 4186","Rua Brasil, 4186",1,abreviação expandida
endereco,logradouro,"R. Brasil, 4181","Rua Brasil, 4181",1,abreviação expandida
endereco,logradouro,"R. Brasil, 4178","Rua Brasil, 4178",1,abreviação expandida
endereco,logradouro,"R. Brasil, 4175","Rua Brasil, 4175",1,abreviação expandida
endereco,logradouro,"R. Brasil, 4173","Rua Brasil, 4173",1,abreviação expandida
endereco,logradouro,"R. Brasil, 4166","Rua Brasil, 4166",1,abreviação expandida
endereco,logradouro,"R. Brasil, 4161","Rua Brasil, 4161",1,abreviação expandida
endereco,logradouro,"R. Brasil, 416","Rua Brasil, 416",1,abreviação expandida
endereco,logradouro,"R. Brasil, 4158","Rua Brasil, 4158",1,abreviação expandida
endereco,logradouro,"R. Brasil, 4156","Rua Brasil, 4156",1,abreviação expandida
endereco,logradouro,"R. Brasil, 4153","Rua Brasil, 4153",1,abreviação expandida
endereco,logradouro,"R. Brasil, 4788","Rua Brasil, 4788",1,abreviação expandida
endereco,logradouro,"R. Brasil, 4785","Rua Brasil, 4785",1,abreviação expandida
endereco,logradouro,"R. Brasil, 4782","Rua Brasil, 4782",1,abreviação expandida
endereco,logradouro,"R. Brasil, 478","Rua Brasil, 478",1,abreviação expandida
endereco,logradouro,"R. Brasil, 4837","Rua Brasil, 4837",1,abreviação expandida
endereco,logradouro,"R. Brasil, 4834","Rua Brasil, 4834",1,abreviação expandida
endereco,logradouro,"R. Brasil, 4832","Rua Brasil, 4832",1,abreviação expandida
endereco,logradouro,"R. Brasil, 4820","Rua Brasil, 4820",1,abreviação expandida
endereco,logradouro,"R. Brasil, 4815","Rua Brasil, 4815",1,abreviação expandida
endereco,logradouro,"R. Brasil, 4814","Rua Brasil, 4814",1,abreviação expandida
endereco,logradouro,"R. Brasil, 4812","Rua Brasil, 4812",1,abreviação expandida
endereco,logradouro,"R. Brasil, 4810","Rua Brasil, 4810",1,abreviação expandida
endereco,logradouro,"R. Brasil, 4809","Rua Brasil, 4809",1,abreviação expandida
endereco,logradouro,"R. Brasil, 4806","Rua Brasil, 4806",1,abreviação expandida
endereco,logradouro,"R. Brasil, 4799","Rua Brasil, 4799",1,abreviação expandida
endereco,logradouro,"R. Brasil, 4798","Rua Brasil, 4798",1,abreviação expandida
endereco,logradouro,"R. Brasil, 4796","Rua Brasil, 4796",1,abreviação expandida
endereco,logradouro,"R. Brasil, 4795","Rua Brasil, 4795",1,abreviação expandida
endereco,logradouro,"R. Brasil, 4191","Rua Brasil, 4191",1,abreviação expandida
endereco,logradouro,"R. Brasil, 4190","Rua Brasil, 4190",1,abreviação expandida
endereco,logradouro,"R. Brasil, 4920","Rua Brasil, 4920",1,abreviação expandida
endereco,logradouro,"R. Brasil, 4912","Rua Brasil, 4912",1,abreviação expandida
endereco,logradouro,"R. Brasil, 4904","Rua Brasil, 4904",1,abreviação expandida
endereco,logradouro,"R. Brasil, 4903","Rua Brasil, 4903",1,abreviação expandida
endereco,logradouro,"R. Brasil, 4889","Rua Brasil, 4889",1,abreviação expandida
endereco,logradouro,"R. Brasil, 4883","Rua Brasil, 4883",1,abreviação expandida
endereco,logradouro,"R. Brasil, 4875","Rua Brasil, 4875",1,abreviação expandida
endereco,logradouro,"R. Brasil, 4872","Rua Brasil, 4872",1,abreviação expandida
endereco,logradouro,"R. Brasil, 4856","Rua Brasil, 4856",1,abreviação expandida
endereco,logradouro,"R. Brasil, 4853","Rua Brasil, 4853",1,abreviação expandida
endereco,logradouro,"R. Brasil, 4852","Rua Brasil, 4852",1,abreviação expandida
endereco,logradouro,"R. Brasil, 4850","Rua Brasil, 4850",1,abreviação expandida
endereco,logradouro,"R. Brasil, 4849","Rua Brasil, 4849",1,abreviação expandida
endereco,logradouro,"R. Brasil, 4844","Rua Brasil, 4844",1,abreviação expandida
endereco,logradouro,"R. Brasil, 484","Rua Brasil, 484",1,abreviação expandida
endereco,logradouro,"R. Brasil, 4839","Rua Brasil, 4839",1,abreviação expandida
endereco,logradouro,"R. Brasil, 415","Rua Brasil, 415",1,abreviação expandida
endereco,logradouro,"R. Brasil, 4145","Rua Brasil, 4145",1,abreviação expandida
endereco,logradouro,"R. Brasil, 414","Rua Brasil, 414",1,abreviação expandida
endereco,logradouro,"R. Brasil, 4139","Rua Brasil, 4139",1,abreviação expandida
endereco,logradouro,"R. Brasil, 4136","Rua Brasil, 4136",1,abreviação expandida
endereco,logradouro,"R. Brasil, 4132","Rua Brasil, 4132",1,abreviação expandida
endereco,logradouro,"R. Brasil, 4131","Rua Brasil, 4131",1,abreviação expandida
endereco,logradouro,"R. Brasil, 413","Rua Brasil, 413",1,abreviação expandida
endereco,logradouro,"R. Brasil, 4126","Rua Brasil, 4126",1,abreviação expandida
endereco,logradouro,"R. Brasil, 4124","Rua Brasil, 4124",1,abreviação expandida
endereco,logradouro,"R. Brasil, 4121","Rua Brasil, 4121",1,abreviação expandida
endereco,logradouro,"R. Brasil, 4120","Rua Brasil, 4120",1,abreviação expandida
endereco,logradouro,"R. Brasil, 4946","Rua Brasil, 4946",1,abreviação expandida
endereco,logradouro,"R. Brasil, 4928","Rua Brasil, 4928",1,abreviação expandida
endereco,logradouro,"R. Brasil, 4927","Rua Brasil, 4927",1,abreviação expandida
endereco,logradouro,"R. Brasil, 4921","Rua Brasil, 4921",1,abreviação expandida
endereco,logradouro,"R. Brasil, 4997","Rua Brasil, 4997",1,abreviação expandida
endereco,logradouro,"R. Brasil, 4995","Rua Brasil, 4995",1,abreviação expandida
endereco,logradouro,"R. Brasil, 4994","Rua Brasil, 4994",1,abreviação expandida
endereco,logradouro,"R. Brasil, 4989","Rua Brasil, 4989",1,abreviação expandida
endereco,logradouro,"R. Brasil, 4986","Rua Brasil, 4986",1,abreviação expandida
endereco,logradouro,"R. Brasil, 4984","Rua Brasil, 4984",1,abreviação expandida
endereco,logradouro,"R. Brasil, 4977","Rua Brasil, 4977",1,abreviação expandida
endereco,logradouro,"R. Brasil, 4976","Rua Brasil, 4976",1,abreviação expandida
endereco,logradouro,"R. Brasil, 4974","Rua Brasil, 4974",1,abreviação expandida
endereco,logradouro,"R. Brasil, 4971","Rua Brasil, 4971",1,abreviação expandida
endereco,logradouro,"R. Brasil, 4966","Rua Brasil, 4966",1,abreviação expandida
endereco,logradouro,"R. Brasil, 4964","Rua Brasil, 4964",1,abreviação expandida
endereco,logradouro,"R. Brasil, 4963","Rua Brasil, 4963",1,abreviação expandida
endereco,logradouro,"R. Brasil, 4960","Rua Brasil, 4960",1,abreviação expandida
endereco,logradouro,"R. Brasil, 495","Rua Brasil, 495",1,abreviação expandida
endereco,logradouro,"R. Brasil, 4150","Rua Brasil, 4150",1,abreviação expandida
endereco,logradouro,"R. Brasil, 549","Rua Brasil, 549",1,abreviação expandida
endereco,logradouro,"R. Brasil, 548","Rua Brasil, 548",1,abreviação expandida
endereco,logradouro,"R. Brasil, 544","Rua Brasil, 544",1,abreviação expandida
endereco,logradouro,"R. Brasil, 543","Rua Brasil, 543",1,abreviação expandida
endereco,logradouro,"R. Brasil, 540","Rua Brasil, 540",1,abreviação expandida
endereco,logradouro,"R. Brasil, 539","Rua Brasil, 539",1,abreviação expandida
endereco,logradouro,"R. Brasil, 536","Rua Brasil, 536",1,abreviação expandida
endereco,logradouro,"R. Brasil, 527","Rua Brasil, 527",1,abreviação expandida
endereco,logradouro,"R. Brasil, 523","Rua Brasil, 523",1,abreviação expandida
endereco,logradouro,"R. Brasil, 522","Rua Brasil, 522",1,abreviação expandida
endereco,logradouro,"R. Brasil, 518","Rua Brasil, 518",1,abreviação expandida
endereco,logradouro,"R. Brasil, 517","Rua Brasil, 517",1,abreviação expandida
endereco,logradouro,"R. Brasil, 509","Rua Brasil, 509",1,abreviação expandida
endereco,logradouro,"R. Brasil, 503","Rua Brasil, 503",1,abreviação expandida
endereco,logradouro,"R. Brasil, 502","Rua Brasil, 502",1,abreviação expandida
endereco,logradouro,"R. Brasil, 50","Rua Brasil, 50",1,abreviação expandida
endereco,logradouro,"R. Brasil, 601","Rua Brasil, 601",1,abreviação expandida
endereco,logradouro,"R. Brasil, 597","Rua Brasil, 597",1,abreviação expandida
endereco,logradouro,"R. Brasil, 596","Rua Brasil, 596",1,abreviação expandida
endereco,logradouro,"R. Brasil, 593","Rua Brasil, 593",1,abreviação expandida
endereco,logradouro,"R. Brasil, 586","Rua Brasil, 586",1,abreviação expandida
endereco,logradouro,"R. Brasil, 582","Rua Brasil, 582",1,abreviação expandida
endereco,logradouro,"R. Brasil, 578","Rua Brasil, 578",1,abreviação expandida
endereco,logradouro,"R. Brasil, 570","Rua Brasil, 570",1,abreviação expandida
endereco,logradouro,"R. Brasil, 57","Rua Brasil, 57",1,abreviação expandida
endereco,logradouro,"R. Brasil, 569","Rua Brasil, 569",1,abreviação expandida
endereco,logradouro,"R. Brasil, 565","Rua Brasil, 565",1,abreviação expandida
endereco,logradouro,"R. Brasil, 562","Rua Brasil, 562",1,abreviação expandida
endereco,logradouro,"R. Brasil, 561","Rua Brasil, 561",1,abreviação expandida
endereco,logradouro,"R. Brasil, 56","Rua Brasil, 56",1,abreviação expandida
endereco,logradouro,"R. Brasil, 557","Rua Brasil, 557",1,abreviação expandida
endereco,logradouro,"R. Brasil, 556","Rua Brasil, 556",1,abreviação expandida
endereco,logradouro,"R. Brasil, 654","Rua Brasil, 654",1,abreviação expandida
endereco,logradouro,"R. Brasil, 652","Rua Brasil, 652",1,abreviação expandida
endereco,logradouro,"R. Brasil, 644","Rua Brasil, 644",1,abreviação expandida
endereco,logradouro,"R. Brasil, 64","Rua Brasil, 64",1,abreviação expandida
endereco,logradouro,"R. Brasil, 639","Rua Brasil, 639",1,abreviação expandida
endereco,logradouro,"R. Brasil, 638","Rua Brasil, 638",1,abreviação expandida
endereco,logradouro,"R. Brasil, 632","Rua Brasil, 632",1,abreviação expandida
endereco,logradouro,"R. Brasil, 631","Rua Brasil, 631",1,abreviação expandida
endereco,logradouro,"R. Brasil, 630","Rua Brasil, 630",1,abreviação expandida
endereco,logradouro,"R. Brasil, 621","Rua Brasil, 621",1,abreviação expandida
endereco,logradouro,"R. Brasil, 619","Rua Brasil, 619",1,abreviação expandida
endereco,logradouro,"R. Brasil, 612","Rua Brasil, 612",1,abreviação expandida
endereco,logradouro,"R. Brasil, 611","Rua Brasil, 611",1,abreviação expandida
endereco,logradouro,"R. Brasil, 610","Rua Brasil, 610",1,abreviação expandida
endereco,logradouro,"R. Brasil, 609","Rua Brasil, 609",1,abreviação expandida
endereco,logradouro,"R. Brasil, 602","Rua Brasil, 602",1,abreviação expandida
endereco,logradouro,"R. Brasil, 723","Rua Brasil, 723",1,abreviação expandida
endereco,logradouro,"R. Brasil, 718","Rua Brasil, 718",1,abreviação expandida
endereco,logradouro,"R. Brasil, 717","Rua Brasil, 717",1,abreviação expandida
endereco,logradouro,"R. Brasil, 715","Rua Brasil, 715",1,abreviação expandida
endereco,logradouro,"R. Brasil, 709","Rua Brasil, 709",1,abreviação expandida
endereco,logradouro,"R. Brasil, 706","Rua Brasil, 706",1,abreviação expandida
endereco,logradouro,"R. Brasil, 704","Rua Brasil, 704",1,abreviação expandida
endereco,logradouro,"R. Brasil, 694","Rua Brasil, 694",1,abreviação expandida
endereco,logradouro,"R. Brasil, 686","Rua Brasil, 686",1,abreviação expandida
endereco,logradouro,"R. Brasil, 681","Rua Brasil, 681",1,abreviação expandida
endereco,logradouro,"R. Brasil, 68","Rua Brasil, 68",1,abreviação expandida
endereco,logradouro,"R. Brasil, 679","Rua Brasil, 679",1,abreviação expandida
endereco,logradouro,"R. Brasil, 673","Rua Brasil, 673",1,abreviação expandida
endereco,logradouro,"R. Brasil, 67","Rua Brasil, 67",1,abreviação expandida
endereco,logradouro,"R. Brasil, 665","Rua Brasil, 665",1,abreviação expandida
endereco,logradouro,"R. Brasil, 661","Rua Brasil, 661",1,abreviação expandida
endereco,logradouro,"R. Brasil, 4116","Rua Brasil, 4116",1,abreviação expandida
endereco,logradouro,"R. Brasil, 4109","Rua Brasil, 4109",1,abreviação expandida
endereco,logradouro,"R. Brasil, 4108","Rua Brasil, 4108",1,abreviação expandida
endereco,logradouro,"R. Brasil, 4105","Rua Brasil, 4105",1,abreviação expandida
endereco,logradouro,"R. Brasil, 4100","Rua Brasil, 4100",1,abreviação expandida
endereco,logradouro,"R. Brasil, 41","Rua Brasil, 41",1,abreviação expandida
endereco,logradouro,"R. Brasil, 4099","Rua Brasil, 4099",1,abreviação expandida
endereco,logradouro,"R. Brasil, 4095","Rua Brasil, 4095",1,abreviação expandida
endereco,logradouro,"R. Brasil, 409","Rua Brasil, 409",1,abreviação expandida
endereco,logradouro,"R. Brasil, 4088","Rua Brasil, 4088",1,abreviação expandida
endereco,logradouro,"R. Brasil, 4085","Rua Brasil, 4085",1,abreviação expandida
endereco,logradouro,"R. Brasil, 4081","Rua Brasil, 4081",1,abreviação expandida
endereco,logradouro,"R. Brasil, 731","Rua Brasil, 731",1,abreviação expandida
endereco,logradouro,"R. Brasil, 729","Rua Brasil, 729",1,abreviação expandida
endereco,logradouro,"R. Brasil, 727","Rua Brasil, 727",1,abreviação expandida
endereco,logradouro,"R. Brasil, 724","Rua Brasil, 724",1,abreviação expandida
endereco,logradouro,"R. Brasil, 794","Rua Brasil, 794",1,abreviação expandida
endereco,logradouro,"R. Brasil, 791","Rua Brasil, 791",1,abreviação expandida
endereco,logradouro,"R. Brasil, 789","Rua Brasil, 789",1,abreviação expandida
endereco,logradouro,"R. Brasil, 787","Rua Brasil, 787",1,abreviação expandida
endereco,logradouro,"R. Brasil, 786","Rua Brasil, 786",1,abreviação expandida
endereco,logradouro,"R. Brasil, 785","Rua Brasil, 785",1,abreviação expandida
endereco,logradouro,"R. Brasil, 782","Rua Brasil, 782",1,abreviação expandida
endereco,logradouro,"R. Brasil, 772","Rua Brasil, 772",1,abreviação expandida
endereco,logradouro,"R. Brasil, 759","Rua Brasil, 759",1,abreviação expandida
endereco,logradouro,"R. Brasil, 754","Rua Brasil, 754",1,abreviação expandida
endereco,logradouro,"R. Brasil, 742","Rua Brasil, 742",1,abreviação expandida
endereco,logradouro,"R. Brasil, 741","Rua Brasil, 741",1,abreviação expandida
endereco,logradouro,"R. Brasil, 739","Rua Brasil, 739",1,abreviação expandida
endereco,logradouro,"R. Brasil, 738","Rua Brasil, 738",1,abreviação expandida
endereco,logradouro,"R. Brasil, 735","Rua Brasil, 735",1,abreviação expandida
endereco,logradouro,"R. Brasil, 412","Rua Brasil, 412",1,abreviação expandida
endereco,logradouro,"R. Brasil, 875","Rua Brasil, 875",1,abreviação expandida
endereco,logradouro,"R. Brasil, 868","Rua Brasil, 868",1,abreviação expandida
endereco,logradouro,"R. Brasil, 864","Rua Brasil, 864",1,abreviação expandida
endereco,logradouro,"R. Brasil, 852","Rua Brasil, 852",1,abreviação expandida
endereco,logradouro,"R. Brasil, 846","Rua Brasil, 846",1,abreviação expandida
endereco,logradouro,"R. Brasil, 845","Rua Brasil, 845",1,abreviação expandida
endereco,logradouro,"R. Brasil, 836","Rua Brasil, 836",1,abreviação expandida
endereco,logradouro,"R. Brasil, 834","Rua Brasil, 834",1,abreviação expandida
endereco,logradouro,"R. Brasil, 826","Rua Brasil, 826",1,abreviação expandida
endereco,logradouro,"R. Brasil, 825","Rua Brasil, 825",1,abreviação expandida
endereco,logradouro,"R. Brasil, 821","Rua Brasil, 821",1,abreviação expandida
endereco,logradouro,"R. Brasil, 818","Rua Brasil, 818",1,abreviação expandida
endereco,logradouro,"R. Brasil, 815","Rua Brasil, 815",1,abreviação expandida
endereco,logradouro,"R. Brasil, 813","Rua Brasil, 813",1,abreviação expandida
endereco,logradouro,"R. Brasil, 805","Rua Brasil, 805",1,abreviação expandida
endereco,logradouro,"R. Brasil, 801","Rua Brasil, 801",1,abreviação expandida
endereco,logradouro,"R. Brasil, 926","Rua Brasil, 926",1,abreviação expandida
endereco,logradouro,"R. Brasil, 925","Rua Brasil, 925",1,abreviação expandida
endereco,logradouro,"R. Brasil, 924","Rua Brasil, 924",1,abreviação expandida
endereco,logradouro,"R. Brasil, 921","Rua Brasil, 921",1,abreviação expandida
endereco,logradouro,"R. Brasil, 918","Rua Brasil, 918",1,abreviação expandida
endereco,logradouro,"R. Brasil, 91","Rua Brasil, 91",1,abreviação expandida
endereco,logradouro,"R. Brasil, 905","Rua Brasil, 905",1,abreviação expandida
endereco,logradouro,"R. Brasil, 900","Rua Brasil, 900",1,abreviação expandida
endereco,logradouro,"R. Brasil, 899","Rua Brasil, 899",1,abreviação expandida
endereco,logradouro,"R. Brasil, 897","Rua Brasil, 897",1,abreviação expandida
endereco,logradouro,"R. Brasil, 893","Rua Brasil, 893",1,abreviação expandida
endereco,logradouro,"R. Brasil, 885","Rua Brasil, 885",1,abreviação expandida
endereco,logradouro,"R. Brasil, 883","Rua Brasil, 883",1,abreviação expandida
endereco,logradouro,"R. Brasil, 88","Rua Brasil, 88",1,abreviação expandida
endereco,logradouro,"R. Brasil, 879","Rua Brasil, 879",1,abreviação expandida
endereco,logradouro,"R. Brasil, 878","Rua Brasil, 878",1,abreviação expandida
endereco,logradouro,"R. Brasil, 4072","Rua Brasil, 4072",1,abreviação expandida
endereco,logradouro,"R. Brasil, 4069","Rua Brasil, 4069",1,abreviação expandida
endereco,logradouro,"R. Brasil, 4067","Rua Brasil, 4067",1,abreviação expandida
endereco,logradouro,"R. Brasil, 4066","Rua Brasil, 4066",1,abreviação expandida
endereco,logradouro,"R. Brasil, 4062","Rua Brasil, 4062",1,abreviação expandida
endereco,logradouro,"R. Brasil, 4058","Rua Brasil, 4058",1,abreviação expandida
endereco,logradouro,"R. Brasil, 4055","Rua Brasil, 4055",1,abreviação expandida
endereco,logradouro,"R. Brasil, 4053","Rua Brasil, 4053",1,abreviação expandida
endereco,logradouro,"R. Brasil, 4051","Rua Brasil, 4051",1,abreviação expandida
endereco,logradouro,"R. Brasil, 4049","Rua Brasil, 4049",1,abreviação expandida
endereco,logradouro,"R. Brasil, 4045","Rua Brasil, 4045",1,abreviação expandida
endereco,logradouro,"R. Brasil, 4039","Rua Brasil, 4039",1,abreviação expandida
endereco,logradouro,"R. Brasil, 942","Rua Brasil, 942",1,abreviação expandida
endereco,logradouro,"R. Brasil, 936","Rua Brasil, 936",1,abreviação expandida
endereco,logradouro,"R. Brasil, 93","Rua Brasil, 93",1,abreviação expandida
endereco,logradouro,"R. Brasil, 929","Rua Brasil, 929",1,abreviação expandida
endereco,logradouro,"R. Brasil, 999","Rua Brasil, 999",1,abreviação expandida
endereco,logradouro,"R. Brasil, 998","Rua Brasil, 998",1,abreviação expandida
endereco,logradouro,"R. Brasil, 997","Rua Brasil, 997",1,abreviação expandida
endereco,logradouro,"R. Brasil, 996","Rua Brasil, 996",1,abreviação expandida
endereco,logradouro,"R. Brasil, 992","Rua Brasil, 992",1,abreviação expandida
endereco,logradouro,"R. Brasil, 989","Rua Brasil, 989",1,abreviação expandida
endereco,logradouro,"R. Brasil, 988","Rua Brasil, 988",1,abreviação expandida
endereco,logradouro,"R. Brasil, 979","Rua Brasil, 979",1,abreviação expandida
endereco,logradouro,"R. Brasil, 977","Rua Brasil, 977",1,abreviação expandida
endereco,logradouro,"R. Brasil, 974","Rua Brasil, 974",1,abreviação expandida
endereco,logradouro,"R. Brasil, 973","Rua Brasil, 973",1,abreviação expandida
endereco,logradouro,"R. Brasil, 970","Rua Brasil, 970",1,abreviação expandida
endereco,logradouro,"R. Brasil, 967","Rua Brasil, 967",1,abreviação expandida
endereco,logradouro,"R. Brasil, 946","Rua Brasil, 946",1,abreviação expandida
endereco,logradouro,"R. Brasil, 4080","Rua Brasil, 4080",1,abreviação expandida
endereco,logradouro,"R. Brasil, 4076","Rua Brasil, 4076",1,abreviação expandida
endereco,logradouro,"R. DAS FLORES, 1095","Rua das Flores, 1095",1,caixa alta corrigida
endereco,logradouro,"R. DAS FLORES, 109","Rua das Flores, 109",1,caixa alta corrigida
endereco,logradouro,"R. DAS FLORES, 1083","Rua das Flores, 1083",1,caixa alta corrigida
endereco,logradouro,"R. DAS FLORES, 1071","Rua das Flores, 1071",1,caixa alta corrigida
endereco,logradouro,"R. DAS FLORES, 1062","Rua das Flores, 1062",1,caixa alta corrigida
endereco,logradouro,"R. DAS FLORES, 1061","Rua das Flores, 1061",1,caixa alta corrigida
endereco,logradouro,"R. DAS FLORES, 105","Rua das Flores, 105",1,caixa alta corrigida
endereco,logradouro,"R. DAS FLORES, 1040","Rua das Flores, 1040",1,caixa alta corrigida
endereco,logradouro,"R. DAS FLORES, 1033","Rua das Flores, 1033",1,caixa alta corrigida
endereco,logradouro,"R. DAS FLORES, 1022","Rua das Flores, 1022",1,caixa alta corrigida
endereco,logradouro,"R. DAS FLORES, 1015","Rua das Flores, 1015",1,caixa alta corrigida
endereco,logradouro,"R. DAS FLORES, 1013","Rua das Flores, 1013",1,caixa alta corrigida
endereco,logradouro,"R. DAS FLORES, 1009","Rua das Flores, 1009",1,caixa alta corrigida
endereco,logradouro,"R. DAS FLORES, 100","Rua das Flores, 100",1,caixa alta corrigida
endereco,logradouro,R. DAS ACÁCIAS 831,Rua das Acácias 831,1,caixa alta corrigida
endereco,logradouro,R. DAS ACÁCIAS 2569,Rua das Acácias 2569,1,caixa alta corrigida
endereco,logradouro,"R. DAS FLORES, 1231","Rua das Flores, 1231",1,caixa alta corrigida
endereco,logradouro,"R. DAS FLORES, 1230","Rua das Flores, 1230",1,caixa alta corrigida
endereco,logradouro,"R. DAS FLORES, 123","Rua das Flores, 123",1,caixa alta corrigida
endereco,logradouro,"R. DAS FLORES, 1224","Rua das Flores, 1224",1,caixa alta corrigida
endereco,logradouro,"R. DAS FLORES, 1212","Rua das Flores, 1212",1,caixa alta corrigida
endereco,logradouro,"R. DAS FLORES, 1199","Rua das Flores, 1199",1,caixa alta corrigida
endereco,logradouro,"R. DAS FLORES, 1198","Rua das Flores, 1198",1,caixa alta corrigida
endereco,logradouro,"R. DAS FLORES, 1172","Rua das Flores, 1172",1,caixa alta corrigida
endereco,logradouro,"R. DAS FLORES, 117","Rua das Flores, 117",1,caixa alta corrigida
endereco,logradouro,"R. DAS FLORES, 1164","Rua das Flores, 1164",1,caixa alta corrigida
endereco,logradouro,"R. DAS FLORES, 1157","Rua das Flores, 1157",1,caixa alta corrigida
endereco,logradouro,"R. DAS FLORES, 1153","Rua das Flores, 1153",1,caixa alta corrigida
endereco,logradouro,"R. DAS FLORES, 1146","Rua das Flores, 1146",1,caixa alta corrigida
endereco,logradouro,"R. DAS FLORES, 1136","Rua das Flores, 1136",1,caixa alta corrigida
endereco,logradouro,"R. DAS FLORES, 1129","Rua das Flores, 1129",1,caixa alta corrigida
endereco,logradouro,"R. DAS FLORES, 1098","Rua das Flores, 1098",1,caixa alta corrigida
endereco,logradouro,"R. DAS FLORES, 141","Rua das Flores, 141",1,caixa alta corrigida
endereco,logradouro,"R. DAS FLORES, 1402","Rua das Flores, 1402",1,caixa alta corrigida
endereco,logradouro,"R. DAS FLORES, 1385","Rua das Flores, 1385",1,caixa alta corrigida
endereco,logradouro,"R. DAS FLORES, 1362","Rua das Flores, 1362",1,caixa alta corrigida
endereco,logradouro,"R. DAS FLORES, 1359","Rua das Flores, 1359",1,caixa alta corrigida
endereco,logradouro,"R. DAS FLORES, 1345","Rua das Flores, 1345",1,caixa alta corrigida
endereco,logradouro,"R. DAS FLORES, 1310","Rua das Flores, 1310",1,caixa alta corrigida
endereco,logradouro,"R. DAS FLORES, 1309","Rua das Flores, 1309",1,caixa alta corrigida
endereco,logradouro,"R. DAS FLORES, 1307","Rua das Flores, 1307",1,caixa alta corrigida
endereco,logradouro,"R. DAS FLORES, 1303","Rua das Flores, 1303",1,caixa alta corrigida
endereco,logradouro,"R. DAS FLORES, 130","Rua das Flores, 130",1,caixa alta corrigida
endereco,logradouro,"R. DAS FLORES, 1290","Rua das Flores, 1290",1,caixa alta corrigida
endereco,logradouro,"R. DAS FLORES, 1284","Rua das Flores, 1284",1,caixa alta corrigida
endereco,logradouro,"R. DAS FLORES, 1265","Rua das Flores, 1265",1,caixa alta corrigida
endereco,logradouro,"R. DAS FLORES, 1239","Rua das Flores, 1239",1,caixa alta corrigida
endereco,logradouro,"R. DAS FLORES, 1236","Rua das Flores, 1236",1,caixa alta corrigida
endereco,logradouro,"R. DAS FLORES, 1629","Rua das Flores, 1629",1,caixa alta corrigida
endereco,logradouro,"R. DAS FLORES, 1623","Rua das Flores, 1623",1,caixa alta corrigida
endereco,logradouro,"R. DAS FLORES, 1618","Rua das Flores, 1618",1,caixa alta corrigida
endereco,logradouro,"R. DAS FLORES, 1603","Rua das Flores, 1603",1,caixa alta corrigida
endereco,logradouro,"R. DAS FLORES, 1576","Rua das Flores, 1576",1,caixa alta corrigida
endereco,logradouro,"R. DAS FLORES, 1567","Rua das Flores, 1567",1,caixa alta corrigida
endereco,logradouro,"R. DAS FLORES, 1561","Rua das Flores, 1561",1,caixa alta corrigida
endereco,logradouro,"R. DAS FLORES, 1553","Rua das Flores, 1553",1,caixa alta corrigida
endereco,logradouro,"R. DAS FLORES, 1548","Rua das Flores, 1548",1,caixa alta corrigida
endereco,logradouro,"R. DAS FLORES, 1531","Rua das Flores, 1531",1,caixa alta corrigida
endereco,logradouro,"R. DAS FLORES, 1523","Rua das Flores, 1523",1,caixa alta corrigida
endereco,logradouro,"R. DAS FLORES, 1490","Rua das Flores, 1490",1,caixa alta corrigida
endereco,logradouro,"R. DAS FLORES, 149","Rua das Flores, 149",1,caixa alta corrigida
endereco,logradouro,"R. DAS FLORES, 1484","Rua das Flores, 1484",1,caixa alta corrigida
endereco,logradouro,"R. DAS FLORES, 1470","Rua das Flores, 1470",1,caixa alta corrigida
endereco,logradouro,"R. DAS FLORES, 1448","Rua das Flores, 1448",1,caixa alta corrigida
endereco,logradouro,"R. DAS FLORES, 1803","Rua das Flores, 1803",1,caixa alta corrigida
endereco,logradouro,"R. DAS FLORES, 1798","Rua das Flores, 1798",1,caixa alta corrigida
endereco,logradouro,"R. DAS FLORES, 1771","Rua das Flores, 1771",1,caixa alta corrigida
endereco,logradouro,"R. DAS FLORES, 1765","Rua das Flores, 1765",1,caixa alta corrigida
endereco,logradouro,"R. DAS FLORES, 1757","Rua das Flores, 1757",1,caixa alta corrigida
endereco,logradouro,"R. DAS FLORES, 1746","Rua das Flores, 1746",1,caixa alta corrigida
endereco,logradouro,"R. DAS FLORES, 1739","Rua das Flores, 1739",1,caixa alta corrigida
endereco,logradouro,"R. DAS FLORES, 1697","Rua das Flores, 1697",1,caixa alta corrigida
endereco,logradouro,"R. DAS FLORES, 1684","Rua das Flores, 1684",1,caixa alta corrigida
endereco,logradouro,"R. DAS FLORES, 1683","Rua das Flores, 1683",1,caixa alta corrigida
endereco,logradouro,"R. DAS FLORES, 1677","Rua das Flores, 1677",1,caixa alta corrigida
endereco,logradouro,"R. DAS FLORES, 1671","Rua das Flores, 1671",1,caixa alta corrigida
endereco,logradouro,"R. DAS FLORES, 1660","Rua das Flores, 1660",1,caixa alta corrigida
endereco,logradouro,"R. DAS FLORES, 1645","Rua das Flores, 1645",1,caixa alta corrigida
endereco,logradouro,"R. DAS FLORES, 1635","Rua das Flores, 1635",1,caixa alta corrigida
endereco,logradouro,"R. DAS FLORES, 1631","Rua das Flores, 1631",1,caixa alta corrigida
endereco,logradouro,"R. DAS FLORES, 1938","Rua das Flores, 1938",1,caixa alta corrigida
endereco,logradouro,"R. DAS FLORES, 1935","Rua das Flores, 1935",1,caixa alta corrigida
endereco,logradouro,"R. DAS FLORES, 1909","Rua das Flores, 1909",1,caixa alta corrigida
endereco,logradouro,"R. DAS FLORES, 19","Rua das Flores, 19",1,caixa alta corrigida
endereco,logradouro,"R. DAS FLORES, 1896","Rua das Flores, 1896",1,caixa alta corrigida
endereco,logradouro,"R. DAS FLORES, 1887","Rua das Flores, 1887",1,caixa alta corrigida
endereco,logradouro,"R. DAS FLORES, 1883","Rua das Flores, 1883",1,caixa alta corrigida
endereco,logradouro,"R. DAS FLORES, 1877","Rua das Flores, 1877",1,caixa alta corrigida
endereco,logradouro,"R. DAS FLORES, 1866","Rua das Flores, 1866",1,caixa alta corrigida
endereco,logradouro,"R. DAS FLORES, 1858","Rua das Flores, 1858",1,caixa alta corrigida
endereco,logradouro,"R. DAS FLORES, 185","Rua das Flores, 185",1,caixa alta corrigida
endereco,logradouro,"R. DAS FLORES, 1845","Rua das Flores, 1845",1,caixa alta corrigida
endereco,logradouro,"R. DAS FLORES, 1843","Rua das Flores, 1843",1,caixa alta corrigida
endereco,logradouro,"R. DAS FLORES, 1830","Rua das Flores, 1830",1,caixa alta corrigida
endereco,logradouro,"R. DAS FLORES, 1828","Rua das Flores, 1828",1,caixa alta corrigida
endereco,logradouro,"R. DAS FLORES, 1821","Rua das Flores, 1821",1,caixa alta corrigida
endereco,logradouro,"R. DAS FLORES, 2090","Rua das Flores, 2090",1,caixa alta corrigida
endereco,logradouro,"R. DAS FLORES, 2082","Rua das Flores, 2082",1,caixa alta corrigida
endereco,logradouro,"R. DAS FLORES, 2074","Rua das Flores, 2074",1,caixa alta corrigida
endereco,logradouro,"R. DAS FLORES, 2073","Rua das Flores, 2073",1,caixa alta corrigida
endereco,logradouro,"R. DAS FLORES, 2058","Rua das Flores, 2058",1,caixa alta corrigida
endereco,logradouro,"R. DAS FLORES, 2051","Rua das Flores, 2051",1,caixa alta corrigida
endereco,logradouro,"R. DAS FLORES, 2050","Rua das Flores, 2050",1,caixa alta corrigida
endereco,logradouro,"R. DAS FLORES, 2030","Rua das Flores, 2030",1,caixa alta corrigida
endereco,logradouro,"R. DAS FLORES, 2027","Rua das Flores, 2027",1,caixa alta corrigida
endereco,logradouro,"R. DAS FLORES, 1997","Rua das Flores, 1997",1,caixa alta corrigida
endereco,logradouro,"R. DAS FLORES, 1987","Rua das Flores, 1987",1,caixa alta corrigida
endereco,logradouro,"R. DAS FLORES, 1972","Rua das Flores, 1972",1,caixa alta corrigida
endereco,logradouro,"R. DAS FLORES, 197","Rua das Flores, 197",1,caixa alta corrigida
endereco,logradouro,"R. DAS FLORES, 1951","Rua das Flores, 1951",1,caixa alta corrigida
endereco,logradouro,"R. DAS FLORES, 1950","Rua das Flores, 1950",1,caixa alta corrigida
endereco,logradouro,"R. DAS FLORES, 1942","Rua das Flores, 1942",1,caixa alta corrigida
endereco,logradouro,"R. DAS FLORES, 2294","Rua das Flores, 2294",1,caixa alta corrigida
endereco,logradouro,"R. DAS FLORES, 2286","Rua das Flores, 2286",1,caixa alta corrigida
endereco,logradouro,"R. DAS FLORES, 2275","Rua das Flores, 2275",1,caixa alta corrigida
endereco,logradouro,"R. DAS FLORES, 2266","Rua das Flores, 2266",1,caixa alta corrigida
endereco,logradouro,"R. DAS FLORES, 2264","Rua das Flores, 2264",1,caixa alta corrigida
endereco,logradouro,"R. DAS FLORES, 2257","Rua das Flores, 2257",1,caixa alta corrigida
endereco,logradouro,"R. DAS FLORES, 2247","Rua das Flores, 2247",1,caixa alta corrigida
endereco,logradouro,"R. DAS FLORES, 2242","Rua das Flores, 2242",1,caixa alta corrigida
endereco,logradouro,"R. DAS FLORES, 2196","Rua das Flores, 2196",1,caixa alta corrigida
endereco,logradouro,"R. DAS FLORES, 2174","Rua das Flores, 2174",1,caixa alta corrigida
endereco,logradouro,"R. DAS FLORES, 2167","Rua das Flores, 2167",1,caixa alta corrigida
endereco,logradouro,"R. DAS FLORES, 2161","Rua das Flores, 2161",1,caixa alta corrigida
endereco,logradouro,"R. DAS FLORES, 2152","Rua das Flores, 2152",1,caixa alta corrigida
endereco,logradouro,"R. DAS FLORES, 2145","Rua das Flores, 2145",1,caixa alta corrigida
endereco,logradouro,"R. DAS FLORES, 2144","Rua das Flores, 2144",1,caixa alta corrigida
endereco,logradouro,"R. DAS FLORES, 2112","Rua das Flores, 2112",1,caixa alta corrigida
endereco,logradouro,"R. DAS FLORES, 2457","Rua das Flores, 2457",1,caixa alta corrigida
endereco,logradouro,"R. DAS FLORES, 2425","Rua das Flores, 2425",1,caixa alta corrigida
endereco,logradouro,"R. DAS FLORES, 242","Rua das Flores, 242",1,caixa alta corrigida
endereco,logradouro,"R. DAS FLORES, 2418","Rua das Flores, 2418",1,caixa alta corrigida
endereco,logradouro,"R. DAS FLORES, 2417","Rua das Flores, 2417",1,caixa alta corrigida
endereco,logradouro,"R. DAS FLORES, 2413","Rua das Flores, 2413",1,caixa alta corrigida
endereco,logradouro,"R. DAS FLORES, 2406","Rua das Flores, 2406",1,caixa alta corrigida
endereco,logradouro,"R. DAS FLORES, 2385","Rua das Flores, 2385",1,caixa alta corrigida
endereco,logradouro,"R. DAS FLORES, 238","Rua das Flores, 238",1,caixa alta corrigida
endereco,logradouro,"R. DAS FLORES, 2376","Rua das Flores, 2376",1,caixa alta corrigida
endereco,logradouro,"R. DAS FLORES, 2343","Rua das Flores, 2343",1,caixa alta corrigida
endereco,logradouro,"R. DAS FLORES, 2322","Rua das Flores, 2322",1,caixa alta corrigida
endereco,logradouro,"R. DAS FLORES, 2315","Rua das Flores, 2315",1,caixa alta corrigida
endereco,logradouro,"R. DAS FLORES, 2311","Rua das Flores, 2311",1,caixa alta corrigida
endereco,logradouro,"R. DAS FLORES, 2296","Rua das Flores, 2296",1,caixa alta corrigida
endereco,logradouro,"R. DAS FLORES, 2295","Rua das Flores, 2295",1,caixa alta corrigida
endereco,logradouro,"R. DAS FLORES, 258","Rua das Flores, 258",1,caixa alta corrigida
endereco,logradouro,"R. DAS FLORES, 2564","Rua das Flores, 2564",1,caixa alta corrigida
endereco,logradouro,"R. DAS FLORES, 2559","Rua das Flores, 2559",1,caixa alta corrigida
endereco,logradouro,"R. DAS FLORES, 2555","Rua das Flores, 2555",1,caixa alta corrigida
endereco,logradouro,"R. DAS FLORES, 2529","Rua das Flores, 2529",1,caixa alta corrigida
endereco,logradouro,"R. DAS FLORES, 2526","Rua das Flores, 2526",1,caixa alta corrigida
endereco,logradouro,"R. DAS FLORES, 2523","Rua das Flores, 2523",1,caixa alta corrigida
endereco,logradouro,"R. DAS FLORES, 2519","Rua das Flores, 2519",1,caixa alta corrigida
endereco,logradouro,"R. DAS FLORES, 2514","Rua das Flores, 2514",1,caixa alta corrigida
endereco,logradouro,"R. DAS FLORES, 2513","Rua das Flores, 2513",1,caixa alta corrigida
endereco,logradouro,"R. DAS FLORES, 2497","Rua das Flores, 2497",1,caixa alta corrigida
endereco,logradouro,"R. DAS FLORES, 2484","Rua das Flores, 2484",1,caixa alta corrigida
endereco,logradouro,"R. DAS FLORES, 2480","Rua das Flores, 2480",1,caixa alta corrigida
endereco,logradouro,"R. DAS FLORES, 2467","Rua das Flores, 2467",1,caixa alta corrigida
endereco,logradouro,"R. DAS FLORES, 2461","Rua das Flores, 2461",1,caixa alta corrigida
endereco,logradouro,"R. DAS FLORES, 2459","Rua das Flores, 2459",1,caixa alta corrigida
endereco,logradouro,"R. DAS FLORES, 2764","Rua das Flores, 2764",1,caixa alta corrigida
endereco,logradouro,"R. DAS FLORES, 2744","Rua das Flores, 2744",1,caixa alta corrigida
endereco,logradouro,"R. DAS FLORES, 2742","Rua das Flores, 2742",1,caixa alta corrigida
endereco,logradouro,"R. DAS FLORES, 2732","Rua das Flores, 2732",1,caixa alta corrigida
endereco,logradouro,"R. DAS FLORES, 2724","Rua das Flores, 2724",1,caixa alta corrigida
endereco,logradouro,"R. DAS FLORES, 2722","Rua das Flores, 2722",1,caixa alta corrigida
endereco,logradouro,"R. DAS FLORES, 2720","Rua das Flores, 2720",1,caixa alta corrigida
endereco,logradouro,"R. DAS FLORES, 272","Rua das Flores, 272",1,caixa alta corrigida
endereco,logradouro,"R. DAS FLORES, 2692","Rua das Flores, 2692",1,caixa alta corrigida
endereco,logradouro,"R. DAS FLORES, 2686","Rua das Flores, 2686",1,caixa alta corrigida
endereco,logradouro,"R. DAS FLORES, 2661","Rua das Flores, 2661",1,caixa alta corrigida
endereco,logradouro,"R. DAS FLORES, 2644","Rua das Flores, 2644",1,caixa alta corrigida
endereco,logradouro,"R. DAS FLORES, 2632","Rua das Flores, 2632",1,caixa alta corrigida
endereco,logradouro,"R. DAS FLORES, 263","Rua das Flores, 263",1,caixa alta corrigida
endereco,logradouro,"R. DAS FLORES, 261","Rua das Flores, 261",1,caixa alta corrigida
endereco,logradouro,"R. DAS FLORES, 259","Rua das Flores, 259",1,caixa alta corrigida
endereco,logradouro,"R. DAS FLORES, 2958","Rua das Flores, 2958",1,caixa alta corrigida
endereco,logradouro,"R. DAS FLORES, 295","Rua das Flores, 295",1,caixa alta corrigida
endereco,logradouro,"R. DAS FLORES, 2900","Rua das Flores, 2900",1,caixa alta corrigida
endereco,logradouro,"R. DAS FLORES, 286","Rua das Flores, 286",1,caixa alta corrigida
endereco,logradouro,"R. DAS FLORES, 2858","Rua das Flores, 2858",1,caixa alta corrigida
endereco,logradouro,"R. DAS FLORES, 2853","Rua das Flores, 2853",1,caixa alta corrigida
endereco,logradouro,"R. DAS FLORES, 2850","Rua das Flores, 2850",1,caixa alta corrigida
endereco,logradouro,"R. DAS FLORES, 2849","Rua das Flores, 2849",1,caixa alta corrigida
endereco,logradouro,"R. DAS FLORES, 2844","Rua das Flores, 2844",1,caixa alta corrigida
endereco,logradouro,"R. DAS FLORES, 2836","Rua das Flores, 2836",1,caixa alta corrigida
endereco,logradouro,"R. DAS FLORES, 2830","Rua das Flores, 2830",1,caixa alta corrigida
endereco,logradouro,"R. DAS FLORES, 2814","Rua das Flores, 2814",1,caixa alta corrigida
endereco,logradouro,"R. DAS FLORES, 2813","Rua das Flores, 2813",1,caixa alta corrigida
endereco,logradouro,"R. DAS FLORES, 2800","Rua das Flores, 2800",1,caixa alta corrigida
endereco,logradouro,"R. DAS FLORES, 2799","Rua das Flores, 2799",1,caixa alta corrigida
endereco,logradouro,"R. DAS FLORES, 2789","Rua das Flores, 2789",1,caixa alta corrigida
endereco,logradouro,"R. DAS FLORES, 3115","Rua das Flores, 3115",1,caixa alta corrigida
endereco,logradouro,"R. DAS FLORES, 3113","Rua das Flores, 3113",1,caixa alta corrigida
endereco,logradouro,"R. DAS FLORES, 3102","Rua das Flores, 3102",1,caixa alta corrigida
endereco,logradouro,"R. DAS FLORES, 3100","Rua das Flores, 3100",1,caixa alta corrigida
endereco,logradouro,"R. DAS FLORES, 3088","Rua das Flores, 3088",1,caixa alta corrigida
endereco,logradouro,"R. DAS FLORES, 3083","Rua das Flores, 3083",1,caixa alta corrigida
endereco,logradouro,"R. DAS FLORES, 3067","Rua das Flores, 3067",1,caixa alta corrigida
endereco,logradouro,"R. DAS FLORES, 3028","Rua das Flores, 3028",1,caixa alta corrigida
endereco,logradouro,"R. DAS FLORES, 3027","Rua das Flores, 3027",1,caixa alta corrigida
endereco,logradouro,"R. DAS FLORES, 3021","Rua das Flores, 3021",1,caixa alta corrigida
endereco,logradouro,"R. DAS FLORES, 3018","Rua das Flores, 3018",1,caixa alta corrigida
endereco,logradouro,"R. DAS FLORES, 3010","Rua das Flores, 3010",1,caixa alta corrigida
endereco,logradouro,"R. DAS FLORES, 3000","Rua das Flores, 3000",1,caixa alta corrigida
endereco,logradouro,"R. DAS FLORES, 2999","Rua das Flores, 2999",1,caixa alta corrigida
endereco,logradouro,"R. DAS FLORES, 2994","Rua das Flores, 2994",1,caixa alta corrigida
endereco,logradouro,"R. DAS FLORES, 2982","Rua das Flores, 2982",1,caixa alta corrigida
endereco,logradouro,"R. Brasil, 4032","Rua Brasil, 4032",1,abreviação expandida
endereco,logradouro,"R. Brasil, 4025","Rua Brasil, 4025",1,abreviação expandida
endereco,logradouro,"R. Brasil, 4022","Rua Brasil, 4022",1,abreviação expandida
endereco,logradouro,"R. Brasil, 4017","Rua Brasil, 4017",1,abreviação expandida
endereco,logradouro,"R. Brasil, 4008","Rua Brasil, 4008",1,abreviação expandida
endereco,logradouro,"R. Brasil, 4006","Rua Brasil, 4006",1,abreviação expandida
endereco,logradouro,"R. Brasil, 4002","Rua Brasil, 4002",1,abreviação expandida
endereco,logradouro,"R. Brasil, 400","Rua Brasil, 400",1,abreviação expandida
endereco,logradouro,"R. Brasil, 3998","Rua Brasil, 3998",1,abreviação expandida
endereco,logradouro,"R. Brasil, 3996","Rua Brasil, 3996",1,abreviação expandida
endereco,logradouro,"R. Brasil, 399","Rua Brasil, 399",1,abreviação expandida
endereco,logradouro,"R. Brasil, 3989","Rua Brasil, 3989",1,abreviação expandida
endereco,logradouro,"R. DAS FLORES, 3177","Rua das Flores, 3177",1,caixa alta corrigida
endereco,logradouro,"R. DAS FLORES, 3130","Rua das Flores, 3130",1,caixa alta corrigida
endereco,logradouro,"R. DAS FLORES, 313","Rua das Flores, 313",1,caixa alta corrigida
endereco,logradouro,"R. DAS FLORES, 3125","Rua das Flores, 3125",1,caixa alta corrigida
endereco,logradouro,"R. DAS FLORES, 3299","Rua das Flores, 3299",1,caixa alta corrigida
endereco,logradouro,"R. DAS FLORES, 3296","Rua das Flores, 3296",1,caixa alta corrigida
endereco,logradouro,"R. DAS FLORES, 329","Rua das Flores, 329",1,caixa alta corrigida
endereco,logradouro,"R. DAS FLORES, 3281","Rua das Flores, 3281",1,caixa alta corrigida
endereco,logradouro,"R. DAS FLORES, 3280","Rua das Flores, 3280",1,caixa alta corrigida
endereco,logradouro,"R. DAS FLORES, 3275","Rua das Flores, 3275",1,caixa alta corrigida
endereco,logradouro,"R. DAS FLORES, 3251","Rua das Flores, 3251",1,caixa alta corrigida
endereco,logradouro,"R. DAS FLORES, 324","Rua das Flores, 324",1,caixa alta corrigida
endereco,logradouro,"R. DAS FLORES, 3209","Rua das Flores, 3209",1,caixa alta corrigida
endereco,logradouro,"R. DAS FLORES, 3207","Rua das Flores, 3207",1,caixa alta corrigida
endereco,logradouro,"R. DAS FLORES, 3200","Rua das Flores, 3200",1,caixa alta corrigida
endereco,logradouro,"R. DAS FLORES, 3197","Rua das Flores, 3197",1,caixa alta corrigida
endereco,logradouro,"R. DAS FLORES, 319","Rua das Flores, 319",1,caixa alta corrigida
endereco,logradouro,"R. DAS FLORES, 3184","Rua das Flores, 3184",1,caixa alta corrigida
endereco,logradouro,"R. DAS FLORES, 3180","Rua das Flores, 3180",1,caixa alta corrigida
endereco,logradouro,"R. Brasil, 4033","Rua Brasil, 4033",1,abreviação expandida
endereco,logradouro,"R. DAS FLORES, 341","Rua das Flores, 341",1,caixa alta corrigida
endereco,logradouro,"R. DAS FLORES, 3392","Rua das Flores, 3392",1,caixa alta corrigida
endereco,logradouro,"R. DAS FLORES, 3388","Rua das Flores, 3388",1,caixa alta corrigida
endereco,logradouro,"R. DAS FLORES, 3386","Rua das Flores, 3386",1,caixa alta corrigida
endereco,logradouro,"R. DAS FLORES, 3374","Rua das Flores, 3374",1,caixa alta corrigida
endereco,logradouro,"R. DAS FLORES, 3362","Rua das Flores, 3362",1,caixa alta corrigida
endereco,logradouro,"R. DAS FLORES, 3358","Rua das Flores, 3358",1,caixa alta corrigida
endereco,logradouro,"R. DAS FLORES, 3356","Rua das Flores, 3356",1,caixa alta corrigida
endereco,logradouro,"R. DAS FLORES, 3354","Rua das Flores, 3354",1,caixa alta corrigida
endereco,logradouro,"R. DAS FLORES, 3348","Rua das Flores, 3348",1,caixa alta corrigida
endereco,logradouro,"R. DAS FLORES, 3334","Rua das Flores, 3334",1,caixa alta corrigida
endereco,logradouro,"R. DAS FLORES, 3330","Rua das Flores, 3330",1,caixa alta corrigida
endereco,logradouro,"R. DAS FLORES, 3325","Rua das Flores, 3325",1,caixa alta corrigida
endereco,logradouro,"R. DAS FLORES, 3317","Rua das Flores, 3317",1,caixa alta corrigida
endereco,logradouro,"R. DAS FLORES, 3302","Rua das Flores, 3302",1,caixa alta corrigida
endereco,logradouro,"R. DAS FLORES, 3301","Rua das Flores, 3301",1,caixa alta corrigida
endereco,logradouro,"R. DAS FLORES, 3543","Rua das Flores, 3543",1,caixa alta corrigida
endereco,logradouro,"R. DAS FLORES, 3538","Rua das Flores, 3538",1,caixa alta corrigida
endereco,logradouro,"R. DAS FLORES, 3536","Rua das Flores, 3536",1,caixa alta corrigida
endereco,logradouro,"R. DAS FLORES, 35","Rua das Flores, 35",1,caixa alta corrigida
endereco,logradouro,"R. DAS FLORES, 3496","Rua das Flores, 3496",1,caixa alta corrigida
endereco,logradouro,"R. DAS FLORES, 3489","Rua das Flores, 3489",1,caixa alta corrigida
endereco,logradouro,"R. DAS FLORES, 3485","Rua das Flores, 3485",1,caixa alta corrigida
endereco,logradouro,"R. DAS FLORES, 3476","Rua das Flores, 3476",1,caixa alta corrigida
endereco,logradouro,"R. DAS FLORES, 3467","Rua das Flores, 3467",1,caixa alta corrigida
endereco,logradouro,"R. DAS FLORES, 3465","Rua das Flores, 3465",1,caixa alta corrigida
endereco,logradouro,"R. DAS FLORES, 3449","Rua das Flores, 3449",1,caixa alta corrigida
endereco,logradouro,"R. DAS FLORES, 3444","Rua das Flores, 3444",1,caixa alta corrigida
endereco,logradouro,"R. DAS FLORES, 3442","Rua das Flores, 3442",1,caixa alta corrigida
endereco,logradouro,"R. DAS FLORES, 3433","Rua das Flores, 3433",1,caixa alta corrigida
endereco,logradouro,"R. DAS FLORES, 3420","Rua das Flores, 3420",1,caixa alta corrigida
endereco,logradouro,"R. DAS FLORES, 3411","Rua das Flores, 3411",1,caixa alta corrigida
endereco,logradouro,"R. DAS FLORES, 3715","Rua das Flores, 3715",1,caixa alta corrigida
endereco,logradouro,"R. DAS FLORES, 3694","Rua das Flores, 3694",1,caixa alta corrigida
endereco,logradouro,"R. DAS FLORES, 3685","Rua das Flores, 3685",1,caixa alta corrigida
endereco,logradouro,"R. DAS FLORES, 3681","Rua das Flores, 3681",1,caixa alta corrigida
endereco,logradouro,"R. DAS FLORES, 3677","Rua das Flores, 3677",1,caixa alta corrigida
endereco,logradouro,"R. DAS FLORES, 3654","Rua das Flores, 3654",1,caixa alta corrigida
endereco,logradouro,"R. DAS FLORES, 365","Rua das Flores, 365",1,caixa alta corrigida
endereco,logradouro,"R. DAS FLORES, 3629","Rua das Flores, 3629",1,caixa alta corrigida
endereco,logradouro,"R. DAS FLORES, 3623","Rua das Flores, 3623",1,caixa alta corrigida
endereco,logradouro,"R. DAS FLORES, 362","Rua das Flores, 362",1,caixa alta corrigida
endereco,logradouro,"R. DAS FLORES, 361","Rua das Flores, 361",1,caixa alta corrigida
endereco,logradouro,"R. DAS FLORES, 3609","Rua das Flores, 3609",1,caixa alta corrigida
endereco,logradouro,"R. DAS FLORES, 3601","Rua das Flores, 3601",1,caixa alta corrigida
endereco,logradouro,"R. DAS FLORES, 3596","Rua das Flores, 3596",1,caixa alta corrigida
endereco,logradouro,"R. DAS FLORES, 3591","Rua das Flores, 3591",1,caixa alta corrigida
endereco,logradouro,"R. DAS FLORES, 3585","Rua das Flores, 3585",1,caixa alta corrigida
endereco,logradouro,"R. DAS FLORES, 3880","Rua das Flores, 3880",1,caixa alta corrigida
endereco,logradouro,"R. DAS FLORES, 3875","Rua das Flores, 3875",1,caixa alta corrigida
endereco,logradouro,"R. DAS FLORES, 3874","Rua das Flores, 3874",1,caixa alta corrigida
endereco,logradouro,"R. DAS FLORES, 3858","Rua das Flores, 3858",1,caixa alta corrigida
endereco,logradouro,"R. DAS FLORES, 3851","Rua das Flores, 3851",1,caixa alta corrigida
endereco,logradouro,"R. DAS FLORES, 3845","Rua das Flores, 3845",1,caixa alta corrigida
endereco,logradouro,"R. DAS FLORES, 3840","Rua das Flores, 3840",1,caixa alta corrigida
endereco,logradouro,"R. DAS FLORES, 3839","Rua das Flores, 3839",1,caixa alta corrigida
endereco,logradouro,"R. DAS FLORES, 3828","Rua das Flores, 3828",1,caixa alta corrigida
endereco,logradouro,"R. DAS FLORES, 382","Rua das Flores, 382",1,caixa alta corrigida
endereco,logradouro,"R. DAS FLORES, 3811","Rua das Flores, 3811",1,caixa alta corrigida
endereco,logradouro,"R. DAS FLORES, 3806","Rua das Flores, 3806",1,caixa alta corrigida
endereco,logradouro,"R. DAS FLORES, 3773","Rua das Flores, 3773",1,caixa alta corrigida
endereco,logradouro,"R. DAS FLORES, 3745","Rua das Flores, 3745",1,caixa alta corrigida
endereco,logradouro,"R. DAS FLORES, 3743","Rua das Flores, 3743",1,caixa alta corrigida
endereco,logradouro,"R. DAS FLORES, 3721","Rua das Flores, 3721",1,caixa alta corrigida
endereco,logradouro,"R. DAS FLORES, 4081","Rua das Flores, 4081",1,caixa alta corrigida
endereco,logradouro,"R. DAS FLORES, 4079","Rua das Flores, 4079",1,caixa alta corrigida
endereco,logradouro,"R. DAS FLORES, 4073","Rua das Flores, 4073",1,caixa alta corrigida
endereco,logradouro,"R. DAS FLORES, 4067","Rua das Flores, 4067",1,caixa alta corrigida
endereco,logradouro,"R. DAS FLORES, 4065","Rua das Flores, 4065",1,caixa alta corrigida
endereco,logradouro,"R. DAS FLORES, 404","Rua das Flores, 404",1,caixa alta corrigida
endereco,logradouro,"R. DAS FLORES, 4036","Rua das Flores, 4036",1,caixa alta corrigida
endereco,logradouro,"R. DAS FLORES, 4023","Rua das Flores, 4023",1,caixa alta corrigida
endereco,logradouro,"R. DAS FLORES, 3972","Rua das Flores, 3972",1,caixa alta corrigida
endereco,logradouro,"R. DAS FLORES, 3967","Rua das Flores, 3967",1,caixa alta corrigida
endereco,logradouro,"R. DAS FLORES, 3963","Rua das Flores, 3963",1,caixa alta corrigida
endereco,logradouro,"R. DAS FLORES, 3957","Rua das Flores, 3957",1,caixa alta corrigida
endereco,logradouro,"R. DAS FLORES, 3956","Rua das Flores, 3956",1,caixa alta corrigida
endereco,logradouro,"R. DAS FLORES, 3947","Rua das Flores, 3947",1,caixa alta corrigida
endereco,logradouro,"R. DAS FLORES, 3939","Rua das Flores, 3939",1,caixa alta corrigida
endereco,logradouro,"R. DAS FLORES, 3906","Rua das Flores, 3906",1,caixa alta corrigida
endereco,logradouro,"R. DAS FLORES, 422","Rua das Flores, 422",1,caixa alta corrigida
endereco,logradouro,"R. DAS FLORES, 4219","Rua das Flores, 4219",1,caixa alta corrigida
endereco,logradouro,"R. DAS FLORES, 4212","Rua das Flores, 4212",1,caixa alta corrigida
endereco,logradouro,"R. DAS FLORES, 4198","Rua das Flores, 4198",1,caixa alta corrigida
endereco,logradouro,"R. DAS FLORES, 4188","Rua das Flores, 4188",1,caixa alta corrigida
endereco,logradouro,"R. DAS FLORES, 4182","Rua das Flores, 4182",1,caixa alta corrigida
endereco,logradouro,"R. DAS FLORES, 4171","Rua das Flores, 4171",1,caixa alta corrigida
endereco,logradouro,"R. DAS FLORES, 4162","Rua das Flores, 4162",1,caixa alta corrigida
endereco,logradouro,"R. DAS FLORES, 4155","Rua das Flores, 4155",1,caixa alta corrigida
endereco,logradouro,"R. DAS FLORES, 4121","Rua das Flores, 4121",1,caixa alta corrigida
endereco,logradouro,"R. DAS FLORES, 4118","Rua das Flores, 4118",1,caixa alta corrigida
endereco,logradouro,"R. DAS FLORES, 4114","Rua das Flores, 4114",1,caixa alta corrigida
endereco,logradouro,"R. DAS FLORES, 4108","Rua das Flores, 4108",1,caixa alta corrigida
endereco,logradouro,"R. DAS FLORES, 4103","Rua das Flores, 4103",1,caixa alta corrigida
endereco,logradouro,"R. DAS FLORES, 41","Rua das Flores, 41",1,caixa alta corrigida
endereco,logradouro,"R. DAS FLORES, 4099","Rua das Flores, 4099",1,caixa alta corrigida
endereco,logradouro,"R. DAS FLORES, 4350","Rua das Flores, 4350",1,caixa alta corrigida
endereco,logradouro,"R. DAS FLORES, 4338","Rua das Flores, 4338",1,caixa alta corrigida
endereco,logradouro,"R. DAS FLORES, 432","Rua das Flores, 432",1,caixa alta corrigida
endereco,logradouro,"R. DAS FLORES, 4314","Rua das Flores, 4314",1,caixa alta corrigida
endereco,logradouro,"R. DAS FLORES, 4309","Rua das Flores, 4309",1,caixa alta corrigida
endereco,logradouro,"R. DAS FLORES, 4304","Rua das Flores, 4304",1,caixa alta corrigida
endereco,logradouro,"R. DAS FLORES, 4301","Rua das Flores, 4301",1,caixa alta corrigida
endereco,logradouro,"R. DAS FLORES, 4285","Rua das Flores, 4285",1,caixa alta corrigida
endereco,logradouro,"R. DAS FLORES, 4283","Rua das Flores, 4283",1,caixa alta corrigida
endereco,logradouro,"R. DAS FLORES, 4280","Rua das Flores, 4280",1,caixa alta corrigida
endereco,logradouro,"R. DAS FLORES, 4272","Rua das Flores, 4272",1,caixa alta corrigida
endereco,logradouro,"R. DAS FLORES, 427","Rua das Flores, 427",1,caixa alta corrigida
endereco,logradouro,"R. DAS FLORES, 4269","Rua das Flores, 4269",1,caixa alta corrigida
endereco,logradouro,"R. DAS FLORES, 4266","Rua das Flores, 4266",1,caixa alta corrigida
endereco,logradouro,"R. DAS FLORES, 4232","Rua das Flores, 4232",1,caixa alta corrigida
endereco,logradouro,"R. DAS FLORES, 4221","Rua das Flores, 4221",1,caixa alta corrigida
endereco,logradouro,"R. DAS FLORES, 4495","Rua das Flores, 4495",1,caixa alta corrigida
endereco,logradouro,"R. DAS FLORES, 4493","Rua das Flores, 4493",1,caixa alta corrigida
endereco,logradouro,"R. DAS FLORES, 4477","Rua das Flores, 4477",1,caixa alta corrigida
endereco,logradouro,"R. DAS FLORES, 4465","Rua das Flores, 4465",1,caixa alta corrigida
endereco,logradouro,"R. DAS FLORES, 4440","Rua das Flores, 4440",1,caixa alta corrigida
endereco,logradouro,"R. DAS FLORES, 4439","Rua das Flores, 4439",1,caixa alta corrigida
endereco,logradouro,"R. DAS FLORES, 4418","Rua das Flores, 4418",1,caixa alta corrigida
endereco,logradouro,"R. DAS FLORES, 4402","Rua das Flores, 4402",1,caixa alta corrigida
endereco,logradouro,"R. DAS FLORES, 4401","Rua das Flores, 4401",1,caixa alta corrigida
endereco,logradouro,"R. DAS FLORES, 4394","Rua das Flores, 4394",1,caixa alta corrigida
endereco,logradouro,"R. DAS FLORES, 438","Rua das Flores, 438",1,caixa alta corrigida
endereco,logradouro,"R. DAS FLORES, 4374","Rua das Flores, 4374",1,caixa alta corrigida
endereco,logradouro,"R. DAS FLORES, 4366","Rua das Flores, 4366",1,caixa alta corrigida
endereco,logradouro,"R. DAS FLORES, 4364","Rua das Flores, 4364",1,caixa alta corrigida
endereco,logradouro,"R. DAS FLORES, 4363","Rua das Flores, 4363",1,caixa alta corrigida
endereco,logradouro,"R. DAS FLORES, 4355","Rua das Flores, 4355",1,caixa alta corrigida
endereco,logradouro,"R. DAS FLORES, 4693","Rua das Flores, 4693",1,caixa alta corrigida
endereco,logradouro,"R. DAS FLORES, 4684","Rua das Flores, 4684",1,caixa alta corrigida
endereco,logradouro,"R. DAS FLORES, 4676","Rua das Flores, 4676",1,caixa alta corrigida
endereco,logradouro,"R. DAS FLORES, 4654","Rua das Flores, 4654",1,caixa alta corrigida
endereco,logradouro,"R. DAS FLORES, 4643","Rua das Flores, 4643",1,caixa alta corrigida
endereco,logradouro,"R. DAS FLORES, 4617","Rua das Flores, 4617",1,caixa alta corrigida
endereco,logradouro,"R. DAS FLORES, 4614","Rua das Flores, 4614",1,caixa alta corrigida
endereco,logradouro,"R. DAS FLORES, 4605","Rua das Flores, 4605",1,caixa alta corrigida
endereco,logradouro,"R. DAS FLORES, 4585","Rua das Flores, 4585",1,caixa alta corrigida
endereco,logradouro,"R. DAS FLORES, 4570","Rua das Flores, 4570",1,caixa alta corrigida
endereco,logradouro,"R. DAS FLORES, 4560","Rua das Flores, 4560",1,caixa alta corrigida
endereco,logradouro,"R. DAS FLORES, 4553","Rua das Flores, 4553",1,caixa alta corrigida
endereco,logradouro,"R. DAS FLORES, 454","Rua das Flores, 454",1,caixa alta corrigida
endereco,logradouro,"R. DAS FLORES, 4536","Rua das Flores, 4536",1,caixa alta corrigida
endereco,logradouro,"R. DAS FLORES, 4525","Rua das Flores, 4525",1,caixa alta corrigida
endereco,logradouro,"R. DAS FLORES, 4500","Rua das Flores, 4500",1,caixa alta corrigida
endereco,logradouro,"R. DAS FLORES, 4864","Rua das Flores, 4864",1,caixa alta corrigida
endereco,logradouro,"R. DAS FLORES, 4860","Rua das Flores, 4860",1,caixa alta corrigida
endereco,logradouro,"R. DAS FLORES, 4855","Rua das Flores, 4855",1,caixa alta corrigida
endereco,logradouro,"R. DAS FLORES, 4837","Rua das Flores, 4837",1,caixa alta corrigida
endereco,logradouro,"R. DAS FLORES, 483","Rua das Flores, 483",1,caixa alta corrigida
endereco,logradouro,"R. DAS FLORES, 4820","Rua das Flores, 4820",1,caixa alta corrigida
endereco,logradouro,"R. DAS FLORES, 4819","Rua das Flores, 4819",1,caixa alta corrigida
endereco,logradouro,"R. DAS FLORES, 4814","Rua das Flores, 4814",1,caixa alta corrigida
endereco,logradouro,"R. DAS FLORES, 4812","Rua das Flores, 4812",1,caixa alta corrigida
endereco,logradouro,"R. DAS FLORES, 4785","Rua das Flores, 4785",1,caixa alta corrigida
endereco,logradouro,"R. DAS FLORES, 4771","Rua das Flores, 4771",1,caixa alta corrigida
endereco,logradouro,"R. DAS FLORES, 4763","Rua das Flores, 4763",1,caixa alta corrigida
endereco,logradouro,"R. DAS FLORES, 4728","Rua das Flores, 4728",1,caixa alta corrigida
endereco,logradouro,"R. DAS FLORES, 4711","Rua das Flores, 4711",1,caixa alta corrigida
endereco,logradouro,"R. DAS FLORES, 470","Rua das Flores, 470",1,caixa alta corrigida
endereco,logradouro,"R. DAS FLORES, 4694","Rua das Flores, 4694",1,caixa alta corrigida
endereco,logradouro,"R. DAS FLORES, 577","Rua das Flores, 577",1,caixa alta corrigida
endereco,logradouro,"R. DAS FLORES, 563","Rua das Flores, 563",1,caixa alta corrigida
endereco,logradouro,"R. DAS FLORES, 545","Rua das Flores, 545",1,caixa alta corrigida
endereco,logradouro,"R. DAS FLORES, 529","Rua das Flores, 529",1,caixa alta corrigida
endereco,logradouro,"R. DAS FLORES, 527","Rua das Flores, 527",1,caixa alta corrigida
endereco,logradouro,"R. DAS FLORES, 521","Rua das Flores, 521",1,caixa alta corrigida
endereco,logradouro,"R. DAS FLORES, 4979","Rua das Flores, 4979",1,caixa alta corrigida
endereco,logradouro,"R. DAS FLORES, 496","Rua das Flores, 496",1,caixa alta corrigida
endereco,logradouro,"R. DAS FLORES, 4958","Rua das Flores, 4958",1,caixa alta corrigida
endereco,logradouro,"R. DAS FLORES, 4955","Rua das Flores, 4955",1,caixa alta corrigida
endereco,logradouro,"R. DAS FLORES, 493","Rua das Flores, 493",1,caixa alta corrigida
endereco,logradouro,"R. DAS FLORES, 4927","Rua das Flores, 4927",1,caixa alta corrigida
endereco,logradouro,"R. DAS FLORES, 4921","Rua das Flores, 4921",1,caixa alta corrigida
endereco,logradouro,"R. DAS FLORES, 4911","Rua das Flores, 4911",1,caixa alta corrigida
endereco,logradouro,"R. DAS FLORES, 4908","Rua das Flores, 4908",1,caixa alta corrigida
endereco,logradouro,"R. DAS FLORES, 4882","Rua das Flores, 4882",1,caixa alta corrigida
endereco,logradouro,"R. DAS FLORES, 823","Rua das Flores, 823",1,caixa alta corrigida
endereco,logradouro,"R. DAS FLORES, 82","Rua das Flores, 82",1,caixa alta corrigida
endereco,logradouro,"R. DAS FLORES, 814","Rua das Flores, 814",1,caixa alta corrigida
endereco,logradouro,"R. DAS FLORES, 794","Rua das Flores, 794",1,caixa alta corrigida
endereco,logradouro,"R. DAS FLORES, 787","Rua das Flores, 787",1,caixa alta corrigida
endereco,logradouro,"R. DAS FLORES, 782","Rua das Flores, 782",1,caixa alta corrigida
endereco,logradouro,"R. DAS FLORES, 776","Rua das Flores, 776",1,caixa alta corrigida
endereco,logradouro,"R. DAS FLORES, 746","Rua das Flores, 746",1,caixa alta corrigida
endereco,logradouro,"R. DAS FLORES, 696","Rua das Flores, 696",1,caixa alta corrigida
endereco,logradouro,"R. DAS FLORES, 693","Rua das Flores, 693",1,caixa alta corrigida
endereco,logradouro,"R. DAS FLORES, 688","Rua das Flores, 688",1,caixa alta corrigida
endereco,logradouro,"R. DAS FLORES, 683","Rua das Flores, 683",1,caixa alta corrigida
endereco,logradouro,"R. DAS FLORES, 677","Rua das Flores, 677",1,caixa alta corrigida
endereco,logradouro,"R. DAS FLORES, 639","Rua das Flores, 639",1,caixa alta corrigida
endereco,logradouro,"R. DAS FLORES, 607","Rua das Flores, 607",1,caixa alta corrigida
endereco,logradouro,"R. DAS FLORES, 585","Rua das Flores, 585",1,caixa alta corrigida
endereco,logradouro,"R. PROJETADA, 1009","Rua Projetada, 1009",1,caixa alta corrigida
endereco,logradouro,"R. PROJETADA, 100","Rua Projetada, 100",1,caixa alta corrigida
endereco,logradouro,R. DO COMÉRCIO 3379,Rua do Comércio 3379,1,caixa alta corrigida
endereco,logradouro,R. DO COMÉRCIO 2223,Rua do Comércio 2223,1,caixa alta corrigida
endereco,logradouro,R. DO COMÉRCIO 20,Rua do Comércio 20,1,caixa alta corrigida
endereco,logradouro,R. DO COMÉRCIO 159,Rua do Comércio 159,1,caixa alta corrigida
endereco,logradouro,"R. DAS FLORES, 995","Rua das Flores, 995",1,caixa alta corrigida
endereco,logradouro,"R. DAS FLORES, 99","Rua das Flores, 99",1,caixa alta corrigida
endereco,logradouro,"R. DAS FLORES, 972","Rua das Flores, 972",1,caixa alta corrigida
endereco,logradouro,"R. DAS FLORES, 963","Rua das Flores, 963",1,caixa alta corrigida
endereco,logradouro,"R. DAS FLORES, 910","Rua das Flores, 910",1,caixa alta corrigida
endereco,logradouro,"R. DAS FLORES, 881","Rua das Flores, 881",1,caixa alta corrigida
endereco,logradouro,"R. DAS FLORES, 842","Rua das Flores, 842",1,caixa alta corrigida
endereco,logradouro,"R. DAS FLORES, 836","Rua das Flores, 836",1,caixa alta corrigida
endereco,logradouro,"R. DAS FLORES, 835","Rua das Flores, 835",1,caixa alta corrigida
endereco,logradouro,"R. DAS FLORES, 826","Rua das Flores, 826",1,caixa alta corrigida
endereco,logradouro,"R. PROJETADA, 1173","Rua Projetada, 1173",1,caixa alta corrigida
endereco,logradouro,"R. PROJETADA, 1170","Rua Projetada, 1170",1,caixa alta corrigida
endereco,logradouro,"R. PROJETADA, 1160","Rua Projetada, 1160",1,caixa alta corrigida
endereco,logradouro,"R. PROJETADA, 1143","Rua Projetada, 1143",1,caixa alta corrigida
endereco,logradouro,"R. PROJETADA, 1139","Rua Projetada, 1139",1,caixa alta corrigida
endereco,logradouro,"R. PROJETADA, 1133","Rua Projetada, 1133",1,caixa alta corrigida
endereco,logradouro,"R. PROJETADA, 1132","Rua Projetada, 1132",1,caixa alta corrigida
endereco,logradouro,"R. PROJETADA, 1120","Rua Projetada, 1120",1,caixa alta corrigida
endereco,logradouro,"R. PROJETADA, 1116","Rua Projetada, 1116",1,caixa alta corrigida
endereco,logradouro,"R. PROJETADA, 1110","Rua Projetada, 1110",1,caixa alta corrigida
endereco,logradouro,"R. PROJETADA, 1107","Rua Projetada, 1107",1,caixa alta corrigida
endereco,logradouro,"R. PROJETADA, 1098","Rua Projetada, 1098",1,caixa alta corrigida
endereco,logradouro,"R. PROJETADA, 1091","Rua Projetada, 1091",1,caixa alta corrigida
endereco,logradouro,"R. PROJETADA, 1066","Rua Projetada, 1066",1,caixa alta corrigida
endereco,logradouro,"R. PROJETADA, 106","Rua Projetada, 106",1,caixa alta corrigida
endereco,logradouro,"R. PROJETADA, 1016","Rua Projetada, 1016",1,caixa alta corrigida
endereco,logradouro,"R. PROJETADA, 133","Rua Projetada, 133",1,caixa alta corrigida
endereco,logradouro,"R. PROJETADA, 1326","Rua Projetada, 1326",1,caixa alta corrigida
endereco,logradouro,"R. PROJETADA, 1308","Rua Projetada, 1308",1,caixa alta corrigida
endereco,logradouro,"R. PROJETADA, 1289","Rua Projetada, 1289",1,caixa alta corrigida
endereco,logradouro,"R. PROJETADA, 1257","Rua Projetada, 1257",1,caixa alta corrigida
endereco,logradouro,"R. PROJETADA, 1234","Rua Projetada, 1234",1,caixa alta corrigida
endereco,logradouro,"R. PROJETADA, 1230","Rua Projetada, 1230",1,caixa alta corrigida
endereco,logradouro,"R. PROJETADA, 1228","Rua Projetada, 1228",1,caixa alta corrigida
endereco,logradouro,"R. PROJETADA, 1210","Rua Projetada, 1210",1,caixa alta corrigida
endereco,logradouro,"R. PROJETADA, 1208","Rua Projetada, 1208",1,caixa alta corrigida
endereco,logradouro,"R. PROJETADA, 120","Rua Projetada, 120",1,caixa alta corrigida
endereco,logradouro,"R. PROJETADA, 1192","Rua Projetada, 1192",1,caixa alta corrigida
endereco,logradouro,"R. PROJETADA, 1187","Rua Projetada, 1187",1,caixa alta corrigida
endereco,logradouro,"R. PROJETADA, 1183","Rua Projetada, 1183",1,caixa alta corrigida
endereco,logradouro,"R. PROJETADA, 1182","Rua Projetada, 1182",1,caixa alta corrigida
endereco,logradouro,"R. PROJETADA, 1179","Rua Projetada, 1179",1,caixa alta corrigida
endereco,logradouro,"R. PROJETADA, 1486","Rua Projetada, 1486",1,caixa alta corrigida
endereco,logradouro,"R. PROJETADA, 1480","Rua Projetada, 1480",1,caixa alta corrigida
endereco,logradouro,"R. PROJETADA, 1467","Rua Projetada, 1467",1,caixa alta corrigida
endereco,logradouro,"R. PROJETADA, 1464","Rua Projetada, 1464",1,caixa alta corrigida
endereco,logradouro,"R. PROJETADA, 1457","Rua Projetada, 1457",1,caixa alta corrigida
endereco,logradouro,"R. PROJETADA, 145","Rua Projetada, 145",1,caixa alta corrigida
endereco,logradouro,"R. PROJETADA, 1447","Rua Projetada, 1447",1,caixa alta corrigida
endereco,logradouro,"R. PROJETADA, 1432","Rua Projetada, 1432",1,caixa alta corrigida
endereco,logradouro,"R. PROJETADA, 1426","Rua Projetada, 1426",1,caixa alta corrigida
endereco,logradouro,"R. PROJETADA, 1420","Rua Projetada, 1420",1,caixa alta corrigida
endereco,logradouro,"R. PROJETADA, 1414","Rua Projetada, 1414",1,caixa alta corrigida
endereco,logradouro,"R. PROJETADA, 1411","Rua Projetada, 1411",1,caixa alta corrigida
endereco,logradouro,"R. PROJETADA, 1363","Rua Projetada, 1363",1,caixa alta corrigida
endereco,logradouro,"R. PROJETADA, 1358","Rua Projetada, 1358",1,caixa alta corrigida
endereco,logradouro,"R. PROJETADA, 1349","Rua Projetada, 1349",1,caixa alta corrigida
endereco,logradouro,"R. PROJETADA, 134","Rua Projetada, 134",1,caixa alta corrigida
endereco,logradouro,"R. PROJETADA, 1632","Rua Projetada, 1632",1,caixa alta corrigida
endereco,logradouro,"R. PROJETADA, 1627","Rua Projetada, 1627",1,caixa alta corrigida
endereco,logradouro,"R. PROJETADA, 1600","Rua Projetada, 1600",1,caixa alta corrigida
endereco,logradouro,"R. PROJETADA, 1598","Rua Projetada, 1598",1,caixa alta corrigida
endereco,logradouro,"R. PROJETADA, 1591","Rua Projetada, 1591",1,caixa alta corrigida
endereco,logradouro,"R. PROJETADA, 1589","Rua Projetada, 1589",1,caixa alta corrigida
endereco,logradouro,"R. PROJETADA, 1575","Rua Projetada, 1575",1,caixa alta corrigida
endereco,logradouro,"R. PROJETADA, 1571","Rua Projetada, 1571",1,caixa alta corrigida
endereco,logradouro,"R. PROJETADA, 157","Rua Projetada, 157",1,caixa alta corrigida
endereco,logradouro,"R. PROJETADA, 1556","Rua Projetada, 1556",1,caixa alta corrigida
endereco,logradouro,"R. PROJETADA, 1551","Rua Projetada, 1551",1,caixa alta corrigida
endereco,logradouro,"R. PROJETADA, 1550","Rua Projetada, 1550",1,caixa alta corrigida
endereco,logradouro,"R. PROJETADA, 1549","Rua Projetada, 1549",1,caixa alta corrigida
endereco,logradouro,"R. PROJETADA, 1532","Rua Projetada, 1532",1,caixa alta corrigida
endereco,logradouro,"R. PROJETADA, 1500","Rua Projetada, 1500",1,caixa alta corrigida
endereco,logradouro,"R. PROJETADA, 1498","Rua Projetada, 1498",1,caixa alta corrigida
endereco,logradouro,"R. PROJETADA, 1808","Rua Projetada, 1808",1,caixa alta corrigida
endereco,logradouro,"R. PROJETADA, 1788","Rua Projetada, 1788",1,caixa alta corrigida
endereco,logradouro,"R. PROJETADA, 1784","Rua Projetada, 1784",1,caixa alta corrigida
endereco,logradouro,"R. PROJETADA, 1765","Rua Projetada, 1765",1,caixa alta corrigida
endereco,logradouro,"R. PROJETADA, 1735","Rua Projetada, 1735",1,caixa alta corrigida
endereco,logradouro,"R. PROJETADA, 1722","Rua Projetada, 1722",1,caixa alta corrigida
endereco,logradouro,"R. PROJETADA, 1717","Rua Projetada, 1717",1,caixa alta corrigida
endereco,logradouro,"R. PROJETADA, 1715","Rua Projetada, 1715",1,caixa alta corrigida
endereco,logradouro,"R. PROJETADA, 1714","Rua Projetada, 1714",1,caixa alta corrigida
endereco,logradouro,"R. PROJETADA, 1689","Rua Projetada, 1689",1,caixa alta corrigida
endereco,logradouro,"R. PROJETADA, 1684","Rua Projetada, 1684",1,caixa alta corrigida
endereco,logradouro,"R. PROJETADA, 1681","Rua Projetada, 1681",1,caixa alta corrigida
endereco,logradouro,"R. PROJETADA, 1662","Rua Projetada, 1662",1,caixa alta corrigida
endereco,logradouro,"R. PROJETADA, 1654","Rua Projetada, 1654",1,caixa alta corrigida
endereco,logradouro,"R. PROJETADA, 164","Rua Projetada, 164",1,caixa alta corrigida
endereco,logradouro,"R. PROJETADA, 1635","Rua Projetada, 1635",1,caixa alta corrigida
endereco,logradouro,"R. PROJETADA, 1972","Rua Projetada, 1972",1,caixa alta corrigida
endereco,logradouro,"R. PROJETADA, 1966","Rua Projetada, 1966",1,caixa alta corrigida
endereco,logradouro,"R. PROJETADA, 1961","Rua Projetada, 1961",1,caixa alta corrigida
endereco,logradouro,"R. PROJETADA, 1956","Rua Projetada, 1956",1,caixa alta corrigida
endereco,logradouro,"R. PROJETADA, 1941","Rua Projetada, 1941",1,caixa alta corrigida
endereco,logradouro,"R. PROJETADA, 1939","Rua Projetada, 1939",1,caixa alta corrigida
endereco,logradouro,"R. PROJETADA, 1935","Rua Projetada, 1935",1,caixa alta corrigida
endereco,logradouro,"R. PROJETADA, 1906","Rua Projetada, 1906",1,caixa alta corrigida
endereco,logradouro,"R. PROJETADA, 1902","Rua Projetada, 1902",1,caixa alta corrigida
endereco,logradouro,"R. PROJETADA, 1896","Rua Projetada, 1896",1,caixa alta corrigida
endereco,logradouro,"R. PROJETADA, 1864","Rua Projetada, 1864",1,caixa alta corrigida
endereco,logradouro,"R. PROJETADA, 1862","Rua Projetada, 1862",1,caixa alta corrigida
endereco,logradouro,"R. PROJETADA, 1860","Rua Projetada, 1860",1,caixa alta corrigida
endereco,logradouro,"R. PROJETADA, 1849","Rua Projetada, 1849",1,caixa alta corrigida
endereco,logradouro,"R. PROJETADA, 1845","Rua Projetada, 1845",1,caixa alta corrigida
endereco,logradouro,"R. PROJETADA, 1820","Rua Projetada, 1820",1,caixa alta corrigida
endereco,logradouro,"R. PROJETADA, 2270","Rua Projetada, 2270",1,caixa alta corrigida
endereco,logradouro,"R. PROJETADA, 2261","Rua Projetada, 2261",1,caixa alta corrigida
endereco,logradouro,"R. PROJETADA, 2260","Rua Projetada, 2260",1,caixa alta corrigida
endereco,logradouro,"R. PROJETADA, 2249","Rua Projetada, 2249",1,caixa alta corrigida
endereco,logradouro,"R. PROJETADA, 2241","Rua Projetada, 2241",1,caixa alta corrigida
endereco,logradouro,"R. PROJETADA, 2125","Rua Projetada, 2125",1,caixa alta corrigida
endereco,logradouro,"R. PROJETADA, 2107","Rua Projetada, 2107",1,caixa alta corrigida
endereco,logradouro,"R. PROJETADA, 2084","Rua Projetada, 2084",1,caixa alta corrigida
endereco,logradouro,"R. PROJETADA, 2077","Rua Projetada, 2077",1,caixa alta corrigida
endereco,logradouro,"R. PROJETADA, 2064","Rua Projetada, 2064",1,caixa alta corrigida
endereco,logradouro,"R. PROJETADA, 205","Rua Projetada, 205",1,caixa alta corrigida
endereco,logradouro,"R. PROJETADA, 2043","Rua Projetada, 2043",1,caixa alta corrigida
endereco,logradouro,"R. PROJETADA, 2040","Rua Projetada, 2040",1,caixa alta corrigida
endereco,logradouro,"R. PROJETADA, 2011","Rua Projetada, 2011",1,caixa alta corrigida
endereco,logradouro,"R. PROJETADA, 2009","Rua Projetada, 2009",1,caixa alta corrigida
endereco,logradouro,"R. PROJETADA, 199","Rua Projetada, 199",1,caixa alta corrigida
endereco,logradouro,"R. Brasil, 3983","Rua Brasil, 3983",1,abreviação expandida
endereco,logradouro,"R. Brasil, 3982","Rua Brasil, 3982",1,abreviação expandida
endereco,logradouro,"R. Brasil, 3980","Rua Brasil, 3980",1,abreviação expandida
endereco,logradouro,"R. Brasil, 3973","Rua Brasil, 3973",1,abreviação expandida
endereco,logradouro,"R. Brasil, 3966","Rua Brasil, 3966",1,abreviação expandida
endereco,logradouro,"R. Brasil, 3965","Rua Brasil, 3965",1,abreviação expandida
endereco,logradouro,"R. Brasil, 3962","Rua Brasil, 3962",1,abreviação expandida
endereco,logradouro,"R. Brasil, 3960","Rua Brasil, 3960",1,abreviação expandida
endereco,logradouro,"R. Brasil, 3958","Rua Brasil, 3958",1,abreviação expandida
endereco,logradouro,"R. Brasil, 3956","Rua Brasil, 3956",1,abreviação expandida
endereco,logradouro,"R. Brasil, 3955","Rua Brasil, 3955",1,abreviação expandida
endereco,logradouro,"R. Brasil, 3952","Rua Brasil, 3952",1,abreviação expandida
endereco,logradouro,"R. Brasil, 3951","Rua Brasil, 3951",1,abreviação expandida
endereco,logradouro,"R. PROJETADA, 2281","Rua Projetada, 2281",1,caixa alta corrigida
endereco,logradouro,"R. PROJETADA, 2279","Rua Projetada, 2279",1,caixa alta corrigida
endereco,logradouro,"R. PROJETADA, 2273","Rua Projetada, 2273",1,caixa alta corrigida
endereco,logradouro,"R. PROJETADA, 2419","Rua Projetada, 2419",1,caixa alta corrigida
endereco,logradouro,"R. PROJETADA, 241","Rua Projetada, 241",1,caixa alta corrigida
endereco,logradouro,"R. PROJETADA, 2400","Rua Projetada, 2400",1,caixa alta corrigida
endereco,logradouro,"R. PROJETADA, 24","Rua Projetada, 24",1,caixa alta corrigida
endereco,logradouro,"R. PROJETADA, 2367","Rua Projetada, 2367",1,caixa alta corrigida
endereco,logradouro,"R. PROJETADA, 2365","Rua Projetada, 2365",1,caixa alta corrigida
endereco,logradouro,"R. PROJETADA, 236","Rua Projetada, 236",1,caixa alta corrigida
endereco,logradouro,"R. PROJETADA, 2358","Rua Projetada, 2358",1,caixa alta corrigida
endereco,logradouro,"R. PROJETADA, 2348","Rua Projetada, 2348",1,caixa alta corrigida
endereco,logradouro,"R. PROJETADA, 2340","Rua Projetada, 2340",1,caixa alta corrigida
endereco,logradouro,"R. PROJETADA, 2337","Rua Projetada, 2337",1,caixa alta corrigida
endereco,logradouro,"R. PROJETADA, 2315","Rua Projetada, 2315",1,caixa alta corrigida
endereco,logradouro,"R. PROJETADA, 2311","Rua Projetada, 2311",1,caixa alta corrigida
endereco,logradouro,"R. PROJETADA, 2309","Rua Projetada, 2309",1,caixa alta corrigida
endereco,logradouro,"R. PROJETADA, 2307","Rua Projetada, 2307",1,caixa alta corrigida
endereco,logradouro,"R. Brasil, 3984","Rua Brasil, 3984",1,abreviação expandida
endereco,logradouro,"R. PROJETADA, 2577","Rua Projetada, 2577",1,caixa alta corrigida
endereco,logradouro,"R. PROJETADA, 2572","Rua Projetada, 2572",1,caixa alta corrigida
endereco,logradouro,"R. PROJETADA, 2567","Rua Projetada, 2567",1,caixa alta corrigida
endereco,logradouro,"R. PROJETADA, 255","Rua Projetada, 255",1,caixa alta corrigida
endereco,logradouro,"R. PROJETADA, 2539","Rua Projetada, 2539",1,caixa alta corrigida
endereco,logradouro,"R. PROJETADA, 2527","Rua Projetada, 2527",1,caixa alta corrigida
endereco,logradouro,"R. PROJETADA, 2516","Rua Projetada, 2516",1,caixa alta corrigida
endereco,logradouro,"R. PROJETADA, 2514","Rua Projetada, 2514",1,caixa alta corrigida
endereco,logradouro,"R. PROJETADA, 2510","Rua Projetada, 2510",1,caixa alta corrigida
endereco,logradouro,"R. PROJETADA, 2502","Rua Projetada, 2502",1,caixa alta corrigida
endereco,logradouro,"R. PROJETADA, 2476","Rua Projetada, 2476",1,caixa alta corrigida
endereco,logradouro,"R. PROJETADA, 2462","Rua Projetada, 2462",1,caixa alta corrigida
endereco,logradouro,"R. PROJETADA, 245","Rua Projetada, 245",1,caixa alta corrigida
endereco,logradouro,"R. PROJETADA, 2442","Rua Projetada, 2442",1,caixa alta corrigida
endereco,logradouro,"R. PROJETADA, 2426","Rua Projetada, 2426",1,caixa alta corrigida
endereco,logradouro,"R. PROJETADA, 2425","Rua Projetada, 2425",1,caixa alta corrigida
endereco,logradouro,"R. PROJETADA, 2682","Rua Projetada, 2682",1,caixa alta corrigida
endereco,logradouro,"R. PROJETADA, 268","Rua Projetada, 268",1,caixa alta corrigida
endereco,logradouro,"R. PROJETADA, 2667","Rua Projetada, 2667",1,caixa alta corrigida
endereco,logradouro,"R. PROJETADA, 2661","Rua Projetada, 2661",1,caixa alta corrigida
endereco,logradouro,"R. PROJETADA, 2660","Rua Projetada, 2660",1,caixa alta corrigida
endereco,logradouro,"R. PROJETADA, 2653","Rua Projetada, 2653",1,caixa alta corrigida
endereco,logradouro,"R. PROJETADA, 265","Rua Projetada, 265",1,caixa alta corrigida
endereco,logradouro,"R. PROJETADA, 2644","Rua Projetada, 2644",1,caixa alta corrigida
endereco,logradouro,"R. PROJETADA, 2637","Rua Projetada, 2637",1,caixa alta corrigida
endereco,logradouro,"R. PROJETADA, 2628","Rua Projetada, 2628",1,caixa alta corrigida
endereco,logradouro,"R. PROJETADA, 2621","Rua Projetada, 2621",1,caixa alta corrigida
endereco,logradouro,"R. PROJETADA, 262","Rua Projetada, 262",1,caixa alta corrigida
endereco,logradouro,"R. PROJETADA, 2611","Rua Projetada, 2611",1,caixa alta corrigida
endereco,logradouro,"R. PROJETADA, 2604","Rua Projetada, 2604",1,caixa alta corrigida
endereco,logradouro,"R. PROJETADA, 2592","Rua Projetada, 2592",1,caixa alta corrigida
endereco,logradouro,"R. PROJETADA, 2581","Rua Projetada, 2581",1,caixa alta corrigida
endereco,logradouro,"R. PROJETADA, 285","Rua Projetada, 285",1,caixa alta corrigida
endereco,logradouro,"R. PROJETADA, 2835","Rua Projetada, 2835",1,caixa alta corrigida
endereco,logradouro,"R. PROJETADA, 2833","Rua Projetada, 2833",1,caixa alta corrigida
endereco,logradouro,"R. PROJETADA, 2823","Rua Projetada, 2823",1,caixa alta corrigida
endereco,logradouro,"R. PROJETADA, 2813","Rua Projetada, 2813",1,caixa alta corrigida
endereco,logradouro,"R. PROJETADA, 2802","Rua Projetada, 2802",1,caixa alta corrigida
endereco,logradouro,"R. PROJETADA, 2800","Rua Projetada, 2800",1,caixa alta corrigida
endereco,logradouro,"R. PROJETADA, 2799","Rua Projetada, 2799",1,caixa alta corrigida
endereco,logradouro,"R. PROJETADA, 2796","Rua Projetada, 2796",1,caixa alta corrigida
endereco,logradouro,"R. PROJETADA, 2792","Rua Projetada, 2792",1,caixa alta corrigida
endereco,logradouro,"R. PROJETADA, 2771","Rua Projetada, 2771",1,caixa alta corrigida
endereco,logradouro,"R. PROJETADA, 2770","Rua Projetada, 2770",1,caixa alta corrigida
endereco,logradouro,"R. PROJETADA, 2765","Rua Projetada, 2765",1,caixa alta corrigida
endereco,logradouro,"R. PROJETADA, 276","Rua Projetada, 276",1,caixa alta corrigida
endereco,logradouro,"R. PROJETADA, 2728","Rua Projetada, 2728",1,caixa alta corrigida
endereco,logradouro,"R. PROJETADA, 2699","Rua Projetada, 2699",1,caixa alta corrigida
endereco,logradouro,"R. PROJETADA, 2987","Rua Projetada, 2987",1,caixa alta corrigida
endereco,logradouro,"R. PROJETADA, 2986","Rua Projetada, 2986",1,caixa alta corrigida
endereco,logradouro,"R. PROJETADA, 2984","Rua Projetada, 2984",1,caixa alta corrigida
endereco,logradouro,"R. PROJETADA, 2983","Rua Projetada, 2983",1,caixa alta corrigida
endereco,logradouro,"R. PROJETADA, 2968","Rua Projetada, 2968",1,caixa alta corrigida
endereco,logradouro,"R. PROJETADA, 2966","Rua Projetada, 2966",1,caixa alta corrigida
endereco,logradouro,"R. PROJETADA, 2963","Rua Projetada, 2963",1,caixa alta corrigida
endereco,logradouro,"R. PROJETADA, 2956","Rua Projetada, 2956",1,caixa alta corrigida
endereco,logradouro,"R. PROJETADA, 2953","Rua Projetada, 2953",1,caixa alta corrigida
endereco,logradouro,"R. PROJETADA, 2951","Rua Projetada, 2951",1,caixa alta corrigida
endereco,logradouro,"R. PROJETADA, 2950","Rua Projetada, 2950",1,caixa alta corrigida
endereco,logradouro,"R. PROJETADA, 2943","Rua Projetada, 2943",1,caixa alta corrigida
endereco,logradouro,"R. PROJETADA, 2941","Rua Projetada, 2941",1,caixa alta corrigida
endereco,logradouro,"R. PROJETADA, 2900","Rua Projetada, 2900",1,caixa alta corrigida
endereco,logradouro,"R. PROJETADA, 2885","Rua Projetada, 2885",1,caixa alta corrigida
endereco,logradouro,"R. PROJETADA, 2871","Rua Projetada, 2871",1,caixa alta corrigida
endereco,logradouro,"R. PROJETADA, 3174","Rua Projetada, 3174",1,caixa alta corrigida
endereco,logradouro,"R. PROJETADA, 3165","Rua Projetada, 3165",1,caixa alta corrigida
endereco,logradouro,"R. PROJETADA, 3163","Rua Projetada, 3163",1,caixa alta corrigida
endereco,logradouro,"R. PROJETADA, 3149","Rua Projetada, 3149",1,caixa alta corrigida
endereco,logradouro,"R. PROJETADA, 3129","Rua Projetada, 3129",1,caixa alta corrigida
endereco,logradouro,"R. PROJETADA, 3107","Rua Projetada, 3107",1,caixa alta corrigida
endereco,logradouro,"R. PROJETADA, 3089","Rua Projetada, 3089",1,caixa alta corrigida
endereco,logradouro,"R. PROJETADA, 3076","Rua Projetada, 3076",1,caixa alta corrigida
endereco,logradouro,"R. PROJETADA, 3046","Rua Projetada, 3046",1,caixa alta corrigida
endereco,logradouro,"R. PROJETADA, 3030","Rua Projetada, 3030",1,caixa alta corrigida
endereco,logradouro,"R. PROJETADA, 3024","Rua Projetada, 3024",1,caixa alta corrigida
endereco,logradouro,"R. PROJETADA, 3023","Rua Projetada, 3023",1,caixa alta corrigida
endereco,logradouro,"R. PROJETADA, 3019","Rua Projetada, 3019",1,caixa alta corrigida
endereco,logradouro,"R. PROJETADA, 3010","Rua Projetada, 3010",1,caixa alta corrigida
endereco,logradouro,"R. PROJETADA, 3004","Rua Projetada, 3004",1,caixa alta corrigida
endereco,logradouro,"R. PROJETADA, 2998","Rua Projetada, 2998",1,caixa alta corrigida
endereco,logradouro,"R. PROJETADA, 3452","Rua Projetada, 3452",1,caixa alta corrigida
endereco,logradouro,"R. PROJETADA, 3450","Rua Projetada, 3450",1,caixa alta corrigida
endereco,logradouro,"R. PROJETADA, 3363","Rua Projetada, 3363",1,caixa alta corrigida
endereco,logradouro,"R. PROJETADA, 3360","Rua Projetada, 3360",1,caixa alta corrigida
endereco,logradouro,"R. PROJETADA, 3344","Rua Projetada, 3344",1,caixa alta corrigida
endereco,logradouro,"R. PROJETADA, 3342","Rua Projetada, 3342",1,caixa alta corrigida
endereco,logradouro,"R. PROJETADA, 3338","Rua Projetada, 3338",1,caixa alta corrigida
endereco,logradouro,"R. PROJETADA, 3331","Rua Projetada, 3331",1,caixa alta corrigida
endereco,logradouro,"R. PROJETADA, 3328","Rua Projetada, 3328",1,caixa alta corrigida
endereco,logradouro,"R. PROJETADA, 3302","Rua Projetada, 3302",1,caixa alta corrigida
endereco,logradouro,"R. PROJETADA, 3295","Rua Projetada, 3295",1,caixa alta corrigida
endereco,logradouro,"R. PROJETADA, 3242","Rua Projetada, 3242",1,caixa alta corrigida
endereco,logradouro,"R. PROJETADA, 3236","Rua Projetada, 3236",1,caixa alta corrigida
endereco,logradouro,"R. PROJETADA, 3223","Rua Projetada, 3223",1,caixa alta corrigida
endereco,logradouro,"R. PROJETADA, 3209","Rua Projetada, 3209",1,caixa alta corrigida
endereco,logradouro,"R. PROJETADA, 3203","Rua Projetada, 3203",1,caixa alta corrigida
endereco,logradouro,"R. PROJETADA, 3589","Rua Projetada, 3589",1,caixa alta corrigida
endereco,logradouro,"R. PROJETADA, 3579","Rua Projetada, 3579",1,caixa alta corrigida
endereco,logradouro,"R. PROJETADA, 3576","Rua Projetada, 3576",1,caixa alta corrigida
endereco,logradouro,"R. PROJETADA, 3572","Rua Projetada, 3572",1,caixa alta corrigida
endereco,logradouro,"R. PROJETADA, 3565","Rua Projetada, 3565",1,caixa alta corrigida
endereco,logradouro,"R. PROJETADA, 3546","Rua Projetada, 3546",1,caixa alta corrigida
endereco,logradouro,"R. PROJETADA, 3542","Rua Projetada, 3542",1,caixa alta corrigida
endereco,logradouro,"R. PROJETADA, 353","Rua Projetada, 353",1,caixa alta corrigida
endereco,logradouro,"R. PROJETADA, 3518","Rua Projetada, 3518",1,caixa alta corrigida
endereco,logradouro,"R. PROJETADA, 3498","Rua Projetada, 3498",1,caixa alta corrigida
endereco,logradouro,"R. PROJETADA, 349","Rua Projetada, 349",1,caixa alta corrigida
endereco,logradouro,"R. PROJETADA, 3472","Rua Projetada, 3472",1,caixa alta corrigida
endereco,logradouro,"R. PROJETADA, 3470","Rua Projetada, 3470",1,caixa alta corrigida
endereco,logradouro,"R. PROJETADA, 3466","Rua Projetada, 3466",1,caixa alta corrigida
endereco,logradouro,"R. PROJETADA, 3458","Rua Projetada, 3458",1,caixa alta corrigida
endereco,logradouro,"R. PROJETADA, 3454","Rua Projetada, 3454",1,caixa alta corrigida
endereco,logradouro,"R. PROJETADA, 3786","Rua Projetada, 3786",1,caixa alta corrigida
endereco,logradouro,"R. PROJETADA, 3762","Rua Projetada, 3762",1,caixa alta corrigida
endereco,logradouro,"R. PROJETADA, 3760","Rua Projetada, 3760",1,caixa alta corrigida
endereco,logradouro,"R. PROJETADA, 3756","Rua Projetada, 3756",1,caixa alta corrigida
endereco,logradouro,"R. PROJETADA, 371","Rua Projetada, 371",1,caixa alta corrigida
endereco,logradouro,"R. PROJETADA, 3709","Rua Projetada, 3709",1,caixa alta corrigida
endereco,logradouro,"R. PROJETADA, 3706","Rua Projetada, 3706",1,caixa alta corrigida
endereco,logradouro,"R. PROJETADA, 3695","Rua Projetada, 3695",1,caixa alta corrigida
endereco,logradouro,"R. PROJETADA, 368","Rua Projetada, 368",1,caixa alta corrigida
endereco,logradouro,"R. PROJETADA, 3679","Rua Projetada, 3679",1,caixa alta corrigida
endereco,logradouro,"R. PROJETADA, 3668","Rua Projetada, 3668",1,caixa alta corrigida
endereco,logradouro,"R. PROJETADA, 3641","Rua Projetada, 3641",1,caixa alta corrigida
endereco,logradouro,"R. PROJETADA, 3637","Rua Projetada, 3637",1,caixa alta corrigida
endereco,logradouro,"R. PROJETADA, 3615","Rua Projetada, 3615",1,caixa alta corrigida
endereco,logradouro,"R. PROJETADA, 3600","Rua Projetada, 3600",1,caixa alta corrigida
endereco,logradouro,"R. PROJETADA, 3599","Rua Projetada, 3599",1,caixa alta corrigida
endereco,logradouro,"R. PROJETADA, 3970","Rua Projetada, 3970",1,caixa alta corrigida
endereco,logradouro,"R. PROJETADA, 3920","Rua Projetada, 3920",1,caixa alta corrigida
endereco,logradouro,"R. PROJETADA, 3885","Rua Projetada, 3885",1,caixa alta corrigida
endereco,logradouro,"R. PROJETADA, 3881","Rua Projetada, 3881",1,caixa alta corrigida
endereco,logradouro,"R. PROJETADA, 3872","Rua Projetada, 3872",1,caixa alta corrigida
endereco,logradouro,"R. PROJETADA, 3860","Rua Projetada, 3860",1,caixa alta corrigida
endereco,logradouro,"R. PROJETADA, 3847","Rua Projetada, 3847",1,caixa alta corrigida
endereco,logradouro,"R. PROJETADA, 3835","Rua Projetada, 3835",1,caixa alta corrigida
endereco,logradouro,"R. PROJETADA, 3834","Rua Projetada, 3834",1,caixa alta corrigida
endereco,logradouro,"R. PROJETADA, 3832","Rua Projetada, 3832",1,caixa alta corrigida
endereco,logradouro,"R. PROJETADA, 3811","Rua Projetada, 3811",1,caixa alta corrigida
endereco,logradouro,"R. PROJETADA, 3806","Rua Projetada, 3806",1,caixa alta corrigida
endereco,logradouro,"R. PROJETADA, 3801","Rua Projetada, 3801",1,caixa alta corrigida
endereco,logradouro,"R. PROJETADA, 3798","Rua Projetada, 3798",1,caixa alta corrigida
endereco,logradouro,"R. PROJETADA, 3790","Rua Projetada, 3790",1,caixa alta corrigida
endereco,logradouro,"R. PROJETADA, 3788","Rua Projetada, 3788",1,caixa alta corrigida
endereco,logradouro,"R. PROJETADA, 42","Rua Projetada, 42",1,caixa alta corrigida
endereco,logradouro,"R. PROJETADA, 4197","Rua Projetada, 4197",1,caixa alta corrigida
endereco,logradouro,"R. PROJETADA, 4195","Rua Projetada, 4195",1,caixa alta corrigida
endereco,logradouro,"R. PROJETADA, 4181","Rua Projetada, 4181",1,caixa alta corrigida
endereco,logradouro,"R. PROJETADA, 418","Rua Projetada, 418",1,caixa alta corrigida
endereco,logradouro,"R. PROJETADA, 4160","Rua Projetada, 4160",1,caixa alta corrigida
endereco,logradouro,"R. PROJETADA, 4115","Rua Projetada, 4115",1,caixa alta corrigida
endereco,logradouro,"R. PROJETADA, 4113","Rua Projetada, 4113",1,caixa alta corrigida
endereco,logradouro,"R. PROJETADA, 411","Rua Projetada, 411",1,caixa alta corrigida
endereco,logradouro,"R. PROJETADA, 4100","Rua Projetada, 4100",1,caixa alta corrigida
endereco,logradouro,"R. PROJETADA, 4078","Rua Projetada, 4078",1,caixa alta corrigida
endereco,logradouro,"R. PROJETADA, 406","Rua Projetada, 406",1,caixa alta corrigida
endereco,logradouro,"R. PROJETADA, 4056","Rua Projetada, 4056",1,caixa alta corrigida
endereco,logradouro,"R. PROJETADA, 4050","Rua Projetada, 4050",1,caixa alta corrigida
endereco,logradouro,"R. PROJETADA, 4029","Rua Projetada, 4029",1,caixa alta corrigida
endereco,logradouro,"R. PROJETADA, 3978","Rua Projetada, 3978",1,caixa alta corrigida
endereco,logradouro,"R. PROJETADA, 4402","Rua Projetada, 4402",1,caixa alta corrigida
endereco,logradouro,"R. PROJETADA, 4361","Rua Projetada, 4361",1,caixa alta corrigida
endereco,logradouro,"R. PROJETADA, 4348","Rua Projetada, 4348",1,caixa alta corrigida
endereco,logradouro,"R. PROJETADA, 4345","Rua Projetada, 4345",1,caixa alta corrigida
endereco,logradouro,"R. PROJETADA, 434","Rua Projetada, 434",1,caixa alta corrigida
endereco,logradouro,"R. PROJETADA, 4339","Rua Projetada, 4339",1,caixa alta corrigida
endereco,logradouro,"R. PROJETADA, 4320","Rua Projetada, 4320",1,caixa alta corrigida
endereco,logradouro,"R. PROJETADA, 4288","Rua Projetada, 4288",1,caixa alta corrigida
endereco,logradouro,"R. PROJETADA, 4280","Rua Projetada, 4280",1,caixa alta corrigida
endereco,logradouro,"R. PROJETADA, 4277","Rua Projetada, 4277",1,caixa alta corrigida
endereco,logradouro,"R. PROJETADA, 4276","Rua Projetada, 4276",1,caixa alta corrigida
endereco,logradouro,"R. PROJETADA, 4267","Rua Projetada, 4267",1,caixa alta corrigida
endereco,logradouro,"R. PROJETADA, 4263","Rua Projetada, 4263",1,caixa alta corrigida
endereco,logradouro,"R. PROJETADA, 4253","Rua Projetada, 4253",1,caixa alta corrigida
endereco,logradouro,"R. PROJETADA, 4232","Rua Projetada, 4232",1,caixa alta corrigida
endereco,logradouro,"R. PROJETADA, 4212","Rua Projetada, 4212",1,caixa alta corrigida
endereco,logradouro,"R. PROJETADA, 4527","Rua Projetada, 4527",1,caixa alta corrigida
endereco,logradouro,"R. PROJETADA, 4507","Rua Projetada, 4507",1,caixa alta corrigida
endereco,logradouro,"R. PROJETADA, 4487","Rua Projetada, 4487",1,caixa alta corrigida
endereco,logradouro,"R. PROJETADA, 4484","Rua Projetada, 4484",1,caixa alta corrigida
endereco,logradouro,"R. PROJETADA, 4483","Rua Projetada, 4483",1,caixa alta corrigida
endereco,logradouro,"R. PROJETADA, 4482","Rua Projetada, 4482",1,caixa alta corrigida
endereco,logradouro,"R. PROJETADA, 4481","Rua Projetada, 4481",1,caixa alta corrigida
endereco,logradouro,"R. PROJETADA, 4463","Rua Projetada, 4463",1,caixa alta corrigida
endereco,logradouro,"R. PROJETADA, 4457","Rua Projetada, 4457",1,caixa alta corrigida
endereco,logradouro,"R. PROJETADA, 4456","Rua Projetada, 4456",1,caixa alta corrigida
endereco,logradouro,"R. PROJETADA, 4443","Rua Projetada, 4443",1,caixa alta corrigida
endereco,logradouro,"R. PROJETADA, 4441","Rua Projetada, 4441",1,caixa alta corrigida
endereco,logradouro,"R. PROJETADA, 4436","Rua Projetada, 4436",1,caixa alta corrigida
endereco,logradouro,"R. PROJETADA, 4428","Rua Projetada, 4428",1,caixa alta corrigida
endereco,logradouro,"R. PROJETADA, 4410","Rua Projetada, 4410",1,caixa alta corrigida
endereco,logradouro,"R. PROJETADA, 4408","Rua Projetada, 4408",1,caixa alta corrigida
endereco,logradouro,"R. PROJETADA, 4734","Rua Projetada, 4734",1,caixa alta corrigida
endereco,logradouro,"R. PROJETADA, 4703","Rua Projetada, 4703",1,caixa alta corrigida
endereco,logradouro,"R. PROJETADA, 4687","Rua Projetada, 4687",1,caixa alta corrigida
endereco,logradouro,"R. PROJETADA, 4686","Rua Projetada, 4686",1,caixa alta corrigida
endereco,logradouro,"R. PROJETADA, 4685","Rua Projetada, 4685",1,caixa alta corrigida
endereco,logradouro,"R. PROJETADA, 4645","Rua Projetada, 4645",1,caixa alta corrigida
endereco,logradouro,"R. PROJETADA, 4630","Rua Projetada, 4630",1,caixa alta corrigida
endereco,logradouro,"R. PROJETADA, 4629","Rua Projetada, 4629",1,caixa alta corrigida
endereco,logradouro,"R. PROJETADA, 4628","Rua Projetada, 4628",1,caixa alta corrigida
endereco,logradouro,"R. PROJETADA, 4616","Rua Projetada, 4616",1,caixa alta corrigida
endereco,logradouro,"R. PROJETADA, 460","Rua Projetada, 460",1,caixa alta corrigida
endereco,logradouro,"R. PROJETADA, 4569","Rua Projetada, 4569",1,caixa alta corrigida
endereco,logradouro,"R. PROJETADA, 4556","Rua Projetada, 4556",1,caixa alta corrigida
endereco,logradouro,"R. PROJETADA, 4553","Rua Projetada, 4553",1,caixa alta corrigida
endereco,logradouro,"R. PROJETADA, 4539","Rua Projetada, 4539",1,caixa alta corrigida
endereco,logradouro,"R. PROJETADA, 4532","Rua Projetada, 4532",1,caixa alta corrigida
endereco,logradouro,"R. PROJETADA, 4954","Rua Projetada, 4954",1,caixa alta corrigida
endereco,logradouro,"R. PROJETADA, 4951","Rua Projetada, 4951",1,caixa alta corrigida
endereco,logradouro,"R. PROJETADA, 4950","Rua Projetada, 4950",1,caixa alta corrigida
endereco,logradouro,"R. PROJETADA, 4948","Rua Projetada, 4948",1,caixa alta corrigida
endereco,logradouro,"R. PROJETADA, 4944","Rua Projetada, 4944",1,caixa alta corrigida
endereco,logradouro,"R. PROJETADA, 4926","Rua Projetada, 4926",1,caixa alta corrigida
endereco,logradouro,"R. PROJETADA, 4920","Rua Projetada, 4920",1,caixa alta corrigida
endereco,logradouro,"R. PROJETADA, 4916","Rua Projetada, 4916",1,caixa alta corrigida
endereco,logradouro,"R. PROJETADA, 4914","Rua Projetada, 4914",1,caixa alta corrigida
endereco,logradouro,"R. PROJETADA, 4892","Rua Projetada, 4892",1,caixa alta corrigida
endereco,logradouro,"R. PROJETADA, 4881","Rua Projetada, 4881",1,caixa alta corrigida
endereco,logradouro,"R. PROJETADA, 4866","Rua Projetada, 4866",1,caixa alta corrigida
endereco,logradouro,"R. PROJETADA, 4814","Rua Projetada, 4814",1,caixa alta corrigida
endereco,logradouro,"R. PROJETADA, 4813","Rua Projetada, 4813",1,caixa alta corrigida
endereco,logradouro,"R. PROJETADA, 4798","Rua Projetada, 4798",1,caixa alta corrigida
endereco,logradouro,"R. PROJETADA, 4754","Rua Projetada, 4754",1,caixa alta corrigida
endereco,logradouro,"R. Brasil, 3946","Rua Brasil, 3946",1,abreviação expandida
endereco,logradouro,"R. Brasil, 3945","Rua Brasil, 3945",1,abreviação expandida
endereco,logradouro,"R. Brasil, 3944","Rua Brasil, 3944",1,abreviação expandida
endereco,logradouro,"R. Brasil, 3942","Rua Brasil, 3942",1,abreviação expandida
endereco,logradouro,"R. Brasil, 3941","Rua Brasil, 3941",1,abreviação expandida
endereco,logradouro,"R. Brasil, 3936","Rua Brasil, 3936",1,abreviação expandida
endereco,logradouro,"R. Brasil, 3934","Rua Brasil, 3934",1,abreviação expandida
endereco,logradouro,"R. Brasil, 3926","Rua Brasil, 3926",1,abreviação expandida
endereco,logradouro,"R. Brasil, 3922","Rua Brasil, 3922",1,abreviação expandida
endereco,logradouro,"R. Brasil, 3920","Rua Brasil, 3920",1,abreviação expandida
endereco,logradouro,"R. Brasil, 392","Rua Brasil, 392",1,abreviação expandida
endereco,logradouro,"R. Brasil, 3919","Rua Brasil, 3919",1,abreviação expandida
endereco,logradouro,"R. PROJETADA, 4983","Rua Projetada, 4983",1,caixa alta corrigida
endereco,logradouro,"R. PROJETADA, 4976","Rua Projetada, 4976",1,caixa alta corrigida
endereco,logradouro,"R. PROJETADA, 4973","Rua Projetada, 4973",1,caixa alta corrigida
endereco,logradouro,"R. PROJETADA, 4955","Rua Projetada, 4955",1,caixa alta corrigida
endereco,logradouro,"R. PROJETADA, 593","Rua Projetada, 593",1,caixa alta corrigida
endereco,logradouro,"R. PROJETADA, 574","Rua Projetada, 574",1,caixa alta corrigida
endereco,logradouro,"R. PROJETADA, 571","Rua Projetada, 571",1,caixa alta corrigida
endereco,logradouro,"R. PROJETADA, 569","Rua Projetada, 569",1,caixa alta corrigida
endereco,logradouro,"R. PROJETADA, 560","Rua Projetada, 560",1,caixa alta corrigida
endereco,logradouro,"R. PROJETADA, 559","Rua Projetada, 559",1,caixa alta corrigida
endereco,logradouro,"R. PROJETADA, 544","Rua Projetada, 544",1,caixa alta corrigida
endereco,logradouro,"R. PROJETADA, 526","Rua Projetada, 526",1,caixa alta corrigida
endereco,logradouro,"R. PROJETADA, 525","Rua Projetada, 525",1,caixa alta corrigida
endereco,logradouro,"R. PROJETADA, 523","Rua Projetada, 523",1,caixa alta corrigida
endereco,logradouro,"R. PROJETADA, 522","Rua Projetada, 522",1,caixa alta corrigida
endereco,logradouro,"R. PROJETADA, 51","Rua Projetada, 51",1,caixa alta corrigida
endereco,logradouro,"R. PROJETADA, 507","Rua Projetada, 507",1,caixa alta corrigida
endereco,logradouro,"R. PROJETADA, 500","Rua Projetada, 500",1,caixa alta corrigida
endereco,logradouro,"R. PROJETADA, 4991","Rua Projetada, 4991",1,caixa alta corrigida
endereco,logradouro,"R. Brasil, 3948","Rua Brasil, 3948",1,abreviação expandida
endereco,logradouro,"R. PROJETADA, 801","Rua Projetada, 801",1,caixa alta corrigida
endereco,logradouro,"R. PROJETADA, 794","Rua Projetada, 794",1,caixa alta corrigida
endereco,logradouro,"R. PROJETADA, 784","Rua Projetada, 784",1,caixa alta corrigida
endereco,logradouro,"R. PROJETADA, 757","Rua Projetada, 757",1,caixa alta corrigida
endereco,logradouro,"R. PROJETADA, 712","Rua Projetada, 712",1,caixa alta corrigida
endereco,logradouro,"R. PROJETADA, 708","Rua Projetada, 708",1,caixa alta corrigida
endereco,logradouro,"R. PROJETADA, 701","Rua Projetada, 701",1,caixa alta corrigida
endereco,logradouro,"R. PROJETADA, 653","Rua Projetada, 653",1,caixa alta corrigida
endereco,logradouro,"R. PROJETADA, 647","Rua Projetada, 647",1,caixa alta corrigida
endereco,logradouro,"R. PROJETADA, 640","Rua Projetada, 640",1,caixa alta corrigida
endereco,logradouro,"R. PROJETADA, 634","Rua Projetada, 634",1,caixa alta corrigida
endereco,logradouro,"R. PROJETADA, 632","Rua Projetada, 632",1,caixa alta corrigida
endereco,logradouro,"R. PROJETADA, 63","Rua Projetada, 63",1,caixa alta corrigida
endereco,logradouro,"R. PROJETADA, 629","Rua Projetada, 629",1,caixa alta corrigida
endereco,logradouro,"R. PROJETADA, 618","Rua Projetada, 618",1,caixa alta corrigida
endereco,logradouro,"R. PROJETADA, 597","Rua Projetada, 597",1,caixa alta corrigida
endereco,logradouro,"R. PROJETADA, 937","Rua Projetada, 937",1,caixa alta corrigida
endereco,logradouro,"R. PROJETADA, 93","Rua Projetada, 93",1,caixa alta corrigida
endereco,logradouro,"R. PROJETADA, 925","Rua Projetada, 925",1,caixa alta corrigida
endereco,logradouro,"R. PROJETADA, 894","Rua Projetada, 894",1,caixa alta corrigida
endereco,logradouro,"R. PROJETADA, 887","Rua Projetada, 887",1,caixa alta corrigida
endereco,logradouro,"R. PROJETADA, 884","Rua Projetada, 884",1,caixa alta corrigida
endereco,logradouro,"R. PROJETADA, 877","Rua Projetada, 877",1,caixa alta corrigida
endereco,logradouro,"R. PROJETADA, 874","Rua Projetada, 874",1,caixa alta corrigida
endereco,logradouro,"R. PROJETADA, 871","Rua Projetada, 871",1,caixa alta corrigida
endereco,logradouro,"R. PROJETADA, 857","Rua Projetada, 857",1,caixa alta corrigida
endereco,logradouro,"R. PROJETADA, 838","Rua Projetada, 838",1,caixa alta corrigida
endereco,logradouro,"R. PROJETADA, 831","Rua Projetada, 831",1,caixa alta corrigida
endereco,logradouro,"R. PROJETADA, 830","Rua Projetada, 830",1,caixa alta corrigida
endereco,logradouro,"R. PROJETADA, 820","Rua Projetada, 820",1,caixa alta corrigida
endereco,logradouro,"R. PROJETADA, 809","Rua Projetada, 809",1,caixa alta corrigida
endereco,logradouro,"R. PROJETADA, 802","Rua Projetada, 802",1,caixa alta corrigida
endereco,logradouro,R. Projetada 4389,Rua Projetada 4389,1,abreviação expandida
endereco,logradouro,R. Projetada 3636,Rua Projetada 3636,1,abreviação expandida
endereco,logradouro,R. Projetada 3449,Rua Projetada 3449,1,abreviação expandida
endereco,logradouro,R. Projetada 3046,Rua Projetada 3046,1,abreviação expandida
endereco,logradouro,R. Projetada 2984,Rua Projetada 2984,1,abreviação expandida
endereco,logradouro,R. Projetada 2683,Rua Projetada 2683,1,abreviação expandida
endereco,logradouro,R. Projetada 2622,Rua Projetada 2622,1,abreviação expandida
endereco,logradouro,R. Projetada 2541,Rua Projetada 2541,1,abreviação expandida
endereco,logradouro,R. Projetada 2538,Rua Projetada 2538,1,abreviação expandida
endereco,logradouro,R. Projetada 2309,Rua Projetada 2309,1,abreviação expandida
endereco,logradouro,R. Projetada 1881,Rua Projetada 1881,1,abreviação expandida
endereco,logradouro,R. Projetada 1716,Rua Projetada 1716,1,abreviação expandida
endereco,logradouro,R. Projetada 1570,Rua Projetada 1570,1,abreviação expandida
endereco,logradouro,R. Projetada 1348,Rua Projetada 1348,1,abreviação expandida
endereco,logradouro,"R. PROJETADA, 999","Rua Projetada, 999",1,caixa alta corrigida
endereco,logradouro,"R. PROJETADA, 978","Rua Projetada, 978",1,caixa alta corrigida
endereco,logradouro,"R. Projetada, 1053","Rua Projetada, 1053",1,abreviação expandida
endereco,logradouro,"R. Projetada, 1048","Rua Projetada, 1048",1,abreviação expandida
endereco,logradouro,"R. Projetada, 1047","Rua Projetada, 1047",1,abreviação expandida
endereco,logradouro,"R. Projetada, 1044","Rua Projetada, 1044",1,abreviação expandida
endereco,logradouro,"R. Projetada, 1036","Rua Projetada, 1036",1,abreviação expandida
endereco,logradouro,"R. Projetada, 1035","Rua Projetada, 1035",1,abreviação expandida
endereco,logradouro,"R. Projetada, 1033","Rua Projetada, 1033",1,abreviação expandida
endereco,logradouro,"R. Projetada, 1032","Rua Projetada, 1032",1,abreviação expandida
endereco,logradouro,"R. Projetada, 1029","Rua Projetada, 1029",1,abreviação expandida
endereco,logradouro,"R. Projetada, 1026","Rua Projetada, 1026",1,abreviação expandida
endereco,logradouro,"R. Projetada, 102","Rua Projetada, 102",1,abreviação expandida
endereco,logradouro,"R. Projetada, 1019","Rua Projetada, 1019",1,abreviação expandida
endereco,logradouro,"R. Projetada, 1012","Rua Projetada, 1012",1,abreviação expandida
endereco,logradouro,"R. Projetada, 1008","Rua Projetada, 1008",1,abreviação expandida
endereco,logradouro,"R. Projetada, 1003","Rua Projetada, 1003",1,abreviação expandida
endereco,logradouro,R. Projetada 861,Rua Projetada 861,1,abreviação expandida
endereco,logradouro,"R. Brasil, 3895","Rua Brasil, 3895",1,abreviação expandida
endereco,logradouro,"R. Brasil, 3884","Rua Brasil, 3884",1,abreviação expandida
endereco,logradouro,"R. Brasil, 3882","Rua Brasil, 3882",1,abreviação expandida
endereco,logradouro,"R. Brasil, 3879","Rua Brasil, 3879",1,abreviação expandida
endereco,logradouro,"R. Brasil, 3875","Rua Brasil, 3875",1,abreviação expandida
endereco,logradouro,"R. Brasil, 3870","Rua Brasil, 3870",1,abreviação expandida
endereco,logradouro,"R. Projetada, 1081","Rua Projetada, 1081",1,abreviação expandida
endereco,logradouro,"R. Projetada, 1080","Rua Projetada, 1080",1,abreviação expandida
endereco,logradouro,"R. Projetada, 108","Rua Projetada, 108",1,abreviação expandida
endereco,logradouro,"R. Projetada, 1079","Rua Projetada, 1079",1,abreviação expandida
endereco,logradouro,"R. Projetada, 1078","Rua Projetada, 1078",1,abreviação expandida
endereco,logradouro,"R. Projetada, 1077","Rua Projetada, 1077",1,abreviação expandida
endereco,logradouro,"R. Projetada, 1075","Rua Projetada, 1075",1,abreviação expandida
endereco,logradouro,"R. Projetada, 106","Rua Projetada, 106",1,abreviação expandida
endereco,logradouro,"R. Projetada, 1057","Rua Projetada, 1057",1,abreviação expandida
endereco,logradouro,"R. Projetada, 1056","Rua Projetada, 1056",1,abreviação expandida
endereco,logradouro,"R. Projetada, 1122","Rua Projetada, 1122",1,abreviação expandida
endereco,logradouro,"R. Projetada, 1118","Rua Projetada, 1118",1,abreviação expandida
endereco,logradouro,"R. Projetada, 1115","Rua Projetada, 1115",1,abreviação expandida
endereco,logradouro,"R. Projetada, 111","Rua Projetada, 111",1,abreviação expandida
endereco,logradouro,"R. Projetada, 1107","Rua Projetada, 1107",1,abreviação expandida
endereco,logradouro,"R. Projetada, 1105","Rua Projetada, 1105",1,abreviação expandida
endereco,logradouro,"R. Projetada, 1103","Rua Projetada, 1103",1,abreviação expandida
endereco,logradouro,"R. Projetada, 1100","Rua Projetada, 1100",1,abreviação expandida
endereco,logradouro,"R. Projetada, 110","Rua Projetada, 110",1,abreviação expandida
endereco,logradouro,"R. Projetada, 1097","Rua Projetada, 1097",1,abreviação expandida
endereco,logradouro,"R. Projetada, 1093","Rua Projetada, 1093",1,abreviação expandida
endereco,logradouro,"R. Projetada, 1085","Rua Projetada, 1085",1,abreviação expandida
endereco,logradouro,"R. Brasil, 3914","Rua Brasil, 3914",1,abreviação expandida
endereco,logradouro,"R. Brasil, 391","Rua Brasil, 391",1,abreviação expandida
endereco,logradouro,"R. Brasil, 3906","Rua Brasil, 3906",1,abreviação expandida
endereco,logradouro,"R. Brasil, 3901","Rua Brasil, 3901",1,abreviação expandida
endereco,logradouro,"R. Projetada, 1164","Rua Projetada, 1164",1,abreviação expandida
endereco,logradouro,"R. Projetada, 1160","Rua Projetada, 1160",1,abreviação expandida
endereco,logradouro,"R. Projetada, 1159","Rua Projetada, 1159",1,abreviação expandida
endereco,logradouro,"R. Projetada, 1158","Rua Projetada, 1158",1,abreviação expandida
endereco,logradouro,"R. Projetada, 1155","Rua Projetada, 1155",1,abreviação expandida
endereco,logradouro,"R. Projetada, 1152","Rua Projetada, 1152",1,abreviação expandida
endereco,logradouro,"R. Projetada, 115","Rua Projetada, 115",1,abreviação expandida
endereco,logradouro,"R. Projetada, 1149","Rua Projetada, 1149",1,abreviação expandida
endereco,logradouro,"R. Projetada, 1146","Rua Projetada, 1146",1,abreviação expandida
endereco,logradouro,"R. Projetada, 1145","Rua Projetada, 1145",1,abreviação expandida
endereco,logradouro,"R. Projetada, 1144","Rua Projetada, 1144",1,abreviação expandida
endereco,logradouro,"R. Projetada, 1143","Rua Projetada, 1143",1,abreviação expandida
endereco,logradouro,"R. Projetada, 1140","Rua Projetada, 1140",1,abreviação expandida
endereco,logradouro,"R. Projetada, 1137","Rua Projetada, 1137",1,abreviação expandida
endereco,logradouro,"R. Projetada, 1125","Rua Projetada, 1125",1,abreviação expandida
endereco,logradouro,"R. Projetada, 1123","Rua Projetada, 1123",1,abreviação expandida
endereco,logradouro,"R. Brasil, 3863","Rua Brasil, 3863",1,abreviação expandida
endereco,logradouro,"R. Brasil, 3846","Rua Brasil, 3846",1,abreviação expandida
endereco,logradouro,"R. Brasil, 3845","Rua Brasil, 3845",1,abreviação expandida
endereco,logradouro,"R. Brasil, 3842","Rua Brasil, 3842",1,abreviação expandida
endereco,logradouro,"R. Brasil, 3833","Rua Brasil, 3833",1,abreviação expandida
endereco,logradouro,"R. Brasil, 3832","Rua Brasil, 3832",1,abreviação expandida
endereco,logradouro,"R. Brasil, 3825","Rua Brasil, 3825",1,abreviação expandida
endereco,logradouro,"R. Brasil, 3821","Rua Brasil, 3821",1,abreviação expandida
endereco,logradouro,"R. Projetada, 1187","Rua Projetada, 1187",1,abreviação expandida
endereco,logradouro,"R. Projetada, 1184","Rua Projetada, 1184",1,abreviação expandida
endereco,logradouro,"R. Projetada, 1180","Rua Projetada, 1180",1,abreviação expandida
endereco,logradouro,"R. Projetada, 1178","Rua Projetada, 1178",1,abreviação expandida
endereco,logradouro,"R. Projetada, 1176","Rua Projetada, 1176",1,abreviação expandida
endereco,logradouro,"R. Projetada, 1174","Rua Projetada, 1174",1,abreviação expandida
endereco,logradouro,"R. Projetada, 1171","Rua Projetada, 1171",1,abreviação expandida
endereco,logradouro,"R. Projetada, 1167","Rua Projetada, 1167",1,abreviação expandida
endereco,logradouro,"R. Projetada, 1227","Rua Projetada, 1227",1,abreviação expandida
endereco,logradouro,"R. Projetada, 1225","Rua Projetada, 1225",1,abreviação expandida
endereco,logradouro,"R. Projetada, 1220","Rua Projetada, 1220",1,abreviação expandida
endereco,logradouro,"R. Projetada, 1216","Rua Projetada, 1216",1,abreviação expandida
endereco,logradouro,"R. Projetada, 1210","Rua Projetada, 1210",1,abreviação expandida
endereco,logradouro,"R. Projetada, 121","Rua Projetada, 121",1,abreviação expandida
endereco,logradouro,"R. Projetada, 1208","Rua Projetada, 1208",1,abreviação expandida
endereco,logradouro,"R. Projetada, 1202","Rua Projetada, 1202",1,abreviação expandida
endereco,logradouro,"R. Projetada, 12","Rua Projetada, 12",1,abreviação expandida
endereco,logradouro,"R. Projetada, 1199","Rua Projetada, 1199",1,abreviação expandida
endereco,logradouro,"R. Projetada, 1197","Rua Projetada, 1197",1,abreviação expandida
endereco,logradouro,"R. Projetada, 1194","Rua Projetada, 1194",1,abreviação expandida
endereco,logradouro,"R. Projetada, 119","Rua Projetada, 119",1,abreviação expandida
endereco,logradouro,"R. Projetada, 1189","Rua Projetada, 1189",1,abreviação expandida
endereco,logradouro,"R. Brasil, 3867","Rua Brasil, 3867",1,abreviação expandida
endereco,logradouro,"R. Brasil, 3864","Rua Brasil, 3864",1,abreviação expandida
endereco,logradouro,"R. Projetada, 1291","Rua Projetada, 1291",1,abreviação expandida
endereco,logradouro,"R. Projetada, 1286","Rua Projetada, 1286",1,abreviação expandida
endereco,logradouro,"R. Projetada, 1284","Rua Projetada, 1284",1,abreviação expandida
endereco,logradouro,"R. Projetada, 1283","Rua Projetada, 1283",1,abreviação expandida
endereco,logradouro,"R. Projetada, 1277","Rua Projetada, 1277",1,abreviação expandida
endereco,logradouro,"R. Projetada, 1273","Rua Projetada, 1273",1,abreviação expandida
endereco,logradouro,"R. Projetada, 1272","Rua Projetada, 1272",1,abreviação expandida
endereco,logradouro,"R. Projetada, 1265","Rua Projetada, 1265",1,abreviação expandida
endereco,logradouro,"R. Projetada, 1261","Rua Projetada, 1261",1,abreviação expandida
endereco,logradouro,"R. Projetada, 1256","Rua Projetada, 1256",1,abreviação expandida
endereco,logradouro,"R. Projetada, 1251","Rua Projetada, 1251",1,abreviação expandida
endereco,logradouro,"R. Projetada, 1250","Rua Projetada, 1250",1,abreviação expandida
endereco,logradouro,"R. Projetada, 1247","Rua Projetada, 1247",1,abreviação expandida
endereco,logradouro,"R. Projetada, 1245","Rua Projetada, 1245",1,abreviação expandida
endereco,logradouro,"R. Projetada, 1241","Rua Projetada, 1241",1,abreviação expandida
endereco,logradouro,"R. Projetada, 123","Rua Projetada, 123",1,abreviação expandida
endereco,logradouro,"R. Projetada, 1347","Rua Projetada, 1347",1,abreviação expandida
endereco,logradouro,"R. Projetada, 1345","Rua Projetada, 1345",1,abreviação expandida
endereco,logradouro,"R. Projetada, 1341","Rua Projetada, 1341",1,abreviação expandida
endereco,logradouro,"R. Projetada, 1340","Rua Projetada, 1340",1,abreviação expandida
endereco,logradouro,"R. Projetada, 134","Rua Projetada, 134",1,abreviação expandida
endereco,logradouro,"R. Projetada, 1339","Rua Projetada, 1339",1,abreviação expandida
endereco,logradouro,"R. Projetada, 1335","Rua Projetada, 1335",1,abreviação expandida
endereco,logradouro,"R. Projetada, 1332","Rua Projetada, 1332",1,abreviação expandida
endereco,logradouro,"R. Projetada, 1326","Rua Projetada, 1326",1,abreviação expandida
endereco,logradouro,"R. Projetada, 1320","Rua Projetada, 1320",1,abreviação expandida
endereco,logradouro,"R. Projetada, 1318","Rua Projetada, 1318",1,abreviação expandida
endereco,logradouro,"R. Projetada, 1314","Rua Projetada, 1314",1,abreviação expandida
endereco,logradouro,"R. Projetada, 1311","Rua Projetada, 1311",1,abreviação expandida
endereco,logradouro,"R. Projetada, 1306","Rua Projetada, 1306",1,abreviação expandida
endereco,logradouro,"R. Projetada, 1299","Rua Projetada, 1299",1,abreviação expandida
endereco,logradouro,"R. Projetada, 1298","Rua Projetada, 1298",1,abreviação expandida
endereco,logradouro,"R. Projetada, 1401","Rua Projetada, 1401",1,abreviação expandida
endereco,logradouro,"R. Projetada, 1398","Rua Projetada, 1398",1,abreviação expandida
endereco,logradouro,"R. Projetada, 1397","Rua Projetada, 1397",1,abreviação expandida
endereco,logradouro,"R. Projetada, 1393","Rua Projetada, 1393",1,abreviação expandida
endereco,logradouro,"R. Projetada, 139","Rua Projetada, 139",1,abreviação expandida
endereco,logradouro,"R. Projetada, 1388","Rua Projetada, 1388",1,abreviação expandida
endereco,logradouro,"R. Projetada, 1383","Rua Projetada, 1383",1,abreviação expandida
endereco,logradouro,"R. Projetada, 1381","Rua Projetada, 1381",1,abreviação expandida
endereco,logradouro,"R. Projetada, 1380","Rua Projetada, 1380",1,abreviação expandida
endereco,logradouro,"R. Projetada, 1368","Rua Projetada, 1368",1,abreviação expandida
endereco,logradouro,"R. Projetada, 1367","Rua Projetada, 1367",1,abreviação expandida
endereco,logradouro,"R. Projetada, 1366","Rua Projetada, 1366",1,abreviação expandida
endereco,logradouro,"R. Projetada, 1356","Rua Projetada, 1356",1,abreviação expandida
endereco,logradouro,"R. Projetada, 1355","Rua Projetada, 1355",1,abreviação expandida
endereco,logradouro,"R. Projetada, 1352","Rua Projetada, 1352",1,abreviação expandida
endereco,logradouro,"R. Projetada, 1348","Rua Projetada, 1348",1,abreviação expandida
endereco,logradouro,"R. Projetada, 1451","Rua Projetada, 1451",1,abreviação expandida
endereco,logradouro,"R. Projetada, 145","Rua Projetada, 145",1,abreviação expandida
endereco,logradouro,"R. Projetada, 1443","Rua Projetada, 1443",1,abreviação expandida
endereco,logradouro,"R. Projetada, 144","Rua Projetada, 144",1,abreviação expandida
endereco,logradouro,"R. Projetada, 1439","Rua Projetada, 1439",1,abreviação expandida
endereco,logradouro,"R. Projetada, 1437","Rua Projetada, 1437",1,abreviação expandida
endereco,logradouro,"R. Projetada, 1435","Rua Projetada, 1435",1,abreviação expandida
endereco,logradouro,"R. Projetada, 1434","Rua Projetada, 1434",1,abreviação expandida
endereco,logradouro,"R. Projetada, 1433","Rua Projetada, 1433",1,abreviação expandida
endereco,logradouro,"R. Projetada, 1426","Rua Projetada, 1426",1,abreviação expandida
endereco,logradouro,"R. Projetada, 1424","Rua Projetada, 1424",1,abreviação expandida
endereco,logradouro,"R. Projetada, 1413","Rua Projetada, 1413",1,abreviação expandida
endereco,logradouro,"R. Projetada, 1412","Rua Projetada, 1412",1,abreviação expandida
endereco,logradouro,"R. Projetada, 141","Rua Projetada, 141",1,abreviação expandida
endereco,logradouro,"R. Projetada, 1409","Rua Projetada, 1409",1,abreviação expandida
endereco,logradouro,"R. Projetada, 1408","Rua Projetada, 1408",1,abreviação expandida
endereco,logradouro,"R. Brasil, 381","Rua Brasil, 381",1,abreviação expandida
endereco,logradouro,"R. Brasil, 3801","Rua Brasil, 3801",1,abreviação expandida
endereco,logradouro,"R. Brasil, 380","Rua Brasil, 380",1,abreviação expandida
endereco,logradouro,"R. Brasil, 3795","Rua Brasil, 3795",1,abreviação expandida
endereco,logradouro,"R. Brasil, 3794","Rua Brasil, 3794",1,abreviação expandida
endereco,logradouro,"R. Brasil, 3793","Rua Brasil, 3793",1,abreviação expandida
endereco,logradouro,"R. Brasil, 3791","Rua Brasil, 3791",1,abreviação expandida
endereco,logradouro,"R. Brasil, 3781","Rua Brasil, 3781",1,abreviação expandida
endereco,logradouro,"R. Brasil, 3778","Rua Brasil, 3778",1,abreviação expandida
endereco,logradouro,"R. Brasil, 3777","Rua Brasil, 3777",1,abreviação expandida
endereco,logradouro,"R. Projetada, 147","Rua Projetada, 147",1,abreviação expandida
endereco,logradouro,"R. Projetada, 1468","Rua Projetada, 1468",1,abreviação expandida
endereco,logradouro,"R. Projetada, 1466","Rua Projetada, 1466",1,abreviação expandida
endereco,logradouro,"R. Projetada, 1465","Rua Projetada, 1465",1,abreviação expandida
endereco,logradouro,"R. Projetada, 1463","Rua Projetada, 1463",1,abreviação expandida
endereco,logradouro,"R. Projetada, 1461","Rua Projetada, 1461",1,abreviação expandida
endereco,logradouro,"R. Projetada, 1523","Rua Projetada, 1523",1,abreviação expandida
endereco,logradouro,"R. Projetada, 1519","Rua Projetada, 1519",1,abreviação expandida
endereco,logradouro,"R. Projetada, 1517","Rua Projetada, 1517",1,abreviação expandida
endereco,logradouro,"R. Projetada, 1512","Rua Projetada, 1512",1,abreviação expandida
endereco,logradouro,"R. Projetada, 1508","Rua Projetada, 1508",1,abreviação expandida
endereco,logradouro,"R. Projetada, 15","Rua Projetada, 15",1,abreviação expandida
endereco,logradouro,"R. Projetada, 1492","Rua Projetada, 1492",1,abreviação expandida
endereco,logradouro,"R. Projetada, 1490","Rua Projetada, 1490",1,abreviação expandida
endereco,logradouro,"R. Projetada, 1488","Rua Projetada, 1488",1,abreviação expandida
endereco,logradouro,"R. Projetada, 1483","Rua Projetada, 1483",1,abreviação expandida
endereco,logradouro,"R. Projetada, 1480","Rua Projetada, 1480",1,abreviação expandida
endereco,logradouro,"R. Projetada, 1479","Rua Projetada, 1479",1,abreviação expandida
endereco,logradouro,"R. Projetada, 1470","Rua Projetada, 1470",1,abreviação expandida
endereco,logradouro,"R. Brasil, 3818","Rua Brasil, 3818",1,abreviação expandida
endereco,logradouro,"R. Brasil, 3812","Rua Brasil, 3812",1,abreviação expandida
endereco,logradouro,"R. Brasil, 3811","Rua Brasil, 3811",1,abreviação expandida
endereco,logradouro,"R. Projetada, 1577","Rua Projetada, 1577",1,abreviação expandida
endereco,logradouro,"R. Projetada, 1572","Rua Projetada, 1572",1,abreviação expandida
endereco,logradouro,"R. Projetada, 1570","Rua Projetada, 1570",1,abreviação expandida
endereco,logradouro,"R. Projetada, 1562","Rua Projetada, 1562",1,abreviação expandida
endereco,logradouro,"R. Projetada, 1561","Rua Projetada, 1561",1,abreviação expandida
endereco,logradouro,"R. Projetada, 1560","Rua Projetada, 1560",1,abreviação expandida
endereco,logradouro,"R. Projetada, 156","Rua Projetada, 156",1,abreviação expandida
endereco,logradouro,"R. Projetada, 1556","Rua Projetada, 1556",1,abreviação expandida
endereco,logradouro,"R. Projetada, 1553","Rua Projetada, 1553",1,abreviação expandida
endereco,logradouro,"R. Projetada, 1551","Rua Projetada, 1551",1,abreviação expandida
endereco,logradouro,"R. Projetada, 1548","Rua Projetada, 1548",1,abreviação expandida
endereco,logradouro,"R. Projetada, 1546","Rua Projetada, 1546",1,abreviação expandida
endereco,logradouro,"R. Projetada, 1539","Rua Projetada, 1539",1,abreviação expandida
endereco,logradouro,"R. Projetada, 1534","Rua Projetada, 1534",1,abreviação expandida
endereco,logradouro,"R. Projetada, 1533","Rua Projetada, 1533",1,abreviação expandida
endereco,logradouro,"R. Projetada, 1524","Rua Projetada, 1524",1,abreviação expandida
endereco,logradouro,"R. Projetada, 1627","Rua Projetada, 1627",1,abreviação expandida
endereco,logradouro,"R. Projetada, 1622","Rua Projetada, 1622",1,abreviação expandida
endereco,logradouro,"R. Projetada, 1618","Rua Projetada, 1618",1,abreviação expandida
endereco,logradouro,"R. Projetada, 1614","Rua Projetada, 1614",1,abreviação expandida
endereco,logradouro,"R. Projetada, 1611","Rua Projetada, 1611",1,abreviação expandida
endereco,logradouro,"R. Projetada, 1610","Rua Projetada, 1610",1,abreviação expandida
endereco,logradouro,"R. Projetada, 1609","Rua Projetada, 1609",1,abreviação expandida
endereco,logradouro,"R. Projetada, 1603","Rua Projetada, 1603",1,abreviação expandida
endereco,logradouro,"R. Projetada, 1600","Rua Projetada, 1600",1,abreviação expandida
endereco,logradouro,"R. Projetada, 1599","Rua Projetada, 1599",1,abreviação expandida
endereco,logradouro,"R. Projetada, 1592","Rua Projetada, 1592",1,abreviação expandida
endereco,logradouro,"R. Projetada, 159","Rua Projetada, 159",1,abreviação expandida
endereco,logradouro,"R. Projetada, 1589","Rua Projetada, 1589",1,abreviação expandida
endereco,logradouro,"R. Projetada, 1588","Rua Projetada, 1588",1,abreviação expandida
endereco,logradouro,"R. Projetada, 158","Rua Projetada, 158",1,abreviação expandida
endereco,logradouro,"R. Projetada, 1578","Rua Projetada, 1578",1,abreviação expandida
endereco,logradouro,"R. Projetada, 1679","Rua Projetada, 1679",1,abreviação expandida
endereco,logradouro,"R. Projetada, 1676","Rua Projetada, 1676",1,abreviação expandida
endereco,logradouro,"R. Projetada, 1675","Rua Projetada, 1675",1,abreviação expandida
endereco,logradouro,"R. Projetada, 1674","Rua Projetada, 1674",1,abreviação expandida
endereco,logradouro,"R. Projetada, 1671","Rua Projetada, 1671",1,abreviação expandida
endereco,logradouro,"R. Projetada, 1669","Rua Projetada, 1669",1,abreviação expandida
endereco,logradouro,"R. Projetada, 1661","Rua Projetada, 1661",1,abreviação expandida
endereco,logradouro,"R. Projetada, 1660","Rua Projetada, 1660",1,abreviação expandida
endereco,logradouro,"R. Projetada, 166","Rua Projetada, 166",1,abreviação expandida
endereco,logradouro,"R. Projetada, 1659","Rua Projetada, 1659",1,abreviação expandida
endereco,logradouro,"R. Projetada, 1655","Rua Projetada, 1655",1,abreviação expandida
endereco,logradouro,"R. Projetada, 1650","Rua Projetada, 1650",1,abreviação expandida
endereco,logradouro,"R. Projetada, 164","Rua Projetada, 164",1,abreviação expandida
endereco,logradouro,"R. Projetada, 1633","Rua Projetada, 1633",1,abreviação expandida
endereco,logradouro,"R. Projetada, 1632","Rua Projetada, 1632",1,abreviação expandida
endereco,logradouro,"R. Projetada, 1629","Rua Projetada, 1629",1,abreviação expandida
endereco,logradouro,"R. Projetada, 1721","Rua Projetada, 1721",1,abreviação expandida
endereco,logradouro,"R. Projetada, 1720","Rua Projetada, 1720",1,abreviação expandida
endereco,logradouro,"R. Projetada, 172","Rua Projetada, 172",1,abreviação expandida
endereco,logradouro,"R. Projetada, 1718","Rua Projetada, 1718",1,abreviação expandida
endereco,logradouro,"R. Projetada, 1716","Rua Projetada, 1716",1,abreviação expandida
endereco,logradouro,"R. Projetada, 1714","Rua Projetada, 1714",1,abreviação expandida
endereco,logradouro,"R. Projetada, 1710","Rua Projetada, 1710",1,abreviação expandida
endereco,logradouro,"R. Projetada, 1706","Rua Projetada, 1706",1,abreviação expandida
endereco,logradouro,"R. Projetada, 1705","Rua Projetada, 1705",1,abreviação expandida
endereco,logradouro,"R. Projetada, 1704","Rua Projetada, 1704",1,abreviação expandida
endereco,logradouro,"R. Projetada, 1700","Rua Projetada, 1700",1,abreviação expandida
endereco,logradouro,"R. Projetada, 170","Rua Projetada, 170",1,abreviação expandida
endereco,logradouro,"R. Projetada, 1697","Rua Projetada, 1697",1,abreviação expandida
endereco,logradouro,"R. Projetada, 1694","Rua Projetada, 1694",1,abreviação expandida
endereco,logradouro,"R. Projetada, 1693","Rua Projetada, 1693",1,abreviação expandida
endereco,logradouro,"R. Projetada, 1684","Rua Projetada, 1684",1,abreviação expandida
endereco,logradouro,"R. Brasil, 377","Rua Brasil, 377",1,abreviação expandida
endereco,logradouro,"R. Brasil, 3768","Rua Brasil, 3768",1,abreviação expandida
endereco,logradouro,"R. Brasil, 3767","Rua Brasil, 3767",1,abreviação expandida
endereco,logradouro,"R. Brasil, 3766","Rua Brasil, 3766",1,abreviação expandida
endereco,logradouro,"R. Brasil, 3761","Rua Brasil, 3761",1,abreviação expandida
endereco,logradouro,"R. Brasil, 3757","Rua Brasil, 3757",1,abreviação expandida
endereco,logradouro,"R. Brasil, 3755","Rua Brasil, 3755",1,abreviação expandida
endereco,logradouro,"R. Brasil, 3748","Rua Brasil, 3748",1,abreviação expandida
endereco,logradouro,"R. Brasil, 3740","Rua Brasil, 3740",1,abreviação expandida
endereco,logradouro,"R. Brasil, 374","Rua Brasil, 374",1,abreviação expandida
endereco,logradouro,"R. Brasil, 3738","Rua Brasil, 3738",1,abreviação expandida
endereco,logradouro,"R. Projetada, 1740","Rua Projetada, 1740",1,abreviação expandida
endereco,logradouro,"R. Projetada, 1737","Rua Projetada, 1737",1,abreviação expandida
endereco,logradouro,"R. Projetada, 1736","Rua Projetada, 1736",1,abreviação expandida
endereco,logradouro,"R. Projetada, 1726","Rua Projetada, 1726",1,abreviação expandida
endereco,logradouro,"R. Projetada, 1723","Rua Projetada, 1723",1,abreviação expandida
endereco,logradouro,"R. Projetada, 1784","Rua Projetada, 1784",1,abreviação expandida
endereco,logradouro,"R. Projetada, 1782","Rua Projetada, 1782",1,abreviação expandida
endereco,logradouro,"R. Projetada, 1779","Rua Projetada, 1779",1,abreviação expandida
endereco,logradouro,"R. Projetada, 1776","Rua Projetada, 1776",1,abreviação expandida
endereco,logradouro,"R. Projetada, 1771","Rua Projetada, 1771",1,abreviação expandida
endereco,logradouro,"R. Projetada, 1769","Rua Projetada, 1769",1,abreviação expandida
endereco,logradouro,"R. Projetada, 1767","Rua Projetada, 1767",1,abreviação expandida
endereco,logradouro,"R. Projetada, 1765","Rua Projetada, 1765",1,abreviação expandida
endereco,logradouro,"R. Projetada, 1763","Rua Projetada, 1763",1,abreviação expandida
endereco,logradouro,"R. Projetada, 1759","Rua Projetada, 1759",1,abreviação expandida
endereco,logradouro,"R. Projetada, 1755","Rua Projetada, 1755",1,abreviação expandida
endereco,logradouro,"R. Projetada, 1754","Rua Projetada, 1754",1,abreviação expandida
endereco,logradouro,"R. Projetada, 1752","Rua Projetada, 1752",1,abreviação expandida
endereco,logradouro,"R. Projetada, 1747","Rua Projetada, 1747",1,abreviação expandida
endereco,logradouro,"R. Projetada, 1745","Rua Projetada, 1745",1,abreviação expandida
endereco,logradouro,"R. Brasil, 3773","Rua Brasil, 3773",1,abreviação expandida
endereco,logradouro,"R. Projetada, 1836","Rua Projetada, 1836",1,abreviação expandida
endereco,logradouro,"R. Projetada, 1832","Rua Projetada, 1832",1,abreviação expandida
endereco,logradouro,"R. Projetada, 1828","Rua Projetada, 1828",1,abreviação expandida
endereco,logradouro,"R. Projetada, 1823","Rua Projetada, 1823",1,abreviação expandida
endereco,logradouro,"R. Projetada, 1820","Rua Projetada, 1820",1,abreviação expandida
endereco,logradouro,"R. Projetada, 182","Rua Projetada, 182",1,abreviação expandida
endereco,logradouro,"R. Projetada, 1819","Rua Projetada, 1819",1,abreviação expandida
endereco,logradouro,"R. Projetada, 1816","Rua Projetada, 1816",1,abreviação expandida
endereco,logradouro,"R. Projetada, 1815","Rua Projetada, 1815",1,abreviação expandida
endereco,logradouro,"R. Projetada, 1812","Rua Projetada, 1812",1,abreviação expandida
endereco,logradouro,"R. Projetada, 1810","Rua Projetada, 1810",1,abreviação expandida
endereco,logradouro,"R. Projetada, 1807","Rua Projetada, 1807",1,abreviação expandida
endereco,logradouro,"R. Projetada, 1798","Rua Projetada, 1798",1,abreviação expandida
endereco,logradouro,"R. Projetada, 1792","Rua Projetada, 1792",1,abreviação expandida
endereco,logradouro,"R. Projetada, 1790","Rua Projetada, 1790",1,abreviação expandida
endereco,logradouro,"R. Projetada, 179","Rua Projetada, 179",1,abreviação expandida
endereco,logradouro,"R. Projetada, 1894","Rua Projetada, 1894",1,abreviação expandida
endereco,logradouro,"R. Projetada, 1893","Rua Projetada, 1893",1,abreviação expandida
endereco,logradouro,"R. Projetada, 1888","Rua Projetada, 1888",1,abreviação expandida
endereco,logradouro,"R. Projetada, 1887","Rua Projetada, 1887",1,abreviação expandida
endereco,logradouro,"R. Projetada, 1884","Rua Projetada, 1884",1,abreviação expandida
endereco,logradouro,"R. Projetada, 1881","Rua Projetada, 1881",1,abreviação expandida
endereco,logradouro,"R. Projetada, 1878","Rua Projetada, 1878",1,abreviação expandida
endereco,logradouro,"R. Projetada, 1877","Rua Projetada, 1877",1,abreviação expandida
endereco,logradouro,"R. Projetada, 1876","Rua Projetada, 1876",1,abreviação expandida
endereco,logradouro,"R. Projetada, 1873","Rua Projetada, 1873",1,abreviação expandida
endereco,logradouro,"R. Projetada, 1862","Rua Projetada, 1862",1,abreviação expandida
endereco,logradouro,"R. Projetada, 1855","Rua Projetada, 1855",1,abreviação expandida
endereco,logradouro,"R. Projetada, 185","Rua Projetada, 185",1,abreviação expandida
endereco,logradouro,"R. Projetada, 1847","Rua Projetada, 1847",1,abreviação expandida
endereco,logradouro,"R. Projetada, 1845","Rua Projetada, 1845",1,abreviação expandida
endereco,logradouro,"R. Projetada, 1842","Rua Projetada, 1842",1,abreviação expandida
endereco,logradouro,"R. Brasil, 3727","Rua Brasil, 3727",1,abreviação expandida
endereco,logradouro,"R. Brasil, 3722","Rua Brasil, 3722",1,abreviação expandida
endereco,logradouro,"R. Brasil, 3721","Rua Brasil, 3721",1,abreviação expandida
endereco,logradouro,"R. Brasil, 3720","Rua Brasil, 3720",1,abreviação expandida
endereco,logradouro,"R. Brasil, 3714","Rua Brasil, 3714",1,abreviação expandida
endereco,logradouro,"R. Brasil, 3709","Rua Brasil, 3709",1,abreviação expandida
endereco,logradouro,"R. Brasil, 3703","Rua Brasil, 3703",1,abreviação expandida
endereco,logradouro,"R. Brasil, 3701","Rua Brasil, 3701",1,abreviação expandida
endereco,logradouro,"R. Brasil, 3700","Rua Brasil, 3700",1,abreviação expandida
endereco,logradouro,"R. Brasil, 370","Rua Brasil, 370",1,abreviação expandida
endereco,logradouro,"R. Brasil, 3683","Rua Brasil, 3683",1,abreviação expandida
endereco,logradouro,"R. Brasil, 3680","Rua Brasil, 3680",1,abreviação expandida
endereco,logradouro,"R. Projetada, 1901","Rua Projetada, 1901",1,abreviação expandida
endereco,logradouro,"R. Projetada, 190","Rua Projetada, 190",1,abreviação expandida
endereco,logradouro,"R. Projetada, 19","Rua Projetada, 19",1,abreviação expandida
endereco,logradouro,"R. Projetada, 1895","Rua Projetada, 1895",1,abreviação expandida
endereco,logradouro,"R. Projetada, 195","Rua Projetada, 195",1,abreviação expandida
endereco,logradouro,"R. Projetada, 1938","Rua Projetada, 1938",1,abreviação expandida
endereco,logradouro,"R. Projetada, 1937","Rua Projetada, 1937",1,abreviação expandida
endereco,logradouro,"R. Projetada, 1936","Rua Projetada, 1936",1,abreviação expandida
endereco,logradouro,"R. Projetada, 1932","Rua Projetada, 1932",1,abreviação expandida
endereco,logradouro,"R. Projetada, 1927","Rua Projetada, 1927",1,abreviação expandida
endereco,logradouro,"R. Projetada, 1926","Rua Projetada, 1926",1,abreviação expandida
endereco,logradouro,"R. Projetada, 1920","Rua Projetada, 1920",1,abreviação expandida
endereco,logradouro,"R. Projetada, 1919","Rua Projetada, 1919",1,abreviação expandida
endereco,logradouro,"R. Projetada, 1917","Rua Projetada, 1917",1,abreviação expandida
endereco,logradouro,"R. Projetada, 1914","Rua Projetada, 1914",1,abreviação expandida
endereco,logradouro,"R. Projetada, 1912","Rua Projetada, 1912",1,abreviação expandida
endereco,logradouro,"R. Projetada, 1905","Rua Projetada, 1905",1,abreviação expandida
endereco,logradouro,"R. Projetada, 1904","Rua Projetada, 1904",1,abreviação expandida
endereco,logradouro,"R. Projetada, 1903","Rua Projetada, 1903",1,abreviação expandida
endereco,logradouro,"R. Brasil, 3734","Rua Brasil, 3734",1,abreviação expandida
endereco,logradouro,"R. Projetada, 1987","Rua Projetada, 1987",1,abreviação expandida
endereco,logradouro,"R. Projetada, 1985","Rua Projetada, 1985",1,abreviação expandida
endereco,logradouro,"R. Projetada, 1983","Rua Projetada, 1983",1,abreviação expandida
endereco,logradouro,"R. Projetada, 1982","Rua Projetada, 1982",1,abreviação expandida
endereco,logradouro,"R. Projetada, 1979","Rua Projetada, 1979",1,abreviação expandida
endereco,logradouro,"R. Projetada, 1972","Rua Projetada, 1972",1,abreviação expandida
endereco,logradouro,"R. Projetada, 1970","Rua Projetada, 1970",1,abreviação expandida
endereco,logradouro,"R. Projetada, 1968","Rua Projetada, 1968",1,abreviação expandida
endereco,logradouro,"R. Projetada, 1967","Rua Projetada, 1967",1,abreviação expandida
endereco,logradouro,"R. Projetada, 1964","Rua Projetada, 1964",1,abreviação expandida
endereco,logradouro,"R. Projetada, 196","Rua Projetada, 196",1,abreviação expandida
endereco,logradouro,"R. Projetada, 1959","Rua Projetada, 1959",1,abreviação expandida
endereco,logradouro,"R. Projetada, 1957","Rua Projetada, 1957",1,abreviação expandida
endereco,logradouro,"R. Projetada, 1955","Rua Projetada, 1955",1,abreviação expandida
endereco,logradouro,"R. Projetada, 1953","Rua Projetada, 1953",1,abreviação expandida
endereco,logradouro,"R. Projetada, 1950","Rua Projetada, 1950",1,abreviação expandida
endereco,logradouro,"R. Projetada, 2040","Rua Projetada, 2040",1,abreviação expandida
endereco,logradouro,"R. Projetada, 2039","Rua Projetada, 2039",1,abreviação expandida
endereco,logradouro,"R. Projetada, 2035","Rua Projetada, 2035",1,abreviação expandida
endereco,logradouro,"R. Projetada, 2034","Rua Projetada, 2034",1,abreviação expandida
endereco,logradouro,"R. Projetada, 2032","Rua Projetada, 2032",1,abreviação expandida
endereco,logradouro,"R. Projetada, 2031","Rua Projetada, 2031",1,abreviação expandida
endereco,logradouro,"R. Projetada, 2027","Rua Projetada, 2027",1,abreviação expandida
endereco,logradouro,"R. Projetada, 2022","Rua Projetada, 2022",1,abreviação expandida
endereco,logradouro,"R. Projetada, 2021","Rua Projetada, 2021",1,abreviação expandida
endereco,logradouro,"R. Projetada, 2020","Rua Projetada, 2020",1,abreviação expandida
endereco,logradouro,"R. Projetada, 2017","Rua Projetada, 2017",1,abreviação expandida
endereco,logradouro,"R. Projetada, 2010","Rua Projetada, 2010",1,abreviação expandida
endereco,logradouro,"R. Projetada, 2009","Rua Projetada, 2009",1,abreviação expandida
endereco,logradouro,"R. Projetada, 2007","Rua Projetada, 2007",1,abreviação expandida
endereco,logradouro,"R. Projetada, 2003","Rua Projetada, 2003",1,abreviação expandida
endereco,logradouro,"R. Projetada, 200","Rua Projetada, 200",1,abreviação expandida
endereco,logradouro,"R. Projetada, 2099","Rua Projetada, 2099",1,abreviação expandida
endereco,logradouro,"R. Projetada, 2097","Rua Projetada, 2097",1,abreviação expandida
endereco,logradouro,"R. Projetada, 2087","Rua Projetada, 2087",1,abreviação expandida
endereco,logradouro,"R. Projetada, 2084","Rua Projetada, 2084",1,abreviação expandida
endereco,logradouro,"R. Projetada, 2083","Rua Projetada, 2083",1,abreviação expandida
endereco,logradouro,"R. Projetada, 2079","Rua Projetada, 2079",1,abreviação expandida
endereco,logradouro,"R. Projetada, 2076","Rua Projetada, 2076",1,abreviação expandida
endereco,logradouro,"R. Projetada, 2075","Rua Projetada, 2075",1,abreviação expandida
endereco,logradouro,"R. Projetada, 2071","Rua Projetada, 2071",1,abreviação expandida
endereco,logradouro,"R. Projetada, 2070","Rua Projetada, 2070",1,abreviação expandida
endereco,logradouro,"R. Projetada, 2062","Rua Projetada, 2062",1,abreviação expandida
endereco,logradouro,"R. Projetada, 2058","Rua Projetada, 2058",1,abreviação expandida
endereco,logradouro,"R. Projetada, 205","Rua Projetada, 205",1,abreviação expandida
endereco,logradouro,"R. Projetada, 2046","Rua Projetada, 2046",1,abreviação expandida
endereco,logradouro,"R. Projetada, 2045","Rua Projetada, 2045",1,abreviação expandida
endereco,logradouro,"R. Projetada, 2042","Rua Projetada, 2042",1,abreviação expandida
endereco,logradouro,"R. Projetada, 2142","Rua Projetada, 2142",1,abreviação expandida
endereco,logradouro,"R. Projetada, 2133","Rua Projetada, 2133",1,abreviação expandida
endereco,logradouro,"R. Projetada, 2131","Rua Projetada, 2131",1,abreviação expandida
endereco,logradouro,"R. Projetada, 213","Rua Projetada, 213",1,abreviação expandida
endereco,logradouro,"R. Projetada, 2127","Rua Projetada, 2127",1,abreviação expandida
endereco,logradouro,"R. Projetada, 2125","Rua Projetada, 2125",1,abreviação expandida
endereco,logradouro,"R. Projetada, 2123","Rua Projetada, 2123",1,abreviação expandida
endereco,logradouro,"R. Projetada, 2121","Rua Projetada, 2121",1,abreviação expandida
endereco,logradouro,"R. Projetada, 2119","Rua Projetada, 2119",1,abreviação expandida
endereco,logradouro,"R. Projetada, 2118","Rua Projetada, 2118",1,abreviação expandida
endereco,logradouro,"R. Projetada, 2116","Rua Projetada, 2116",1,abreviação expandida
endereco,logradouro,"R. Projetada, 2114","Rua Projetada, 2114",1,abreviação expandida
endereco,logradouro,"R. Projetada, 2113","Rua Projetada, 2113",1,abreviação expandida
endereco,logradouro,"R. Projetada, 2111","Rua Projetada, 2111",1,abreviação expandida
endereco,logradouro,"R. Projetada, 2106","Rua Projetada, 2106",1,abreviação expandida
endereco,logradouro,"R. Projetada, 21","Rua Projetada, 21",1,abreviação expandida
endereco,logradouro,"R. Brasil, 3674","Rua Brasil, 3674",1,abreviação expandida
endereco,logradouro,"R. Brasil, 3663","Rua Brasil, 3663",1,abreviação expandida
endereco,logradouro,"R. Brasil, 366","Rua Brasil, 366",1,abreviação expandida
endereco,logradouro,"R. Brasil, 3657","Rua Brasil, 3657",1,abreviação expandida
endereco,logradouro,"R. Brasil, 3656","Rua Brasil, 3656",1,abreviação expandida
endereco,logradouro,"R. Brasil, 3655","Rua Brasil, 3655",1,abreviação expandida
endereco,logradouro,"R. Brasil, 3653","Rua Brasil, 3653",1,abreviação expandida
endereco,logradouro,"R. Brasil, 3648","Rua Brasil, 3648",1,abreviação expandida
endereco,logradouro,"R. Brasil, 3644","Rua Brasil, 3644",1,abreviação expandida
endereco,logradouro,"R. Brasil, 3641","Rua Brasil, 3641",1,abreviação expandida
endereco,logradouro,"R. Brasil, 364","Rua Brasil, 364",1,abreviação expandida
endereco,logradouro,"R. Brasil, 3638","Rua Brasil, 3638",1,abreviação expandida
endereco,logradouro,"R. Projetada, 2157","Rua Projetada, 2157",1,abreviação expandida
endereco,logradouro,"R. Projetada, 2155","Rua Projetada, 2155",1,abreviação expandida
endereco,logradouro,"R. Projetada, 2152","Rua Projetada, 2152",1,abreviação expandida
endereco,logradouro,"R. Projetada, 215","Rua Projetada, 215",1,abreviação expandida
endereco,logradouro,"R. Projetada, 2207","Rua Projetada, 2207",1,abreviação expandida
endereco,logradouro,"R. Projetada, 2204","Rua Projetada, 2204",1,abreviação expandida
endereco,logradouro,"R. Projetada, 2198","Rua Projetada, 2198",1,abreviação expandida
endereco,logradouro,"R. Projetada, 2195","Rua Projetada, 2195",1,abreviação expandida
endereco,logradouro,"R. Projetada, 219","Rua Projetada, 219",1,abreviação expandida
endereco,logradouro,"R. Projetada, 2184","Rua Projetada, 2184",1,abreviação expandida
endereco,logradouro,"R. Projetada, 2182","Rua Projetada, 2182",1,abreviação expandida
endereco,logradouro,"R. Projetada, 2181","Rua Projetada, 2181",1,abreviação expandida
endereco,logradouro,"R. Projetada, 2174","Rua Projetada, 2174",1,abreviação expandida
endereco,logradouro,"R. Projetada, 2168","Rua Projetada, 2168",1,abreviação expandida
endereco,logradouro,"R. Projetada, 2167","Rua Projetada, 2167",1,abreviação expandida
endereco,logradouro,"R. Projetada, 2164","Rua Projetada, 2164",1,abreviação expandida
endereco,logradouro,"R. Projetada, 2162","Rua Projetada, 2162",1,abreviação expandida
endereco,logradouro,"R. Projetada, 2160","Rua Projetada, 2160",1,abreviação expandida
endereco,logradouro,"R. Brasil, 3677","Rua Brasil, 3677",1,abreviação expandida
endereco,logradouro,"R. Brasil, 3675","Rua Brasil, 3675",1,abreviação expandida
endereco,logradouro,"R. Projetada, 2257","Rua Projetada, 2257",1,abreviação expandida
endereco,logradouro,"R. Projetada, 2256","Rua Projetada, 2256",1,abreviação expandida
endereco,logradouro,"R. Projetada, 2254","Rua Projetada, 2254",1,abreviação expandida
endereco,logradouro,"R. Projetada, 2253","Rua Projetada, 2253",1,abreviação expandida
endereco,logradouro,"R. Projetada, 2246","Rua Projetada, 2246",1,abreviação expandida
endereco,logradouro,"R. Projetada, 2240","Rua Projetada, 2240",1,abreviação expandida
endereco,logradouro,"R. Projetada, 224","Rua Projetada, 224",1,abreviação expandida
endereco,logradouro,"R. Projetada, 2238","Rua Projetada, 2238",1,abreviação expandida
endereco,logradouro,"R. Projetada, 2233","Rua Projetada, 2233",1,abreviação expandida
endereco,logradouro,"R. Projetada, 2226","Rua Projetada, 2226",1,abreviação expandida
endereco,logradouro,"R. Projetada, 2225","Rua Projetada, 2225",1,abreviação expandida
endereco,logradouro,"R. Projetada, 2220","Rua Projetada, 2220",1,abreviação expandida
endereco,logradouro,"R. Projetada, 2219","Rua Projetada, 2219",1,abreviação expandida
endereco,logradouro,"R. Projetada, 2216","Rua Projetada, 2216",1,abreviação expandida
endereco,logradouro,"R. Projetada, 2213","Rua Projetada, 2213",1,abreviação expandida
endereco,logradouro,"R. Projetada, 221","Rua Projetada, 221",1,abreviação expandida
endereco,logradouro,"R. Projetada, 2291","Rua Projetada, 2291",1,abreviação expandida
endereco,logradouro,"R. Projetada, 2290","Rua Projetada, 2290",1,abreviação expandida
endereco,logradouro,"R. Projetada, 229","Rua Projetada, 229",1,abreviação expandida
endereco,logradouro,"R. Projetada, 2287","Rua Projetada, 2287",1,abreviação expandida
endereco,logradouro,"R. Projetada, 2281","Rua Projetada, 2281",1,abreviação expandida
endereco,logradouro,"R. Projetada, 2278","Rua Projetada, 2278",1,abreviação expandida
endereco,logradouro,"R. Projetada, 2276","Rua Projetada, 2276",1,abreviação expandida
endereco,logradouro,"R. Projetada, 2275","Rua Projetada, 2275",1,abreviação expandida
endereco,logradouro,"R. Projetada, 2274","Rua Projetada, 2274",1,abreviação expandida
endereco,logradouro,"R. Projetada, 2271","Rua Projetada, 2271",1,abreviação expandida
endereco,logradouro,"R. Projetada, 227","Rua Projetada, 227",1,abreviação expandida
endereco,logradouro,"R. Projetada, 2267","Rua Projetada, 2267",1,abreviação expandida
endereco,logradouro,"R. Projetada, 2266","Rua Projetada, 2266",1,abreviação expandida
endereco,logradouro,"R. Projetada, 2261","Rua Projetada, 2261",1,abreviação expandida
endereco,logradouro,"R. Projetada, 226","Rua Projetada, 226",1,abreviação expandida
endereco,logradouro,"R. Projetada, 2259","Rua Projetada, 2259",1,abreviação expandida
endereco,logradouro,"R. Brasil, 3622","Rua Brasil, 3622",1,abreviação expandida
endereco,logradouro,"R. Brasil, 3620","Rua Brasil, 3620",1,abreviação expandida
endereco,logradouro,"R. Brasil, 3613","Rua Brasil, 3613",1,abreviação expandida
endereco,logradouro,"R. Brasil, 3612","Rua Brasil, 3612",1,abreviação expandida
endereco,logradouro,"R. Brasil, 361","Rua Brasil, 361",1,abreviação expandida
endereco,logradouro,"R. Brasil, 3601","Rua Brasil, 3601",1,abreviação expandida
endereco,logradouro,"R. Brasil, 3600","Rua Brasil, 3600",1,abreviação expandida
endereco,logradouro,"R. Brasil, 3599","Rua Brasil, 3599",1,abreviação expandida
endereco,logradouro,"R. Brasil, 3594","Rua Brasil, 3594",1,abreviação expandida
endereco,logradouro,"R. Brasil, 359","Rua Brasil, 359",1,abreviação expandida
endereco,logradouro,"R. Brasil, 3585","Rua Brasil, 3585",1,abreviação expandida
endereco,logradouro,"R. Brasil, 3582","Rua Brasil, 3582",1,abreviação expandida
endereco,logradouro,"R. Projetada, 2334","Rua Projetada, 2334",1,abreviação expandida
endereco,logradouro,"R. Projetada, 2330","Rua Projetada, 2330",1,abreviação expandida
endereco,logradouro,"R. Projetada, 2311","Rua Projetada, 2311",1,abreviação expandida
endereco,logradouro,"R. Projetada, 2295","Rua Projetada, 2295",1,abreviação expandida
endereco,logradouro,"R. Projetada, 237","Rua Projetada, 237",1,abreviação expandida
endereco,logradouro,"R. Projetada, 2368","Rua Projetada, 2368",1,abreviação expandida
endereco,logradouro,"R. Projetada, 2366","Rua Projetada, 2366",1,abreviação expandida
endereco,logradouro,"R. Projetada, 2365","Rua Projetada, 2365",1,abreviação expandida
endereco,logradouro,"R. Projetada, 2364","Rua Projetada, 2364",1,abreviação expandida
endereco,logradouro,"R. Projetada, 2361","Rua Projetada, 2361",1,abreviação expandida
endereco,logradouro,"R. Projetada, 2360","Rua Projetada, 2360",1,abreviação expandida
endereco,logradouro,"R. Projetada, 2358","Rua Projetada, 2358",1,abreviação expandida
endereco,logradouro,"R. Projetada, 2356","Rua Projetada, 2356",1,abreviação expandida
endereco,logradouro,"R. Projetada, 2352","Rua Projetada, 2352",1,abreviação expandida
endereco,logradouro,"R. Projetada, 2350","Rua Projetada, 2350",1,abreviação expandida
endereco,logradouro,"R. Projetada, 235","Rua Projetada, 235",1,abreviação expandida
endereco,logradouro,"R. Projetada, 2337","Rua Projetada, 2337",1,abreviação expandida
endereco,logradouro,"R. Projetada, 2336","Rua Projetada, 2336",1,abreviação expandida
endereco,logradouro,"R. Projetada, 2335","Rua Projetada, 2335",1,abreviação expandida
endereco,logradouro,"R. Brasil, 3635","Rua Brasil, 3635",1,abreviação expandida
endereco,logradouro,"R. Projetada, 2412","Rua Projetada, 2412",1,abreviação expandida
endereco,logradouro,"R. Projetada, 2410","Rua Projetada, 2410",1,abreviação expandida
endereco,logradouro,"R. Projetada, 241","Rua Projetada, 241",1,abreviação expandida
endereco,logradouro,"R. Projetada, 2407","Rua Projetada, 2407",1,abreviação expandida
endereco,logradouro,"R. Projetada, 2405","Rua Projetada, 2405",1,abreviação expandida
endereco,logradouro,"R. Projetada, 2404","Rua Projetada, 2404",1,abreviação expandida
endereco,logradouro,"R. Projetada, 24","Rua Projetada, 24",1,abreviação expandida
endereco,logradouro,"R. Projetada, 2399","Rua Projetada, 2399",1,abreviação expandida
endereco,logradouro,"R. Projetada, 2393","Rua Projetada, 2393",1,abreviação expandida
endereco,logradouro,"R. Projetada, 2383","Rua Projetada, 2383",1,abreviação expandida
endereco,logradouro,"R. Projetada, 2378","Rua Projetada, 2378",1,abreviação expandida
endereco,logradouro,"R. Projetada, 2375","Rua Projetada, 2375",1,abreviação expandida
endereco,logradouro,"R. Projetada, 2374","Rua Projetada, 2374",1,abreviação expandida
endereco,logradouro,"R. Projetada, 2372","Rua Projetada, 2372",1,abreviação expandida
endereco,logradouro,"R. Projetada, 2371","Rua Projetada, 2371",1,abreviação expandida
endereco,logradouro,"R. Projetada, 2370","Rua Projetada, 2370",1,abreviação expandida
endereco,logradouro,"R. Projetada, 2452","Rua Projetada, 2452",1,abreviação expandida
endereco,logradouro,"R. Projetada, 2450","Rua Projetada, 2450",1,abreviação expandida
endereco,logradouro,"R. Projetada, 2448","Rua Projetada, 2448",1,abreviação expandida
endereco,logradouro,"R. Projetada, 2446","Rua Projetada, 2446",1,abreviação expandida
endereco,logradouro,"R. Projetada, 2445","Rua Projetada, 2445",1,abreviação expandida
endereco,logradouro,"R. Projetada, 2442","Rua Projetada, 2442",1,abreviação expandida
endereco,logradouro,"R. Projetada, 2439","Rua Projetada, 2439",1,abreviação expandida
endereco,logradouro,"R. Projetada, 2438","Rua Projetada, 2438",1,abreviação expandida
endereco,logradouro,"R. Projetada, 2437","Rua Projetada, 2437",1,abreviação expandida
endereco,logradouro,"R. Projetada, 2433","Rua Projetada, 2433",1,abreviação expandida
endereco,logradouro,"R. Projetada, 2432","Rua Projetada, 2432",1,abreviação expandida
endereco,logradouro,"R. Projetada, 2430","Rua Projetada, 2430",1,abreviação expandida
endereco,logradouro,"R. Projetada, 2425","Rua Projetada, 2425",1,abreviação expandida
endereco,logradouro,"R. Projetada, 2422","Rua Projetada, 2422",1,abreviação expandida
endereco,logradouro,"R. Projetada, 2417","Rua Projetada, 2417",1,abreviação expandida
endereco,logradouro,"R. Projetada, 2413","Rua Projetada, 2413",1,abreviação expandida
endereco,logradouro,"R. Projetada, 2501","Rua Projetada, 2501",1,abreviação expandida
endereco,logradouro,"R. Projetada, 2499","Rua Projetada, 2499",1,abreviação expandida
endereco,logradouro,"R. Projetada, 2492","Rua Projetada, 2492",1,abreviação expandida
endereco,logradouro,"R. Projetada, 2488","Rua Projetada, 2488",1,abreviação expandida
endereco,logradouro,"R. Projetada, 2483","Rua Projetada, 2483",1,abreviação expandida
endereco,logradouro,"R. Projetada, 2479","Rua Projetada, 2479",1,abreviação expandida
endereco,logradouro,"R. Projetada, 2474","Rua Projetada, 2474",1,abreviação expandida
endereco,logradouro,"R. Projetada, 2470","Rua Projetada, 2470",1,abreviação expandida
endereco,logradouro,"R. Projetada, 2469","Rua Projetada, 2469",1,abreviação expandida
endereco,logradouro,"R. Projetada, 2467","Rua Projetada, 2467",1,abreviação expandida
endereco,logradouro,"R. Projetada, 2465","Rua Projetada, 2465",1,abreviação expandida
endereco,logradouro,"R. Projetada, 2463","Rua Projetada, 2463",1,abreviação expandida
endereco,logradouro,"R. Projetada, 2462","Rua Projetada, 2462",1,abreviação expandida
endereco,logradouro,"R. Projetada, 2459","Rua Projetada, 2459",1,abreviação expandida
endereco,logradouro,"R. Projetada, 2457","Rua Projetada, 2457",1,abreviação expandida
endereco,logradouro,"R. Projetada, 2454","Rua Projetada, 2454",1,abreviação expandida
endereco,logradouro,"R. Brasil, 3573","Rua Brasil, 3573",1,abreviação expandida
endereco,logradouro,"R. Brasil, 3570","Rua Brasil, 3570",1,abreviação expandida
endereco,logradouro,"R. Brasil, 357","Rua Brasil, 357",1,abreviação expandida
endereco,logradouro,"R. Brasil, 3569","Rua Brasil, 3569",1,abreviação expandida
endereco,logradouro,"R. Brasil, 3561","Rua Brasil, 3561",1,abreviação expandida
endereco,logradouro,"R. Brasil, 356","Rua Brasil, 356",1,abreviação expandida
endereco,logradouro,"R. Brasil, 3557","Rua Brasil, 3557",1,abreviação expandida
endereco,logradouro,"R. Brasil, 3556","Rua Brasil, 3556",1,abreviação expandida
endereco,logradouro,"R. Brasil, 3555","Rua Brasil, 3555",1,abreviação expandida
endereco,logradouro,"R. Brasil, 3553","Rua Brasil, 3553",1,abreviação expandida
endereco,logradouro,"R. Brasil, 3552","Rua Brasil, 3552",1,abreviação expandida
endereco,logradouro,"R. Brasil, 3551","Rua Brasil, 3551",1,abreviação expandida
endereco,logradouro,"R. Projetada, 2518","Rua Projetada, 2518",1,abreviação expandida
endereco,logradouro,"R. Projetada, 2514","Rua Projetada, 2514",1,abreviação expandida
endereco,logradouro,"R. Projetada, 2506","Rua Projetada, 2506",1,abreviação expandida
endereco,logradouro,"R. Projetada, 2503","Rua Projetada, 2503",1,abreviação expandida
endereco,logradouro,"R. Projetada, 2568","Rua Projetada, 2568",1,abreviação expandida
endereco,logradouro,"R. Projetada, 2567","Rua Projetada, 2567",1,abreviação expandida
endereco,logradouro,"R. Projetada, 2565","Rua Projetada, 2565",1,abreviação expandida
endereco,logradouro,"R. Projetada, 2561","Rua Projetada, 2561",1,abreviação expandida
endereco,logradouro,"R. Projetada, 2552","Rua Projetada, 2552",1,abreviação expandida
endereco,logradouro,"R. Projetada, 2547","Rua Projetada, 2547",1,abreviação expandida
endereco,logradouro,"R. Projetada, 2546","Rua Projetada, 2546",1,abreviação expandida
endereco,logradouro,"R. Projetada, 2544","Rua Projetada, 2544",1,abreviação expandida
endereco,logradouro,"R. Projetada, 2532","Rua Projetada, 2532",1,abreviação expandida
endereco,logradouro,"R. Projetada, 2529","Rua Projetada, 2529",1,abreviação expandida
endereco,logradouro,"R. Projetada, 2524","Rua Projetada, 2524",1,abreviação expandida
endereco,logradouro,"R. Projetada, 2521","Rua Projetada, 2521",1,abreviação expandida
endereco,logradouro,"R. Projetada, 2520","Rua Projetada, 2520",1,abreviação expandida
endereco,logradouro,"R. Brasil, 3576","Rua Brasil, 3576",1,abreviação expandida
endereco,logradouro,"R. Brasil, 3575","Rua Brasil, 3575",1,abreviação expandida
endereco,logradouro,"R. Brasil, 3574","Rua Brasil, 3574",1,abreviação expandida
endereco,logradouro,"R. Projetada, 261","Rua Projetada, 261",1,abreviação expandida
endereco,logradouro,"R. Projetada, 2604","Rua Projetada, 2604",1,abreviação expandida
endereco,logradouro,"R. Projetada, 2603","Rua Projetada, 2603",1,abreviação expandida
endereco,logradouro,"R. Projetada, 2601","Rua Projetada, 2601",1,abreviação expandida
endereco,logradouro,"R. Projetada, 260","Rua Projetada, 260",1,abreviação expandida
endereco,logradouro,"R. Projetada, 26","Rua Projetada, 26",1,abreviação expandida
endereco,logradouro,"R. Projetada, 2599","Rua Projetada, 2599",1,abreviação expandida
endereco,logradouro,"R. Projetada, 2595","Rua Projetada, 2595",1,abreviação expandida
endereco,logradouro,"R. Projetada, 2594","Rua Projetada, 2594",1,abreviação expandida
endereco,logradouro,"R. Projetada, 2591","Rua Projetada, 2591",1,abreviação expandida
endereco,logradouro,"R. Projetada, 2590","Rua Projetada, 2590",1,abreviação expandida
endereco,logradouro,"R. Projetada, 259","Rua Projetada, 259",1,abreviação expandida
endereco,logradouro,"R. Projetada, 2589","Rua Projetada, 2589",1,abreviação expandida
endereco,logradouro,"R. Projetada, 2586","Rua Projetada, 2586",1,abreviação expandida
endereco,logradouro,"R. Projetada, 2570","Rua Projetada, 2570",1,abreviação expandida
endereco,logradouro,"R. Projetada, 257","Rua Projetada, 257",1,abreviação expandida
endereco,logradouro,"R. Projetada, 2648","Rua Projetada, 2648",1,abreviação expandida
endereco,logradouro,"R. Projetada, 2646","Rua Projetada, 2646",1,abreviação expandida
endereco,logradouro,"R. Projetada, 2644","Rua Projetada, 2644",1,abreviação expandida
endereco,logradouro,"R. Projetada, 2640","Rua Projetada, 2640",1,abreviação expandida
endereco,logradouro,"R. Projetada, 2637","Rua Projetada, 2637",1,abreviação expandida
endereco,logradouro,"R. Projetada, 2634","Rua Projetada, 2634",1,abreviação expandida
endereco,logradouro,"R. Projetada, 2629","Rua Projetada, 2629",1,abreviação expandida
endereco,logradouro,"R. Projetada, 2627","Rua Projetada, 2627",1,abreviação expandida
endereco,logradouro,"R. Projetada, 2626","Rua Projetada, 2626",1,abreviação expandida
endereco,logradouro,"R. Projetada, 2625","Rua Projetada, 2625",1,abreviação expandida
endereco,logradouro,"R. Projetada, 2624","Rua Projetada, 2624",1,abreviação expandida
endereco,logradouro,"R. Projetada, 2620","Rua Projetada, 2620",1,abreviação expandida
endereco,logradouro,"R. Projetada, 262","Rua Projetada, 262",1,abreviação expandida
endereco,logradouro,"R. Projetada, 2616","Rua Projetada, 2616",1,abreviação expandida
endereco,logradouro,"R. Projetada, 2614","Rua Projetada, 2614",1,abreviação expandida
endereco,logradouro,"R. Projetada, 2611","Rua Projetada, 2611",1,abreviação expandida
endereco,logradouro,"R. Brasil, 3543","Rua Brasil, 3543",1,abreviação expandida
endereco,logradouro,"R. Brasil, 3538","Rua Brasil, 3538",1,abreviação expandida
endereco,logradouro,"R. Brasil, 3536","Rua Brasil, 3536",1,abreviação expandida
endereco,logradouro,"R. Brasil, 3535","Rua Brasil, 3535",1,abreviação expandida
endereco,logradouro,"R. Brasil, 3534","Rua Brasil, 3534",1,abreviação expandida
endereco,logradouro,"R. Brasil, 3532","Rua Brasil, 3532",1,abreviação expandida
endereco,logradouro,"R. Brasil, 3528","Rua Brasil, 3528",1,abreviação expandida
endereco,logradouro,"R. Brasil, 3525","Rua Brasil, 3525",1,abreviação expandida
endereco,logradouro,"R. Projetada, 2668","Rua Projetada, 2668",1,abreviação expandida
endereco,logradouro,"R. Projetada, 2664","Rua Projetada, 2664",1,abreviação expandida
endereco,logradouro,"R. Projetada, 2661","Rua Projetada, 2661",1,abreviação expandida
endereco,logradouro,"R. Projetada, 2659","Rua Projetada, 2659",1,abreviação expandida
endereco,logradouro,"R. Projetada, 2657","Rua Projetada, 2657",1,abreviação expandida
endereco,logradouro,"R. Projetada, 2655","Rua Projetada, 2655",1,abreviação expandida
endereco,logradouro,"R. Projetada, 2654","Rua Projetada, 2654",1,abreviação expandida
endereco,logradouro,"R. Projetada, 2653","Rua Projetada, 2653",1,abreviação expandida
endereco,logradouro,"R. Projetada, 2717","Rua Projetada, 2717",1,abreviação expandida
endereco,logradouro,"R. Projetada, 2710","Rua Projetada, 2710",1,abreviação expandida
endereco,logradouro,"R. Projetada, 2707","Rua Projetada, 2707",1,abreviação expandida
endereco,logradouro,"R. Projetada, 2704","Rua Projetada, 2704",1,abreviação expandida
endereco,logradouro,"R. Projetada, 2702","Rua Projetada, 2702",1,abreviação expandida
endereco,logradouro,"R. Projetada, 2700","Rua Projetada, 2700",1,abreviação expandida
endereco,logradouro,"R. Projetada, 2699","Rua Projetada, 2699",1,abreviação expandida
endereco,logradouro,"R. Projetada, 2694","Rua Projetada, 2694",1,abreviação expandida
endereco,logradouro,"R. Projetada, 2689","Rua Projetada, 2689",1,abreviação expandida
endereco,logradouro,"R. Projetada, 2688","Rua Projetada, 2688",1,abreviação expandida
endereco,logradouro,"R. Projetada, 2680","Rua Projetada, 2680",1,abreviação expandida
endereco,logradouro,"R. Projetada, 2676","Rua Projetada, 2676",1,abreviação expandida
endereco,logradouro,"R. Projetada, 2670","Rua Projetada, 2670",1,abreviação expandida
endereco,logradouro,"R. Brasil, 3548","Rua Brasil, 3548",1,abreviação expandida
endereco,logradouro,"R. Brasil, 3547","Rua Brasil, 3547",1,abreviação expandida
endereco,logradouro,"R. Brasil, 3546","Rua Brasil, 3546",1,abreviação expandida
endereco,logradouro,"R. Projetada, 2791","Rua Projetada, 2791",1,abreviação expandida
endereco,logradouro,"R. Projetada, 2785","Rua Projetada, 2785",1,abreviação expandida
endereco,logradouro,"R. Projetada, 2780","Rua Projetada, 2780",1,abreviação expandida
endereco,logradouro,"R. Projetada, 2774","Rua Projetada, 2774",1,abreviação expandida
endereco,logradouro,"R. Projetada, 2771","Rua Projetada, 2771",1,abreviação expandida
endereco,logradouro,"R. Projetada, 2766","Rua Projetada, 2766",1,abreviação expandida
endereco,logradouro,"R. Projetada, 2764","Rua Projetada, 2764",1,abreviação expandida
endereco,logradouro,"R. Projetada, 2763","Rua Projetada, 2763",1,abreviação expandida
endereco,logradouro,"R. Projetada, 2762","Rua Projetada, 2762",1,abreviação expandida
endereco,logradouro,"R. Projetada, 2761","Rua Projetada, 2761",1,abreviação expandida
endereco,logradouro,"R. Projetada, 2757","Rua Projetada, 2757",1,abreviação expandida
endereco,logradouro,"R. Projetada, 2756","Rua Projetada, 2756",1,abreviação expandida
endereco,logradouro,"R. Projetada, 2755","Rua Projetada, 2755",1,abreviação expandida
endereco,logradouro,"R. Projetada, 2748","Rua Projetada, 2748",1,abreviação expandida
endereco,logradouro,"R. Projetada, 2727","Rua Projetada, 2727",1,abreviação expandida
endereco,logradouro,"R. Projetada, 2718","Rua Projetada, 2718",1,abreviação expandida
endereco,logradouro,"R. Brasil, 3517","Rua Brasil, 3517",1,abreviação expandida
endereco,logradouro,"R. Brasil, 3515","Rua Brasil, 3515",1,abreviação expandida
endereco,logradouro,"R. Brasil, 3513","Rua Brasil, 3513",1,abreviação expandida
endereco,logradouro,"R. Brasil, 351","Rua Brasil, 351",1,abreviação expandida
endereco,logradouro,"R. Brasil, 3509","Rua Brasil, 3509",1,abreviação expandida
endereco,logradouro,"R. Brasil, 3505","Rua Brasil, 3505",1,abreviação expandida
endereco,logradouro,"R. Brasil, 35","Rua Brasil, 35",1,abreviação expandida
endereco,logradouro,"R. Brasil, 3493","Rua Brasil, 3493",1,abreviação expandida
endereco,logradouro,"R. Brasil, 3491","Rua Brasil, 3491",1,abreviação expandida
endereco,logradouro,"R. Brasil, 3489","Rua Brasil, 3489",1,abreviação expandida
endereco,logradouro,"R. Projetada, 2807","Rua Projetada, 2807",1,abreviação expandida
endereco,logradouro,"R. Projetada, 2805","Rua Projetada, 2805",1,abreviação expandida
endereco,logradouro,"R. Projetada, 2800","Rua Projetada, 2800",1,abreviação expandida
endereco,logradouro,"R. Projetada, 280","Rua Projetada, 280",1,abreviação expandida
endereco,logradouro,"R. Projetada, 2798","Rua Projetada, 2798",1,abreviação expandida
endereco,logradouro,"R. Projetada, 2797","Rua Projetada, 2797",1,abreviação expandida
endereco,logradouro,"R. Projetada, 2872","Rua Projetada, 2872",1,abreviação expandida
endereco,logradouro,"R. Projetada, 2867","Rua Projetada, 2867",1,abreviação expandida
endereco,logradouro,"R. Projetada, 2864","Rua Projetada, 2864",1,abreviação expandida
endereco,logradouro,"R. Projetada, 2862","Rua Projetada, 2862",1,abreviação expandida
endereco,logradouro,"R. Projetada, 2857","Rua Projetada, 2857",1,abreviação expandida
endereco,logradouro,"R. Projetada, 2854","Rua Projetada, 2854",1,abreviação expandida
endereco,logradouro,"R. Projetada, 2847","Rua Projetada, 2847",1,abreviação expandida
endereco,logradouro,"R. Projetada, 2841","Rua Projetada, 2841",1,abreviação expandida
endereco,logradouro,"R. Projetada, 284","Rua Projetada, 284",1,abreviação expandida
endereco,logradouro,"R. Projetada, 283","Rua Projetada, 283",1,abreviação expandida
endereco,logradouro,"R. Projetada, 2826","Rua Projetada, 2826",1,abreviação expandida
endereco,logradouro,"R. Projetada, 282","Rua Projetada, 282",1,abreviação expandida
endereco,logradouro,"R. Projetada, 2814","Rua Projetada, 2814",1,abreviação expandida
endereco,logradouro,"R. Brasil, 3521","Rua Brasil, 3521",1,abreviação expandida
endereco,logradouro,"R. Brasil, 352","Rua Brasil, 352",1,abreviação expandida
endereco,logradouro,"R. Brasil, 3518","Rua Brasil, 3518",1,abreviação expandida
endereco,logradouro,"R. Projetada, 2929","Rua Projetada, 2929",1,abreviação expandida
endereco,logradouro,"R. Projetada, 2926","Rua Projetada, 2926",1,abreviação expandida
endereco,logradouro,"R. Projetada, 2923","Rua Projetada, 2923",1,abreviação expandida
endereco,logradouro,"R. Projetada, 2922","Rua Projetada, 2922",1,abreviação expandida
endereco,logradouro,"R. Projetada, 2920","Rua Projetada, 2920",1,abreviação expandida
endereco,logradouro,"R. Projetada, 2913","Rua Projetada, 2913",1,abreviação expandida
endereco,logradouro,"R. Projetada, 2912","Rua Projetada, 2912",1,abreviação expandida
endereco,logradouro,"R. Projetada, 2909","Rua Projetada, 2909",1,abreviação expandida
endereco,logradouro,"R. Projetada, 2908","Rua Projetada, 2908",1,abreviação expandida
endereco,logradouro,"R. Projetada, 2905","Rua Projetada, 2905",1,abreviação expandida
endereco,logradouro,"R. Projetada, 2904","Rua Projetada, 2904",1,abreviação expandida
endereco,logradouro,"R. Projetada, 290","Rua Projetada, 290",1,abreviação expandida
endereco,logradouro,"R. Projetada, 2894","Rua Projetada, 2894",1,abreviação expandida
endereco,logradouro,"R. Projetada, 2886","Rua Projetada, 2886",1,abreviação expandida
endereco,logradouro,"R. Projetada, 2885","Rua Projetada, 2885",1,abreviação expandida
endereco,logradouro,"R. Projetada, 288","Rua Projetada, 288",1,abreviação expandida
endereco,logradouro,"R. Brasil, 3476","Rua Brasil, 3476",1,abreviação expandida
endereco,logradouro,"R. Brasil, 3473","Rua Brasil, 3473",1,abreviação expandida
endereco,logradouro,"R. Brasil, 3472","Rua Brasil, 3472",1,abreviação expandida
endereco,logradouro,"R. Brasil, 3470","Rua Brasil, 3470",1,abreviação expandida
endereco,logradouro,"R. Brasil, 3465","Rua Brasil, 3465",1,abreviação expandida
endereco,logradouro,"R. Brasil, 3464","Rua Brasil, 3464",1,abreviação expandida
endereco,logradouro,"R. Brasil, 3462","Rua Brasil, 3462",1,abreviação expandida
endereco,logradouro,"R. Brasil, 3461","Rua Brasil, 3461",1,abreviação expandida
endereco,logradouro,"R. Brasil, 346","Rua Brasil, 346",1,abreviação expandida
endereco,logradouro,"R. Brasil, 3457","Rua Brasil, 3457",1,abreviação expandida
endereco,logradouro,"R. Brasil, 3447","Rua Brasil, 3447",1,abreviação expandida
endereco,logradouro,"R. Projetada, 295","Rua Projetada, 295",1,abreviação expandida
endereco,logradouro,"R. Projetada, 2946","Rua Projetada, 2946",1,abreviação expandida
endereco,logradouro,"R. Projetada, 2938","Rua Projetada, 2938",1,abreviação expandida
endereco,logradouro,"R. Projetada, 2932","Rua Projetada, 2932",1,abreviação expandida
endereco,logradouro,"R. Projetada, 293","Rua Projetada, 293",1,abreviação expandida
endereco,logradouro,"R. Projetada, 3015","Rua Projetada, 3015",1,abreviação expandida
endereco,logradouro,"R. Projetada, 3010","Rua Projetada, 3010",1,abreviação expandida
endereco,logradouro,"R. Projetada, 301","Rua Projetada, 301",1,abreviação expandida
endereco,logradouro,"R. Projetada, 2996","Rua Projetada, 2996",1,abreviação expandida
endereco,logradouro,"R. Projetada, 299","Rua Projetada, 299",1,abreviação expandida
endereco,logradouro,"R. Projetada, 2986","Rua Projetada, 2986",1,abreviação expandida
endereco,logradouro,"R. Projetada, 2984","Rua Projetada, 2984",1,abreviação expandida
endereco,logradouro,"R. Projetada, 298","Rua Projetada, 298",1,abreviação expandida
endereco,logradouro,"R. Projetada, 2973","Rua Projetada, 2973",1,abreviação expandida
endereco,logradouro,"R. Projetada, 2970","Rua Projetada, 2970",1,abreviação expandida
endereco,logradouro,"R. Projetada, 2966","Rua Projetada, 2966",1,abreviação expandida
endereco,logradouro,"R. Projetada, 2965","Rua Projetada, 2965",1,abreviação expandida
endereco,logradouro,"R. Projetada, 2962","Rua Projetada, 2962",1,abreviação expandida
endereco,logradouro,"R. Projetada, 2961","Rua Projetada, 2961",1,abreviação expandida
endereco,logradouro,"R. Projetada, 2953","Rua Projetada, 2953",1,abreviação expandida
endereco,logradouro,"R. Brasil, 3485","Rua Brasil, 3485",1,abreviação expandida
endereco,logradouro,"R. Projetada, 3098","Rua Projetada, 3098",1,abreviação expandida
endereco,logradouro,"R. Projetada, 3095","Rua Projetada, 3095",1,abreviação expandida
endereco,logradouro,"R. Projetada, 3094","Rua Projetada, 3094",1,abreviação expandida
endereco,logradouro,"R. Projetada, 3093","Rua Projetada, 3093",1,abreviação expandida
endereco,logradouro,"R. Projetada, 3078","Rua Projetada, 3078",1,abreviação expandida
endereco,logradouro,"R. Projetada, 3074","Rua Projetada, 3074",1,abreviação expandida
endereco,logradouro,"R. Projetada, 3073","Rua Projetada, 3073",1,abreviação expandida
endereco,logradouro,"R. Projetada, 3066","Rua Projetada, 3066",1,abreviação expandida
endereco,logradouro,"R. Projetada, 3060","Rua Projetada, 3060",1,abreviação expandida
endereco,logradouro,"R. Projetada, 3056","Rua Projetada, 3056",1,abreviação expandida
endereco,logradouro,"R. Projetada, 3048","Rua Projetada, 3048",1,abreviação expandida
endereco,logradouro,"R. Projetada, 304","Rua Projetada, 304",1,abreviação expandida
endereco,logradouro,"R. Projetada, 3034","Rua Projetada, 3034",1,abreviação expandida
endereco,logradouro,"R. Projetada, 3031","Rua Projetada, 3031",1,abreviação expandida
endereco,logradouro,"R. Projetada, 302","Rua Projetada, 302",1,abreviação expandida
endereco,logradouro,"R. Projetada, 3018","Rua Projetada, 3018",1,abreviação expandida
endereco,logradouro,"R. Projetada, 314","Rua Projetada, 314",1,abreviação expandida
endereco,logradouro,"R. Projetada, 3138","Rua Projetada, 3138",1,abreviação expandida
endereco,logradouro,"R. Projetada, 3136","Rua Projetada, 3136",1,abreviação expandida
endereco,logradouro,"R. Projetada, 3135","Rua Projetada, 3135",1,abreviação expandida
endereco,logradouro,"R. Projetada, 3132","Rua Projetada, 3132",1,abreviação expandida
endereco,logradouro,"R. Projetada, 3126","Rua Projetada, 3126",1,abreviação expandida
endereco,logradouro,"R. Projetada, 3123","Rua Projetada, 3123",1,abreviação expandida
endereco,logradouro,"R. Projetada, 3122","Rua Projetada, 3122",1,abreviação expandida
endereco,logradouro,"R. Projetada, 3120","Rua Projetada, 3120",1,abreviação expandida
endereco,logradouro,"R. Projetada, 3119","Rua Projetada, 3119",1,abreviação expandida
endereco,logradouro,"R. Projetada, 3114","Rua Projetada, 3114",1,abreviação expandida
endereco,logradouro,"R. Projetada, 3112","Rua Projetada, 3112",1,abreviação expandida
endereco,logradouro,"R. Projetada, 3110","Rua Projetada, 3110",1,abreviação expandida
endereco,logradouro,"R. Projetada, 3107","Rua Projetada, 3107",1,abreviação expandida
endereco,logradouro,"R. Projetada, 310","Rua Projetada, 310",1,abreviação expandida
endereco,logradouro,"R. Projetada, 31","Rua Projetada, 31",1,abreviação expandida
endereco,logradouro,"R. Projetada, 3203","Rua Projetada, 3203",1,abreviação expandida
endereco,logradouro,"R. Projetada, 3202","Rua Projetada, 3202",1,abreviação expandida
endereco,logradouro,"R. Projetada, 3191","Rua Projetada, 3191",1,abreviação expandida
endereco,logradouro,"R. Projetada, 3190","Rua Projetada, 3190",1,abreviação expandida
endereco,logradouro,"R. Projetada, 3183","Rua Projetada, 3183",1,abreviação expandida
endereco,logradouro,"R. Projetada, 3182","Rua Projetada, 3182",1,abreviação expandida
endereco,logradouro,"R. Projetada, 3179","Rua Projetada, 3179",1,abreviação expandida
endereco,logradouro,"R. Projetada, 3175","Rua Projetada, 3175",1,abreviação expandida
endereco,logradouro,"R. Projetada, 3171","Rua Projetada, 3171",1,abreviação expandida
endereco,logradouro,"R. Projetada, 3160","Rua Projetada, 3160",1,abreviação expandida
endereco,logradouro,"R. Projetada, 3159","Rua Projetada, 3159",1,abreviação expandida
endereco,logradouro,"R. Projetada, 3156","Rua Projetada, 3156",1,abreviação expandida
endereco,logradouro,"R. Projetada, 3155","Rua Projetada, 3155",1,abreviação expandida
endereco,logradouro,"R. Projetada, 3150","Rua Projetada, 3150",1,abreviação expandida
endereco,logradouro,"R. Projetada, 3148","Rua Projetada, 3148",1,abreviação expandida
endereco,logradouro,"R. Projetada, 3143","Rua Projetada, 3143",1,abreviação expandida
endereco,logradouro,"R. Brasil, 3435","Rua Brasil, 3435",1,abreviação expandida
endereco,logradouro,"R. Brasil, 3434","Rua Brasil, 3434",1,abreviação expandida
endereco,logradouro,"R. Brasil, 343","Rua Brasil, 343",1,abreviação expandida
endereco,logradouro,"R. Brasil, 3429","Rua Brasil, 3429",1,abreviação expandida
endereco,logradouro,"R. Brasil, 3421","Rua Brasil, 3421",1,abreviação expandida
endereco,logradouro,"R. Brasil, 3411","Rua Brasil, 3411",1,abreviação expandida
endereco,logradouro,"R. Brasil, 3409","Rua Brasil, 3409",1,abreviação expandida
endereco,logradouro,"R. Brasil, 3407","Rua Brasil, 3407",1,abreviação expandida
endereco,logradouro,"R. Brasil, 3406","Rua Brasil, 3406",1,abreviação expandida
endereco,logradouro,"R. Brasil, 3402","Rua Brasil, 3402",1,abreviação expandida
endereco,logradouro,"R. Brasil, 3401","Rua Brasil, 3401",1,abreviação expandida
endereco,logradouro,"R. Brasil, 3398","Rua Brasil, 3398",1,abreviação expandida
endereco,logradouro,"R. Brasil, 3393","Rua Brasil, 3393",1,abreviação expandida
endereco,logradouro,"R. Brasil, 3392","Rua Brasil, 3392",1,abreviação expandida
endereco,logradouro,"R. Projetada, 3216","Rua Projetada, 3216",1,abreviação expandida
endereco,logradouro,"R. Projetada, 3204","Rua Projetada, 3204",1,abreviação expandida
endereco,logradouro,"R. Projetada, 3251","Rua Projetada, 3251",1,abreviação expandida
endereco,logradouro,"R. Projetada, 3249","Rua Projetada, 3249",1,abreviação expandida
endereco,logradouro,"R. Projetada, 3248","Rua Projetada, 3248",1,abreviação expandida
endereco,logradouro,"R. Projetada, 3246","Rua Projetada, 3246",1,abreviação expandida
endereco,logradouro,"R. Projetada, 3245","Rua Projetada, 3245",1,abreviação expandida
endereco,logradouro,"R. Projetada, 3242","Rua Projetada, 3242",1,abreviação expandida
endereco,logradouro,"R. Projetada, 3241","Rua Projetada, 3241",1,abreviação expandida
endereco,logradouro,"R. Projetada, 3240","Rua Projetada, 3240",1,abreviação expandida
endereco,logradouro,"R. Projetada, 3232","Rua Projetada, 3232",1,abreviação expandida
endereco,logradouro,"R. Projetada, 323","Rua Projetada, 323",1,abreviação expandida
endereco,logradouro,"R. Projetada, 3228","Rua Projetada, 3228",1,abreviação expandida
endereco,logradouro,"R. Projetada, 3227","Rua Projetada, 3227",1,abreviação expandida
endereco,logradouro,"R. Projetada, 3225","Rua Projetada, 3225",1,abreviação expandida
endereco,logradouro,"R. Projetada, 3221","Rua Projetada, 3221",1,abreviação expandida
endereco,logradouro,"R. Projetada, 3218","Rua Projetada, 3218",1,abreviação expandida
endereco,logradouro,"R. Brasil, 3441","Rua Brasil, 3441",1,abreviação expandida
endereco,logradouro,"R. Projetada, 3293","Rua Projetada, 3293",1,abreviação expandida
endereco,logradouro,"R. Projetada, 3291","Rua Projetada, 3291",1,abreviação expandida
endereco,logradouro,"R. Projetada, 3288","Rua Projetada, 3288",1,abreviação expandida
endereco,logradouro,"R. Projetada, 3287","Rua Projetada, 3287",1,abreviação expandida
endereco,logradouro,"R. Projetada, 3282","Rua Projetada, 3282",1,abreviação expandida
endereco,logradouro,"R. Projetada, 328","Rua Projetada, 328",1,abreviação expandida
endereco,logradouro,"R. Projetada, 3276","Rua Projetada, 3276",1,abreviação expandida
endereco,logradouro,"R. Projetada, 3275","Rua Projetada, 3275",1,abreviação expandida
endereco,logradouro,"R. Projetada, 3272","Rua Projetada, 3272",1,abreviação expandida
endereco,logradouro,"R. Projetada, 3268","Rua Projetada, 3268",1,abreviação expandida
endereco,logradouro,"R. Projetada, 3265","Rua Projetada, 3265",1,abreviação expandida
endereco,logradouro,"R. Projetada, 3263","Rua Projetada, 3263",1,abreviação expandida
endereco,logradouro,"R. Projetada, 3261","Rua Projetada, 3261",1,abreviação expandida
endereco,logradouro,"R. Projetada, 3258","Rua Projetada, 3258",1,abreviação expandida
endereco,logradouro,"R. Projetada, 3257","Rua Projetada, 3257",1,abreviação expandida
endereco,logradouro,"R. Projetada, 3256","Rua Projetada, 3256",1,abreviação expandida
endereco,logradouro,"R. Brasil, 3372","Rua Brasil, 3372",1,abreviação expandida
endereco,logradouro,"R. Brasil, 3369","Rua Brasil, 3369",1,abreviação expandida
endereco,logradouro,"R. Brasil, 3363","Rua Brasil, 3363",1,abreviação expandida
endereco,logradouro,"R. Brasil, 3356","Rua Brasil, 3356",1,abreviação expandida
endereco,logradouro,"R. Brasil, 3355","Rua Brasil, 3355",1,abreviação expandida
endereco,logradouro,"R. Brasil, 3350","Rua Brasil, 3350",1,abreviação expandida
endereco,logradouro,"R. Projetada, 333","Rua Projetada, 333",1,abreviação expandida
endereco,logradouro,"R. Projetada, 3316","Rua Projetada, 3316",1,abreviação expandida
endereco,logradouro,"R. Projetada, 3313","Rua Projetada, 3313",1,abreviação expandida
endereco,logradouro,"R. Projetada, 3312","Rua Projetada, 3312",1,abreviação expandida
endereco,logradouro,"R. Projetada, 3305","Rua Projetada, 3305",1,abreviação expandida
endereco,logradouro,"R. Projetada, 3304","Rua Projetada, 3304",1,abreviação expandida
endereco,logradouro,"R. Projetada, 330","Rua Projetada, 330",1,abreviação expandida
endereco,logradouro,"R. Projetada, 33","Rua Projetada, 33",1,abreviação expandida
endereco,logradouro,"R. Projetada, 3297","Rua Projetada, 3297",1,abreviação expandida
endereco,logradouro,"R. Projetada, 3295","Rua Projetada, 3295",1,abreviação expandida
endereco,logradouro,"R. Projetada, 3390","Rua Projetada, 3390",1,abreviação expandida
endereco,logradouro,"R. Projetada, 3388","Rua Projetada, 3388",1,abreviação expandida
endereco,logradouro,"R. Projetada, 3387","Rua Projetada, 3387",1,abreviação expandida
endereco,logradouro,"R. Projetada, 3382","Rua Projetada, 3382",1,abreviação expandida
endereco,logradouro,"R. Projetada, 3379","Rua Projetada, 3379",1,abreviação expandida
endereco,logradouro,"R. Projetada, 3377","Rua Projetada, 3377",1,abreviação expandida
endereco,logradouro,"R. Projetada, 3350","Rua Projetada, 3350",1,abreviação expandida
endereco,logradouro,"R. Projetada, 3343","Rua Projetada, 3343",1,abreviação expandida
endereco,logradouro,"R. Projetada, 334","Rua Projetada, 334",1,abreviação expandida
endereco,logradouro,"R. Projetada, 3339","Rua Projetada, 3339",1,abreviação expandida
endereco,logradouro,"R. Projetada, 3338","Rua Projetada, 3338",1,abreviação expandida
endereco,logradouro,"R. Projetada, 3336","Rua Projetada, 3336",1,abreviação expandida
endereco,logradouro,"R. Brasil, 3390","Rua Brasil, 3390",1,abreviação expandida
endereco,logradouro,"R. Brasil, 3389","Rua Brasil, 3389",1,abreviação expandida
endereco,logradouro,"R. Brasil, 3382","Rua Brasil, 3382",1,abreviação expandida
endereco,logradouro,"R. Brasil, 3375","Rua Brasil, 3375",1,abreviação expandida
endereco,logradouro,"R. Projetada, 3459","Rua Projetada, 3459",1,abreviação expandida
endereco,logradouro,"R. Projetada, 3452","Rua Projetada, 3452",1,abreviação expandida
endereco,logradouro,"R. Projetada, 3439","Rua Projetada, 3439",1,abreviação expandida
endereco,logradouro,"R. Projetada, 3436","Rua Projetada, 3436",1,abreviação expandida
endereco,logradouro,"R. Projetada, 3432","Rua Projetada, 3432",1,abreviação expandida
endereco,logradouro,"R. Projetada, 3421","Rua Projetada, 3421",1,abreviação expandida
endereco,logradouro,"R. Projetada, 3419","Rua Projetada, 3419",1,abreviação expandida
endereco,logradouro,"R. Projetada, 3416","Rua Projetada, 3416",1,abreviação expandida
endereco,logradouro,"R. Projetada, 341","Rua Projetada, 341",1,abreviação expandida
endereco,logradouro,"R. Projetada, 3407","Rua Projetada, 3407",1,abreviação expandida
endereco,logradouro,"R. Projetada, 3405","Rua Projetada, 3405",1,abreviação expandida
endereco,logradouro,"R. Projetada, 340","Rua Projetada, 340",1,abreviação expandida
endereco,logradouro,"R. Projetada, 3398","Rua Projetada, 3398",1,abreviação expandida
endereco,logradouro,"R. Projetada, 3397","Rua Projetada, 3397",1,abreviação expandida
endereco,logradouro,"R. Projetada, 3393","Rua Projetada, 3393",1,abreviação expandida
endereco,logradouro,"R. Projetada, 3392","Rua Projetada, 3392",1,abreviação expandida
endereco,logradouro,"R. Projetada, 3499","Rua Projetada, 3499",1,abreviação expandida
endereco,logradouro,"R. Projetada, 3495","Rua Projetada, 3495",1,abreviação expandida
endereco,logradouro,"R. Projetada, 3494","Rua Projetada, 3494",1,abreviação expandida
endereco,logradouro,"R. Projetada, 349","Rua Projetada, 349",1,abreviação expandida
endereco,logradouro,"R. Projetada, 3486","Rua Projetada, 3486",1,abreviação expandida
endereco,logradouro,"R. Projetada, 3483","Rua Projetada, 3483",1,abreviação expandida
endereco,logradouro,"R. Projetada, 3480","Rua Projetada, 3480",1,abreviação expandida
endereco,logradouro,"R. Projetada, 348","Rua Projetada, 348",1,abreviação expandida
endereco,logradouro,"R. Projetada, 3479","Rua Projetada, 3479",1,abreviação expandida
endereco,logradouro,"R. Projetada, 3477","Rua Projetada, 3477",1,abreviação expandida
endereco,logradouro,"R. Projetada, 3476","Rua Projetada, 3476",1,abreviação expandida
endereco,logradouro,"R. Projetada, 3471","Rua Projetada, 3471",1,abreviação expandida
endereco,logradouro,"R. Projetada, 3469","Rua Projetada, 3469",1,abreviação expandida
endereco,logradouro,"R. Projetada, 3467","Rua Projetada, 3467",1,abreviação expandida
endereco,logradouro,"R. Projetada, 3463","Rua Projetada, 3463",1,abreviação expandida
endereco,logradouro,"R. Projetada, 346","Rua Projetada, 346",1,abreviação expandida
endereco,logradouro,"R. Brasil, 3338","Rua Brasil, 3338",1,abreviação expandida
endereco,logradouro,"R. Brasil, 3332","Rua Brasil, 3332",1,abreviação expandida
endereco,logradouro,"R. Brasil, 333","Rua Brasil, 333",1,abreviação expandida
endereco,logradouro,"R. Brasil, 3322","Rua Brasil, 3322",1,abreviação expandida
endereco,logradouro,"R. Brasil, 3319","Rua Brasil, 3319",1,abreviação expandida
endereco,logradouro,"R. Brasil, 3308","Rua Brasil, 3308",1,abreviação expandida
endereco,logradouro,"R. Brasil, 3304","Rua Brasil, 3304",1,abreviação expandida
endereco,logradouro,"R. Brasil, 3301","Rua Brasil, 3301",1,abreviação expandida
endereco,logradouro,"R. Brasil, 3300","Rua Brasil, 3300",1,abreviação expandida
endereco,logradouro,"R. Projetada, 3528","Rua Projetada, 3528",1,abreviação expandida
endereco,logradouro,"R. Projetada, 3523","Rua Projetada, 3523",1,abreviação expandida
endereco,logradouro,"R. Projetada, 3522","Rua Projetada, 3522",1,abreviação expandida
endereco,logradouro,"R. Projetada, 3515","Rua Projetada, 3515",1,abreviação expandida
endereco,logradouro,"R. Projetada, 3510","Rua Projetada, 3510",1,abreviação expandida
endereco,logradouro,"R. Projetada, 3502","Rua Projetada, 3502",1,abreviação expandida
endereco,logradouro,"R. Projetada, 350","Rua Projetada, 350",1,abreviação expandida
endereco,logradouro,"R. Projetada, 3553","Rua Projetada, 3553",1,abreviação expandida
endereco,logradouro,"R. Projetada, 3550","Rua Projetada, 3550",1,abreviação expandida
endereco,logradouro,"R. Projetada, 355","Rua Projetada, 355",1,abreviação expandida
endereco,logradouro,"R. Projetada, 3548","Rua Projetada, 3548",1,abreviação expandida
endereco,logradouro,"R. Projetada, 3546","Rua Projetada, 3546",1,abreviação expandida
endereco,logradouro,"R. Projetada, 3545","Rua Projetada, 3545",1,abreviação expandida
endereco,logradouro,"R. Projetada, 3544","Rua Projetada, 3544",1,abreviação expandida
endereco,logradouro,"R. Projetada, 3543","Rua Projetada, 3543",1,abreviação expandida
endereco,logradouro,"R. Projetada, 3541","Rua Projetada, 3541",1,abreviação expandida
endereco,logradouro,"R. Projetada, 3540","Rua Projetada, 3540",1,abreviação expandida
endereco,logradouro,"R. Projetada, 3539","Rua Projetada, 3539",1,abreviação expandida
endereco,logradouro,"R. Projetada, 3537","Rua Projetada, 3537",1,abreviação expandida
endereco,logradouro,"R. Projetada, 3536","Rua Projetada, 3536",1,abreviação expandida
endereco,logradouro,"R. Projetada, 3535","Rua Projetada, 3535",1,abreviação expandida
endereco,logradouro,"R. Brasil, 3347","Rua Brasil, 3347",1,abreviação expandida
endereco,logradouro,"R. Brasil, 3342","Rua Brasil, 3342",1,abreviação expandida
endereco,logradouro,"R. Projetada, 3607","Rua Projetada, 3607",1,abreviação expandida
endereco,logradouro,"R. Projetada, 3604","Rua Projetada, 3604",1,abreviação expandida
endereco,logradouro,"R. Projetada, 3603","Rua Projetada, 3603",1,abreviação expandida
endereco,logradouro,"R. Projetada, 3597","Rua Projetada, 3597",1,abreviação expandida
endereco,logradouro,"R. Projetada, 3596","Rua Projetada, 3596",1,abreviação expandida
endereco,logradouro,"R. Projetada, 3595","Rua Projetada, 3595",1,abreviação expandida
endereco,logradouro,"R. Projetada, 3590","Rua Projetada, 3590",1,abreviação expandida
endereco,logradouro,"R. Projetada, 359","Rua Projetada, 359",1,abreviação expandida
endereco,logradouro,"R. Projetada, 3589","Rua Projetada, 3589",1,abreviação expandida
endereco,logradouro,"R. Projetada, 3583","Rua Projetada, 3583",1,abreviação expandida
endereco,logradouro,"R. Projetada, 3581","Rua Projetada, 3581",1,abreviação expandida
endereco,logradouro,"R. Projetada, 3580","Rua Projetada, 3580",1,abreviação expandida
endereco,logradouro,"R. Projetada, 3577","Rua Projetada, 3577",1,abreviação expandida
endereco,logradouro,"R. Projetada, 3570","Rua Projetada, 3570",1,abreviação expandida
endereco,logradouro,"R. Projetada, 3569","Rua Projetada, 3569",1,abreviação expandida
endereco,logradouro,"R. Projetada, 3562","Rua Projetada, 3562",1,abreviação expandida
endereco,logradouro,"R. Projetada, 3647","Rua Projetada, 3647",1,abreviação expandida
endereco,logradouro,"R. Projetada, 3646","Rua Projetada, 3646",1,abreviação expandida
endereco,logradouro,"R. Projetada, 3645","Rua Projetada, 3645",1,abreviação expandida
endereco,logradouro,"R. Projetada, 3638","Rua Projetada, 3638",1,abreviação expandida
endereco,logradouro,"R. Projetada, 3635","Rua Projetada, 3635",1,abreviação expandida
endereco,logradouro,"R. Projetada, 3632","Rua Projetada, 3632",1,abreviação expandida
endereco,logradouro,"R. Projetada, 363","Rua Projetada, 363",1,abreviação expandida
endereco,logradouro,"R. Projetada, 3628","Rua Projetada, 3628",1,abreviação expandida
endereco,logradouro,"R. Projetada, 3624","Rua Projetada, 3624",1,abreviação expandida
endereco,logradouro,"R. Projetada, 3621","Rua Projetada, 3621",1,abreviação expandida
endereco,logradouro,"R. Projetada, 3620","Rua Projetada, 3620",1,abreviação expandida
endereco,logradouro,"R. Projetada, 362","Rua Projetada, 362",1,abreviação expandida
endereco,logradouro,"R. Projetada, 3619","Rua Projetada, 3619",1,abreviação expandida
endereco,logradouro,"R. Projetada, 3618","Rua Projetada, 3618",1,abreviação expandida
endereco,logradouro,"R. Projetada, 3616","Rua Projetada, 3616",1,abreviação expandida
endereco,logradouro,"R. Projetada, 3611","Rua Projetada, 3611",1,abreviação expandida
endereco,logradouro,"R. Brasil, 3286","Rua Brasil, 3286",1,abreviação expandida
endereco,logradouro,"R. Brasil, 3282","Rua Brasil, 3282",1,abreviação expandida
endereco,logradouro,"R. Brasil, 328","Rua Brasil, 328",1,abreviação expandida
endereco,logradouro,"R. Brasil, 3278","Rua Brasil, 3278",1,abreviação expandida
endereco,logradouro,"R. Brasil, 3272","Rua Brasil, 3272",1,abreviação expandida
endereco,logradouro,"R. Brasil, 3271","Rua Brasil, 3271",1,abreviação expandida
endereco,logradouro,"R. Brasil, 327","Rua Brasil, 327",1,abreviação expandida
endereco,logradouro,"R. Brasil, 3267","Rua Brasil, 3267",1,abreviação expandida
endereco,logradouro,"R. Brasil, 3265","Rua Brasil, 3265",1,abreviação expandida
endereco,logradouro,"R. Brasil, 3263","Rua Brasil, 3263",1,abreviação expandida
endereco,logradouro,"R. Projetada, 367","Rua Projetada, 367",1,abreviação expandida
endereco,logradouro,"R. Projetada, 3669","Rua Projetada, 3669",1,abreviação expandida
endereco,logradouro,"R. Projetada, 3664","Rua Projetada, 3664",1,abreviação expandida
endereco,logradouro,"R. Projetada, 3662","Rua Projetada, 3662",1,abreviação expandida
endereco,logradouro,"R. Projetada, 366","Rua Projetada, 366",1,abreviação expandida
endereco,logradouro,"R. Projetada, 3655","Rua Projetada, 3655",1,abreviação expandida
endereco,logradouro,"R. Projetada, 373","Rua Projetada, 373",1,abreviação expandida
endereco,logradouro,"R. Projetada, 3720","Rua Projetada, 3720",1,abreviação expandida
endereco,logradouro,"R. Projetada, 3718","Rua Projetada, 3718",1,abreviação expandida
endereco,logradouro,"R. Projetada, 3708","Rua Projetada, 3708",1,abreviação expandida
endereco,logradouro,"R. Projetada, 3696","Rua Projetada, 3696",1,abreviação expandida
endereco,logradouro,"R. Projetada, 3695","Rua Projetada, 3695",1,abreviação expandida
endereco,logradouro,"R. Projetada, 3687","Rua Projetada, 3687",1,abreviação expandida
endereco,logradouro,"R. Projetada, 3683","Rua Projetada, 3683",1,abreviação expandida
endereco,logradouro,"R. Projetada, 3680","Rua Projetada, 3680",1,abreviação expandida
endereco,logradouro,"R. Projetada, 3678","Rua Projetada, 3678",1,abreviação expandida
endereco,logradouro,"R. Projetada, 3674","Rua Projetada, 3674",1,abreviação expandida
endereco,logradouro,"R. Brasil, 3298","Rua Brasil, 3298",1,abreviação expandida
endereco,logradouro,"R. Brasil, 3296","Rua Brasil, 3296",1,abreviação expandida
endereco,logradouro,"R. Brasil, 3294","Rua Brasil, 3294",1,abreviação expandida
endereco,logradouro,"R. Brasil, 3290","Rua Brasil, 3290",1,abreviação expandida
endereco,logradouro,"R. Brasil, 3288","Rua Brasil, 3288",1,abreviação expandida
endereco,logradouro,"R. Projetada, 3778","Rua Projetada, 3778",1,abreviação expandida
endereco,logradouro,"R. Projetada, 3777","Rua Projetada, 3777",1,abreviação expandida
endereco,logradouro,"R. Projetada, 3776","Rua Projetada, 3776",1,abreviação expandida
endereco,logradouro,"R. Projetada, 3775","Rua Projetada, 3775",1,abreviação expandida
endereco,logradouro,"R. Projetada, 3769","Rua Projetada, 3769",1,abreviação expandida
endereco,logradouro,"R. Projetada, 3761","Rua Projetada, 3761",1,abreviação expandida
endereco,logradouro,"R. Projetada, 3759","Rua Projetada, 3759",1,abreviação expandida
endereco,logradouro,"R. Projetada, 3758","Rua Projetada, 3758",1,abreviação expandida
endereco,logradouro,"R. Projetada, 3757","Rua Projetada, 3757",1,abreviação expandida
endereco,logradouro,"R. Projetada, 3756","Rua Projetada, 3756",1,abreviação expandida
endereco,logradouro,"R. Projetada, 3755","Rua Projetada, 3755",1,abreviação expandida
endereco,logradouro,"R. Projetada, 375","Rua Projetada, 375",1,abreviação expandida
endereco,logradouro,"R. Projetada, 3748","Rua Projetada, 3748",1,abreviação expandida
endereco,logradouro,"R. Projetada, 3747","Rua Projetada, 3747",1,abreviação expandida
endereco,logradouro,"R. Projetada, 3739","Rua Projetada, 3739",1,abreviação expandida
endereco,logradouro,"R. Projetada, 3737","Rua Projetada, 3737",1,abreviação expandida
endereco,logradouro,"R. Projetada, 3814","Rua Projetada, 3814",1,abreviação expandida
endereco,logradouro,"R. Projetada, 3813","Rua Projetada, 3813",1,abreviação expandida
endereco,logradouro,"R. Projetada, 3812","Rua Projetada, 3812",1,abreviação expandida
endereco,logradouro,"R. Projetada, 3810","Rua Projetada, 3810",1,abreviação expandida
endereco,logradouro,"R. Projetada, 3808","Rua Projetada, 3808",1,abreviação expandida
endereco,logradouro,"R. Projetada, 3807","Rua Projetada, 3807",1,abreviação expandida
endereco,logradouro,"R. Projetada, 3804","Rua Projetada, 3804",1,abreviação expandida
endereco,logradouro,"R. Projetada, 3803","Rua Projetada, 3803",1,abreviação expandida
endereco,logradouro,"R. Projetada, 3801","Rua Projetada, 3801",1,abreviação expandida
endereco,logradouro,"R. Projetada, 3800","Rua Projetada, 3800",1,abreviação expandida
endereco,logradouro,"R. Projetada, 3799","Rua Projetada, 3799",1,abreviação expandida
endereco,logradouro,"R. Projetada, 3796","Rua Projetada, 3796",1,abreviação expandida
endereco,logradouro,"R. Projetada, 3793","Rua Projetada, 3793",1,abreviação expandida
endereco,logradouro,"R. Projetada, 3788","Rua Projetada, 3788",1,abreviação expandida
endereco,logradouro,"R. Projetada, 3781","Rua Projetada, 3781",1,abreviação expandida
endereco,logradouro,"R. Projetada, 3780","Rua Projetada, 3780",1,abreviação expandida
endereco,logradouro,"R. Projetada, 3853","Rua Projetada, 3853",1,abreviação expandida
endereco,logradouro,"R. Projetada, 3852","Rua Projetada, 3852",1,abreviação expandida
endereco,logradouro,"R. Projetada, 3850","Rua Projetada, 3850",1,abreviação expandida
endereco,logradouro,"R. Projetada, 385","Rua Projetada, 385",1,abreviação expandida
endereco,logradouro,"R. Projetada, 3847","Rua Projetada, 3847",1,abreviação expandida
endereco,logradouro,"R. Projetada, 3846","Rua Projetada, 3846",1,abreviação expandida
endereco,logradouro,"R. Projetada, 3843","Rua Projetada, 3843",1,abreviação expandida
endereco,logradouro,"R. Projetada, 3840","Rua Projetada, 3840",1,abreviação expandida
endereco,logradouro,"R. Projetada, 384","Rua Projetada, 384",1,abreviação expandida
endereco,logradouro,"R. Projetada, 3839","Rua Projetada, 3839",1,abreviação expandida
endereco,logradouro,"R. Projetada, 3836","Rua Projetada, 3836",1,abreviação expandida
endereco,logradouro,"R. Projetada, 3833","Rua Projetada, 3833",1,abreviação expandida
endereco,logradouro,"R. Projetada, 3831","Rua Projetada, 3831",1,abreviação expandida
endereco,logradouro,"R. Projetada, 3820","Rua Projetada, 3820",1,abreviação expandida
endereco,logradouro,"R. Projetada, 382","Rua Projetada, 382",1,abreviação expandida
endereco,logradouro,"R. Projetada, 3815","Rua Projetada, 3815",1,abreviação expandida
endereco,logradouro,"R. Projetada, 3891","Rua Projetada, 3891",1,abreviação expandida
endereco,logradouro,"R. Projetada, 389","Rua Projetada, 389",1,abreviação expandida
endereco,logradouro,"R. Projetada, 3889","Rua Projetada, 3889",1,abreviação expandida
endereco,logradouro,"R. Projetada, 3887","Rua Projetada, 3887",1,abreviação expandida
endereco,logradouro,"R. Projetada, 3886","Rua Projetada, 3886",1,abreviação expandida
endereco,logradouro,"R. Projetada, 388","Rua Projetada, 388",1,abreviação expandida
endereco,logradouro,"R. Projetada, 3877","Rua Projetada, 3877",1,abreviação expandida
endereco,logradouro,"R. Projetada, 3876","Rua Projetada, 3876",1,abreviação expandida
endereco,logradouro,"R. Projetada, 3874","Rua Projetada, 3874",1,abreviação expandida
endereco,logradouro,"R. Projetada, 3872","Rua Projetada, 3872",1,abreviação expandida
endereco,logradouro,"R. Projetada, 3869","Rua Projetada, 3869",1,abreviação expandida
endereco,logradouro,"R. Projetada, 3868","Rua Projetada, 3868",1,abreviação expandida
endereco,logradouro,"R. Projetada, 3865","Rua Projetada, 3865",1,abreviação expandida
endereco,logradouro,"R. Projetada, 3861","Rua Projetada, 3861",1,abreviação expandida
endereco,logradouro,"R. Projetada, 3860","Rua Projetada, 3860",1,abreviação expandida
endereco,logradouro,"R. Projetada, 3858","Rua Projetada, 3858",1,abreviação expandida
endereco,logradouro,"R. Brasil, 3258","Rua Brasil, 3258",1,abreviação expandida
endereco,logradouro,"R. Brasil, 3250","Rua Brasil, 3250",1,abreviação expandida
endereco,logradouro,"R. Brasil, 3249","Rua Brasil, 3249",1,abreviação expandida
endereco,logradouro,"R. Brasil, 3243","Rua Brasil, 3243",1,abreviação expandida
endereco,logradouro,"R. Brasil, 3240","Rua Brasil, 3240",1,abreviação expandida
endereco,logradouro,"R. Brasil, 3239","Rua Brasil, 3239",1,abreviação expandida
endereco,logradouro,"R. Brasil, 3227","Rua Brasil, 3227",1,abreviação expandida
endereco,logradouro,"R. Brasil, 3219","Rua Brasil, 3219",1,abreviação expandida
endereco,logradouro,"R. Brasil, 3207","Rua Brasil, 3207",1,abreviação expandida
endereco,logradouro,"R. Projetada, 3915","Rua Projetada, 3915",1,abreviação expandida
endereco,logradouro,"R. Projetada, 3913","Rua Projetada, 3913",1,abreviação expandida
endereco,logradouro,"R. Projetada, 3906","Rua Projetada, 3906",1,abreviação expandida
endereco,logradouro,"R. Projetada, 3905","Rua Projetada, 3905",1,abreviação expandida
endereco,logradouro,"R. Projetada, 3903","Rua Projetada, 3903",1,abreviação expandida
endereco,logradouro,"R. Projetada, 3902","Rua Projetada, 3902",1,abreviação expandida
endereco,logradouro,"R. Projetada, 3898","Rua Projetada, 3898",1,abreviação expandida
endereco,logradouro,"R. Projetada, 3974","Rua Projetada, 3974",1,abreviação expandida
endereco,logradouro,"R. Projetada, 3972","Rua Projetada, 3972",1,abreviação expandida
endereco,logradouro,"R. Projetada, 3970","Rua Projetada, 3970",1,abreviação expandida
endereco,logradouro,"R. Projetada, 397","Rua Projetada, 397",1,abreviação expandida
endereco,logradouro,"R. Projetada, 3966","Rua Projetada, 3966",1,abreviação expandida
endereco,logradouro,"R. Projetada, 3964","Rua Projetada, 3964",1,abreviação expandida
endereco,logradouro,"R. Projetada, 3960","Rua Projetada, 3960",1,abreviação expandida
endereco,logradouro,"R. Projetada, 3946","Rua Projetada, 3946",1,abreviação expandida
endereco,logradouro,"R. Projetada, 3944","Rua Projetada, 3944",1,abreviação expandida
endereco,logradouro,"R. Projetada, 3938","Rua Projetada, 3938",1,abreviação expandida
endereco,logradouro,"R. Projetada, 3937","Rua Projetada, 3937",1,abreviação expandida
endereco,logradouro,"R. Projetada, 3931","Rua Projetada, 3931",1,abreviação expandida
endereco,logradouro,"R. Projetada, 3930","Rua Projetada, 3930",1,abreviação expandida
endereco,logradouro,"R. Projetada, 3928","Rua Projetada, 3928",1,abreviação expandida
endereco,logradouro,"R. Projetada, 3920","Rua Projetada, 3920",1,abreviação expandida
endereco,logradouro,"R. Brasil, 326","Rua Brasil, 326",1,abreviação expandida
endereco,logradouro,"R. Projetada, 4023","Rua Projetada, 4023",1,abreviação expandida
endereco,logradouro,"R. Projetada, 4008","Rua Projetada, 4008",1,abreviação expandida
endereco,logradouro,"R. Projetada, 4004","Rua Projetada, 4004",1,abreviação expandida
endereco,logradouro,"R. Projetada, 4003","Rua Projetada, 4003",1,abreviação expandida
endereco,logradouro,"R. Projetada, 4001","Rua Projetada, 4001",1,abreviação expandida
endereco,logradouro,"R. Projetada, 400","Rua Projetada, 400",1,abreviação expandida
endereco,logradouro,"R. Projetada, 40","Rua Projetada, 40",1,abreviação expandida
endereco,logradouro,"R. Projetada, 3998","Rua Projetada, 3998",1,abreviação expandida
endereco,logradouro,"R. Projetada, 3995","Rua Projetada, 3995",1,abreviação expandida
endereco,logradouro,"R. Projetada, 3993","Rua Projetada, 3993",1,abreviação expandida
endereco,logradouro,"R. Projetada, 3989","Rua Projetada, 3989",1,abreviação expandida
endereco,logradouro,"R. Projetada, 3985","Rua Projetada, 3985",1,abreviação expandida
endereco,logradouro,"R. Projetada, 3984","Rua Projetada, 3984",1,abreviação expandida
endereco,logradouro,"R. Projetada, 3983","Rua Projetada, 3983",1,abreviação expandida
endereco,logradouro,"R. Projetada, 3982","Rua Projetada, 3982",1,abreviação expandida
endereco,logradouro,"R. Projetada, 3978","Rua Projetada, 3978",1,abreviação expandida
endereco,logradouro,"R. Brasil, 320","Rua Brasil, 320",1,abreviação expandida
endereco,logradouro,"R. Brasil, 32","Rua Brasil, 32",1,abreviação expandida
endereco,logradouro,"R. Brasil, 3198","Rua Brasil, 3198",1,abreviação expandida
endereco,logradouro,"R. Brasil, 3197","Rua Brasil, 3197",1,abreviação expandida
endereco,logradouro,"R. Brasil, 319","Rua Brasil, 319",1,abreviação expandida
endereco,logradouro,"R. Brasil, 3179","Rua Brasil, 3179",1,abreviação expandida
endereco,logradouro,"R. Brasil, 3177","Rua Brasil, 3177",1,abreviação expandida
endereco,logradouro,"R. Brasil, 3172","Rua Brasil, 3172",1,abreviação expandida
endereco,logradouro,"R. Brasil, 317","Rua Brasil, 317",1,abreviação expandida
endereco,logradouro,"R. Brasil, 3165","Rua Brasil, 3165",1,abreviação expandida
endereco,logradouro,"R. Brasil, 3163","Rua Brasil, 3163",1,abreviação expandida
endereco,logradouro,"R. Projetada, 4033","Rua Projetada, 4033",1,abreviação expandida
endereco,logradouro,"R. Projetada, 403","Rua Projetada, 403",1,abreviação expandida
endereco,logradouro,"R. Projetada, 4027","Rua Projetada, 4027",1,abreviação expandida
endereco,logradouro,"R. Projetada, 4025","Rua Projetada, 4025",1,abreviação expandida
endereco,logradouro,"R. Projetada, 4024","Rua Projetada, 4024",1,abreviação expandida
endereco,logradouro,"R. Projetada, 4073","Rua Projetada, 4073",1,abreviação expandida
endereco,logradouro,"R. Projetada, 407","Rua Projetada, 407",1,abreviação expandida
endereco,logradouro,"R. Projetada, 4068","Rua Projetada, 4068",1,abreviação expandida
endereco,logradouro,"R. Projetada, 4066","Rua Projetada, 4066",1,abreviação expandida
endereco,logradouro,"R. Projetada, 4058","Rua Projetada, 4058",1,abreviação expandida
endereco,logradouro,"R. Projetada, 4051","Rua Projetada, 4051",1,abreviação expandida
endereco,logradouro,"R. Projetada, 4050","Rua Projetada, 4050",1,abreviação expandida
endereco,logradouro,"R. Projetada, 4047","Rua Projetada, 4047",1,abreviação expandida
endereco,logradouro,"R. Projetada, 4045","Rua Projetada, 4045",1,abreviação expandida
endereco,logradouro,"R. Projetada, 4044","Rua Projetada, 4044",1,abreviação expandida
endereco,logradouro,"R. Projetada, 4043","Rua Projetada, 4043",1,abreviação expandida
endereco,logradouro,"R. Projetada, 4041","Rua Projetada, 4041",1,abreviação expandida
endereco,logradouro,"R. Projetada, 4040","Rua Projetada, 4040",1,abreviação expandida
endereco,logradouro,"R. Projetada, 4039","Rua Projetada, 4039",1,abreviação expandida
endereco,logradouro,"R. Projetada, 4035","Rua Projetada, 4035",1,abreviação expandida
endereco,logradouro,"R. Brasil, 3200","Rua Brasil, 3200",1,abreviação expandida
endereco,logradouro,"R. Projetada, 414","Rua Projetada, 414",1,abreviação expandida
endereco,logradouro,"R. Projetada, 4129","Rua Projetada, 4129",1,abreviação expandida
endereco,logradouro,"R. Projetada, 4126","Rua Projetada, 4126",1,abreviação expandida
endereco,logradouro,"R. Projetada, 4122","Rua Projetada, 4122",1,abreviação expandida
endereco,logradouro,"R. Projetada, 4119","Rua Projetada, 4119",1,abreviação expandida
endereco,logradouro,"R. Projetada, 4116","Rua Projetada, 4116",1,abreviação expandida
endereco,logradouro,"R. Projetada, 4115","Rua Projetada, 4115",1,abreviação expandida
endereco,logradouro,"R. Projetada, 4109","Rua Projetada, 4109",1,abreviação expandida
endereco,logradouro,"R. Projetada, 4104","Rua Projetada, 4104",1,abreviação expandida
endereco,logradouro,"R. Projetada, 41","Rua Projetada, 41",1,abreviação expandida
endereco,logradouro,"R. Projetada, 409","Rua Projetada, 409",1,abreviação expandida
endereco,logradouro,"R. Projetada, 4088","Rua Projetada, 4088",1,abreviação expandida
endereco,logradouro,"R. Projetada, 408","Rua Projetada, 408",1,abreviação expandida
endereco,logradouro,"R. Projetada, 4079","Rua Projetada, 4079",1,abreviação expandida
endereco,logradouro,"R. Projetada, 4076","Rua Projetada, 4076",1,abreviação expandida
endereco,logradouro,"R. Projetada, 4074","Rua Projetada, 4074",1,abreviação expandida
endereco,logradouro,"R. Projetada, 4178","Rua Projetada, 4178",1,abreviação expandida
endereco,logradouro,"R. Projetada, 4173","Rua Projetada, 4173",1,abreviação expandida
endereco,logradouro,"R. Projetada, 4172","Rua Projetada, 4172",1,abreviação expandida
endereco,logradouro,"R. Projetada, 4168","Rua Projetada, 4168",1,abreviação expandida
endereco,logradouro,"R. Projetada, 4163","Rua Projetada, 4163",1,abreviação expandida
endereco,logradouro,"R. Projetada, 4162","Rua Projetada, 4162",1,abreviação expandida
endereco,logradouro,"R. Projetada, 4157","Rua Projetada, 4157",1,abreviação expandida
endereco,logradouro,"R. Projetada, 4153","Rua Projetada, 4153",1,abreviação expandida
endereco,logradouro,"R. Projetada, 4152","Rua Projetada, 4152",1,abreviação expandida
endereco,logradouro,"R. Projetada, 4150","Rua Projetada, 4150",1,abreviação expandida
endereco,logradouro,"R. Projetada, 4149","Rua Projetada, 4149",1,abreviação expandida
endereco,logradouro,"R. Projetada, 4147","Rua Projetada, 4147",1,abreviação expandida
endereco,logradouro,"R. Projetada, 4146","Rua Projetada, 4146",1,abreviação expandida
endereco,logradouro,"R. Projetada, 4145","Rua Projetada, 4145",1,abreviação expandida
endereco,logradouro,"R. Projetada, 4143","Rua Projetada, 4143",1,abreviação expandida
endereco,logradouro,"R. Projetada, 4142","Rua Projetada, 4142",1,abreviação expandida
endereco,logradouro,"R. Projetada, 4224","Rua Projetada, 4224",1,abreviação expandida
endereco,logradouro,"R. Projetada, 4223","Rua Projetada, 4223",1,abreviação expandida
endereco,logradouro,"R. Projetada, 4216","Rua Projetada, 4216",1,abreviação expandida
endereco,logradouro,"R. Projetada, 4215","Rua Projetada, 4215",1,abreviação expandida
endereco,logradouro,"R. Projetada, 4214","Rua Projetada, 4214",1,abreviação expandida
endereco,logradouro,"R. Projetada, 4210","Rua Projetada, 4210",1,abreviação expandida
endereco,logradouro,"R. Projetada, 4204","Rua Projetada, 4204",1,abreviação expandida
endereco,logradouro,"R. Projetada, 4202","Rua Projetada, 4202",1,abreviação expandida
endereco,logradouro,"R. Projetada, 4200","Rua Projetada, 4200",1,abreviação expandida
endereco,logradouro,"R. Projetada, 420","Rua Projetada, 420",1,abreviação expandida
endereco,logradouro,"R. Projetada, 42","Rua Projetada, 42",1,abreviação expandida
endereco,logradouro,"R. Projetada, 4199","Rua Projetada, 4199",1,abreviação expandida
endereco,logradouro,"R. Projetada, 4194","Rua Projetada, 4194",1,abreviação expandida
endereco,logradouro,"R. Projetada, 4190","Rua Projetada, 4190",1,abreviação expandida
endereco,logradouro,"R. Projetada, 4189","Rua Projetada, 4189",1,abreviação expandida
endereco,logradouro,"R. Projetada, 418","Rua Projetada, 418",1,abreviação expandida
endereco,logradouro,"R. Projetada, 4272","Rua Projetada, 4272",1,abreviação expandida
endereco,logradouro,"R. Projetada, 4271","Rua Projetada, 4271",1,abreviação expandida
endereco,logradouro,"R. Projetada, 4267","Rua Projetada, 4267",1,abreviação expandida
endereco,logradouro,"R. Projetada, 4263","Rua Projetada, 4263",1,abreviação expandida
endereco,logradouro,"R. Projetada, 4260","Rua Projetada, 4260",1,abreviação expandida
endereco,logradouro,"R. Projetada, 4248","Rua Projetada, 4248",1,abreviação expandida
endereco,logradouro,"R. Projetada, 4247","Rua Projetada, 4247",1,abreviação expandida
endereco,logradouro,"R. Projetada, 4243","Rua Projetada, 4243",1,abreviação expandida
endereco,logradouro,"R. Projetada, 4242","Rua Projetada, 4242",1,abreviação expandida
endereco,logradouro,"R. Projetada, 4241","Rua Projetada, 4241",1,abreviação expandida
endereco,logradouro,"R. Projetada, 4236","Rua Projetada, 4236",1,abreviação expandida
endereco,logradouro,"R. Projetada, 4235","Rua Projetada, 4235",1,abreviação expandida
endereco,logradouro,"R. Projetada, 4234","Rua Projetada, 4234",1,abreviação expandida
endereco,logradouro,"R. Projetada, 4230","Rua Projetada, 4230",1,abreviação expandida
endereco,logradouro,"R. Projetada, 4227","Rua Projetada, 4227",1,abreviação expandida
endereco,logradouro,"R. Projetada, 4226","Rua Projetada, 4226",1,abreviação expandida
endereco,logradouro,"R. Brasil, 3149","Rua Brasil, 3149",1,abreviação expandida
endereco,logradouro,"R. Brasil, 3147","Rua Brasil, 3147",1,abreviação expandida
endereco,logradouro,"R. Brasil, 3145","Rua Brasil, 3145",1,abreviação expandida
endereco,logradouro,"R. Brasil, 3144","Rua Brasil, 3144",1,abreviação expandida
endereco,logradouro,"R. Brasil, 3139","Rua Brasil, 3139",1,abreviação expandida
endereco,logradouro,"R. Brasil, 3135","Rua Brasil, 3135",1,abreviação expandida
endereco,logradouro,"R. Brasil, 3130","Rua Brasil, 3130",1,abreviação expandida
endereco,logradouro,"R. Brasil, 3127","Rua Brasil, 3127",1,abreviação expandida
endereco,logradouro,"R. Brasil, 3125","Rua Brasil, 3125",1,abreviação expandida
endereco,logradouro,"R. Brasil, 3123","Rua Brasil, 3123",1,abreviação expandida
endereco,logradouro,"R. Brasil, 3122","Rua Brasil, 3122",1,abreviação expandida
endereco,logradouro,"R. Projetada, 4283","Rua Projetada, 4283",1,abreviação expandida
endereco,logradouro,"R. Projetada, 4282","Rua Projetada, 4282",1,abreviação expandida
endereco,logradouro,"R. Projetada, 428","Rua Projetada, 428",1,abreviação expandida
endereco,logradouro,"R. Projetada, 4279","Rua Projetada, 4279",1,abreviação expandida
endereco,logradouro,"R. Projetada, 4275","Rua Projetada, 4275",1,abreviação expandida
endereco,logradouro,"R. Projetada, 4321","Rua Projetada, 4321",1,abreviação expandida
endereco,logradouro,"R. Projetada, 4319","Rua Projetada, 4319",1,abreviação expandida
endereco,logradouro,"R. Projetada, 4310","Rua Projetada, 4310",1,abreviação expandida
endereco,logradouro,"R. Projetada, 4308","Rua Projetada, 4308",1,abreviação expandida
endereco,logradouro,"R. Projetada, 4307","Rua Projetada, 4307",1,abreviação expandida
endereco,logradouro,"R. Projetada, 4306","Rua Projetada, 4306",1,abreviação expandida
endereco,logradouro,"R. Projetada, 4300","Rua Projetada, 4300",1,abreviação expandida
endereco,logradouro,"R. Projetada, 430","Rua Projetada, 430",1,abreviação expandida
endereco,logradouro,"R. Projetada, 4295","Rua Projetada, 4295",1,abreviação expandida
endereco,logradouro,"R. Projetada, 4294","Rua Projetada, 4294",1,abreviação expandida
endereco,logradouro,"R. Projetada, 4293","Rua Projetada, 4293",1,abreviação expandida
endereco,logradouro,"R. Projetada, 4290","Rua Projetada, 4290",1,abreviação expandida
endereco,logradouro,"R. Brasil, 3162","Rua Brasil, 3162",1,abreviação expandida
endereco,logradouro,"R. Brasil, 3160","Rua Brasil, 3160",1,abreviação expandida
endereco,logradouro,"R. Brasil, 3152","Rua Brasil, 3152",1,abreviação expandida
endereco,logradouro,"R. Brasil, 315","Rua Brasil, 315",1,abreviação expandida
endereco,logradouro,"R. Projetada, 4375","Rua Projetada, 4375",1,abreviação expandida
endereco,logradouro,"R. Projetada, 4371","Rua Projetada, 4371",1,abreviação expandida
endereco,logradouro,"R. Projetada, 437","Rua Projetada, 437",1,abreviação expandida
endereco,logradouro,"R. Projetada, 4361","Rua Projetada, 4361",1,abreviação expandida
endereco,logradouro,"R. Projetada, 4360","Rua Projetada, 4360",1,abreviação expandida
endereco,logradouro,"R. Projetada, 4357","Rua Projetada, 4357",1,abreviação expandida
endereco,logradouro,"R. Projetada, 4350","Rua Projetada, 4350",1,abreviação expandida
endereco,logradouro,"R. Projetada, 4349","Rua Projetada, 4349",1,abreviação expandida
endereco,logradouro,"R. Projetada, 4348","Rua Projetada, 4348",1,abreviação expandida
endereco,logradouro,"R. Projetada, 4341","Rua Projetada, 4341",1,abreviação expandida
endereco,logradouro,"R. Projetada, 4332","Rua Projetada, 4332",1,abreviação expandida
endereco,logradouro,"R. Projetada, 4331","Rua Projetada, 4331",1,abreviação expandida
endereco,logradouro,"R. Projetada, 4328","Rua Projetada, 4328",1,abreviação expandida
endereco,logradouro,"R. Projetada, 4326","Rua Projetada, 4326",1,abreviação expandida
endereco,logradouro,"R. Projetada, 4325","Rua Projetada, 4325",1,abreviação expandida
endereco,logradouro,"R. Projetada, 4324","Rua Projetada, 4324",1,abreviação expandida
endereco,logradouro,"R. Projetada, 4420","Rua Projetada, 4420",1,abreviação expandida
endereco,logradouro,"R. Projetada, 442","Rua Projetada, 442",1,abreviação expandida
endereco,logradouro,"R. Projetada, 4406","Rua Projetada, 4406",1,abreviação expandida
endereco,logradouro,"R. Projetada, 4405","Rua Projetada, 4405",1,abreviação expandida
endereco,logradouro,"R. Projetada, 4404","Rua Projetada, 4404",1,abreviação expandida
endereco,logradouro,"R. Projetada, 4401","Rua Projetada, 4401",1,abreviação expandida
endereco,logradouro,"R. Projetada, 4400","Rua Projetada, 4400",1,abreviação expandida
endereco,logradouro,"R. Projetada, 4396","Rua Projetada, 4396",1,abreviação expandida
endereco,logradouro,"R. Projetada, 4395","Rua Projetada, 4395",1,abreviação expandida
endereco,logradouro,"R. Projetada, 4390","Rua Projetada, 4390",1,abreviação expandida
endereco,logradouro,"R. Projetada, 439","Rua Projetada, 439",1,abreviação expandida
endereco,logradouro,"R. Projetada, 4386","Rua Projetada, 4386",1,abreviação expandida
endereco,logradouro,"R. Projetada, 4385","Rua Projetada, 4385",1,abreviação expandida
endereco,logradouro,"R. Projetada, 4383","Rua Projetada, 4383",1,abreviação expandida
endereco,logradouro,"R. Projetada, 4382","Rua Projetada, 4382",1,abreviação expandida
endereco,logradouro,"R. Projetada, 4380","Rua Projetada, 4380",1,abreviação expandida
endereco,logradouro,"R. Brasil, 3109","Rua Brasil, 3109",1,abreviação expandida
endereco,logradouro,"R. Brasil, 3103","Rua Brasil, 3103",1,abreviação expandida
endereco,logradouro,"R. Brasil, 31","Rua Brasil, 31",1,abreviação expandida
endereco,logradouro,"R. Brasil, 3090","Rua Brasil, 3090",1,abreviação expandida
endereco,logradouro,"R. Brasil, 3085","Rua Brasil, 3085",1,abreviação expandida
endereco,logradouro,"R. Brasil, 3083","Rua Brasil, 3083",1,abreviação expandida
endereco,logradouro,"R. Brasil, 3081","Rua Brasil, 3081",1,abreviação expandida
endereco,logradouro,"R. Brasil, 3080","Rua Brasil, 3080",1,abreviação expandida
endereco,logradouro,"R. Projetada, 4452","Rua Projetada, 4452",1,abreviação expandida
endereco,logradouro,"R. Projetada, 4447","Rua Projetada, 4447",1,abreviação expandida
endereco,logradouro,"R. Projetada, 4444","Rua Projetada, 4444",1,abreviação expandida
endereco,logradouro,"R. Projetada, 4443","Rua Projetada, 4443",1,abreviação expandida
endereco,logradouro,"R. Projetada, 4440","Rua Projetada, 4440",1,abreviação expandida
endereco,logradouro,"R. Projetada, 444","Rua Projetada, 444",1,abreviação expandida
endereco,logradouro,"R. Projetada, 4431","Rua Projetada, 4431",1,abreviação expandida
endereco,logradouro,"R. Projetada, 4428","Rua Projetada, 4428",1,abreviação expandida
endereco,logradouro,"R. Projetada, 45","Rua Projetada, 45",1,abreviação expandida
endereco,logradouro,"R. Projetada, 4495","Rua Projetada, 4495",1,abreviação expandida
endereco,logradouro,"R. Projetada, 4494","Rua Projetada, 4494",1,abreviação expandida
endereco,logradouro,"R. Projetada, 4492","Rua Projetada, 4492",1,abreviação expandida
endereco,logradouro,"R. Projetada, 449","Rua Projetada, 449",1,abreviação expandida
endereco,logradouro,"R. Projetada, 4485","Rua Projetada, 4485",1,abreviação expandida
endereco,logradouro,"R. Projetada, 4484","Rua Projetada, 4484",1,abreviação expandida
endereco,logradouro,"R. Projetada, 4482","Rua Projetada, 4482",1,abreviação expandida
endereco,logradouro,"R. Projetada, 4471","Rua Projetada, 4471",1,abreviação expandida
endereco,logradouro,"R. Projetada, 4467","Rua Projetada, 4467",1,abreviação expandida
endereco,logradouro,"R. Projetada, 4459","Rua Projetada, 4459",1,abreviação expandida
endereco,logradouro,"R. Projetada, 4457","Rua Projetada, 4457",1,abreviação expandida
endereco,logradouro,"R. Projetada, 4453","Rua Projetada, 4453",1,abreviação expandida
endereco,logradouro,"R. Brasil, 3116","Rua Brasil, 3116",1,abreviação expandida
endereco,logradouro,"R. Brasil, 3111","Rua Brasil, 3111",1,abreviação expandida
endereco,logradouro,"R. Brasil, 3110","Rua Brasil, 3110",1,abreviação expandida
endereco,logradouro,"R. Projetada, 4581","Rua Projetada, 4581",1,abreviação expandida
endereco,logradouro,"R. Projetada, 4580","Rua Projetada, 4580",1,abreviação expandida
endereco,logradouro,"R. Projetada, 4578","Rua Projetada, 4578",1,abreviação expandida
endereco,logradouro,"R. Projetada, 4569","Rua Projetada, 4569",1,abreviação expandida
endereco,logradouro,"R. Projetada, 4568","Rua Projetada, 4568",1,abreviação expandida
endereco,logradouro,"R. Projetada, 4563","Rua Projetada, 4563",1,abreviação expandida
endereco,logradouro,"R. Projetada, 4555","Rua Projetada, 4555",1,abreviação expandida
endereco,logradouro,"R. Projetada, 4553","Rua Projetada, 4553",1,abreviação expandida
endereco,logradouro,"R. Projetada, 4543","Rua Projetada, 4543",1,abreviação expandida
endereco,logradouro,"R. Projetada, 4525","Rua Projetada, 4525",1,abreviação expandida
endereco,logradouro,"R. Projetada, 4523","Rua Projetada, 4523",1,abreviação expandida
endereco,logradouro,"R. Projetada, 452","Rua Projetada, 452",1,abreviação expandida
endereco,logradouro,"R. Projetada, 4517","Rua Projetada, 4517",1,abreviação expandida
endereco,logradouro,"R. Projetada, 4515","Rua Projetada, 4515",1,abreviação expandida
endereco,logradouro,"R. Projetada, 451","Rua Projetada, 451",1,abreviação expandida
endereco,logradouro,"R. Projetada, 4505","Rua Projetada, 4505",1,abreviação expandida
endereco,logradouro,"R. Projetada, 463","Rua Projetada, 463",1,abreviação expandida
endereco,logradouro,"R. Projetada, 4627","Rua Projetada, 4627",1,abreviação expandida
endereco,logradouro,"R. Projetada, 4622","Rua Projetada, 4622",1,abreviação expandida
endereco,logradouro,"R. Projetada, 462","Rua Projetada, 462",1,abreviação expandida
endereco,logradouro,"R. Projetada, 4618","Rua Projetada, 4618",1,abreviação expandida
endereco,logradouro,"R. Projetada, 4616","Rua Projetada, 4616",1,abreviação expandida
endereco,logradouro,"R. Projetada, 4613","Rua Projetada, 4613",1,abreviação expandida
endereco,logradouro,"R. Projetada, 4610","Rua Projetada, 4610",1,abreviação expandida
endereco,logradouro,"R. Projetada, 4607","Rua Projetada, 4607",1,abreviação expandida
endereco,logradouro,"R. Projetada, 4602","Rua Projetada, 4602",1,abreviação expandida
endereco,logradouro,"R. Projetada, 4601","Rua Projetada, 4601",1,abreviação expandida
endereco,logradouro,"R. Projetada, 460","Rua Projetada, 460",1,abreviação expandida
endereco,logradouro,"R. Projetada, 46","Rua Projetada, 46",1,abreviação expandida
endereco,logradouro,"R. Projetada, 4597","Rua Projetada, 4597",1,abreviação expandida
endereco,logradouro,"R. Projetada, 4588","Rua Projetada, 4588",1,abreviação expandida
endereco,logradouro,"R. Projetada, 4582","Rua Projetada, 4582",1,abreviação expandida
endereco,logradouro,"R. Brasil, 3065","Rua Brasil, 3065",1,abreviação expandida
endereco,logradouro,"R. Brasil, 3061","Rua Brasil, 3061",1,abreviação expandida
endereco,logradouro,"R. Brasil, 3060","Rua Brasil, 3060",1,abreviação expandida
endereco,logradouro,"R. Brasil, 3059","Rua Brasil, 3059",1,abreviação expandida
endereco,logradouro,"R. Brasil, 3054","Rua Brasil, 3054",1,abreviação expandida
endereco,logradouro,"R. Brasil, 3051","Rua Brasil, 3051",1,abreviação expandida
endereco,logradouro,"R. Brasil, 3048","Rua Brasil, 3048",1,abreviação expandida
endereco,logradouro,"R. Brasil, 3046","Rua Brasil, 3046",1,abreviação expandida
endereco,logradouro,"R. Brasil, 3044","Rua Brasil, 3044",1,abreviação expandida
endereco,logradouro,"R. Brasil, 3034","Rua Brasil, 3034",1,abreviação expandida
endereco,logradouro,"R. Brasil, 3033","Rua Brasil, 3033",1,abreviação expandida
endereco,logradouro,"R. Brasil, 3032","Rua Brasil, 3032",1,abreviação expandida
endereco,logradouro,"R. Projetada, 464","Rua Projetada, 464",1,abreviação expandida
endereco,logradouro,"R. Projetada, 4638","Rua Projetada, 4638",1,abreviação expandida
endereco,logradouro,"R. Projetada, 4633","Rua Projetada, 4633",1,abreviação expandida
endereco,logradouro,"R. Projetada, 4632","Rua Projetada, 4632",1,abreviação expandida
endereco,logradouro,"R. Projetada, 4690","Rua Projetada, 4690",1,abreviação expandida
endereco,logradouro,"R. Projetada, 4688","Rua Projetada, 4688",1,abreviação expandida
endereco,logradouro,"R. Projetada, 4686","Rua Projetada, 4686",1,abreviação expandida
endereco,logradouro,"R. Projetada, 4679","Rua Projetada, 4679",1,abreviação expandida
endereco,logradouro,"R. Projetada, 4669","Rua Projetada, 4669",1,abreviação expandida
endereco,logradouro,"R. Projetada, 4668","Rua Projetada, 4668",1,abreviação expandida
endereco,logradouro,"R. Projetada, 4665","Rua Projetada, 4665",1,abreviação expandida
endereco,logradouro,"R. Projetada, 4663","Rua Projetada, 4663",1,abreviação expandida
endereco,logradouro,"R. Projetada, 4659","Rua Projetada, 4659",1,abreviação expandida
endereco,logradouro,"R. Projetada, 4658","Rua Projetada, 4658",1,abreviação expandida
endereco,logradouro,"R. Projetada, 4655","Rua Projetada, 4655",1,abreviação expandida
endereco,logradouro,"R. Projetada, 4646","Rua Projetada, 4646",1,abreviação expandida
endereco,logradouro,"R. Projetada, 4641","Rua Projetada, 4641",1,abreviação expandida
endereco,logradouro,"R. Brasil, 3079","Rua Brasil, 3079",1,abreviação expandida
endereco,logradouro,"R. Brasil, 3073","Rua Brasil, 3073",1,abreviação expandida
endereco,logradouro,"R. Brasil, 3071","Rua Brasil, 3071",1,abreviação expandida
endereco,logradouro,"R. Projetada, 4738","Rua Projetada, 4738",1,abreviação expandida
endereco,logradouro,"R. Projetada, 4733","Rua Projetada, 4733",1,abreviação expandida
endereco,logradouro,"R. Projetada, 4730","Rua Projetada, 4730",1,abreviação expandida
endereco,logradouro,"R. Projetada, 4729","Rua Projetada, 4729",1,abreviação expandida
endereco,logradouro,"R. Projetada, 4721","Rua Projetada, 4721",1,abreviação expandida
endereco,logradouro,"R. Projetada, 4720","Rua Projetada, 4720",1,abreviação expandida
endereco,logradouro,"R. Projetada, 4718","Rua Projetada, 4718",1,abreviação expandida
endereco,logradouro,"R. Projetada, 4715","Rua Projetada, 4715",1,abreviação expandida
endereco,logradouro,"R. Projetada, 4713","Rua Projetada, 4713",1,abreviação expandida
endereco,logradouro,"R. Projetada, 4711","Rua Projetada, 4711",1,abreviação expandida
endereco,logradouro,"R. Projetada, 4710","Rua Projetada, 4710",1,abreviação expandida
endereco,logradouro,"R. Projetada, 4703","Rua Projetada, 4703",1,abreviação expandida
endereco,logradouro,"R. Projetada, 4702","Rua Projetada, 4702",1,abreviação expandida
endereco,logradouro,"R. Projetada, 4699","Rua Projetada, 4699",1,abreviação expandida
endereco,logradouro,"R. Projetada, 4698","Rua Projetada, 4698",1,abreviação expandida
endereco,logradouro,"R. Projetada, 4693","Rua Projetada, 4693",1,abreviação expandida
endereco,logradouro,"R. Brasil, 3025","Rua Brasil, 3025",1,abreviação expandida
endereco,logradouro,"R. Brasil, 3024","Rua Brasil, 3024",1,abreviação expandida
endereco,logradouro,"R. Brasil, 302","Rua Brasil, 302",1,abreviação expandida
endereco,logradouro,"R. Brasil, 3018","Rua Brasil, 3018",1,abreviação expandida
endereco,logradouro,"R. Brasil, 3015","Rua Brasil, 3015",1,abreviação expandida
endereco,logradouro,"R. Brasil, 3014","Rua Brasil, 3014",1,abreviação expandida
endereco,logradouro,"R. Brasil, 3010","Rua Brasil, 3010",1,abreviação expandida
endereco,logradouro,"R. Brasil, 3009","Rua Brasil, 3009",1,abreviação expandida
endereco,logradouro,"R. Brasil, 3008","Rua Brasil, 3008",1,abreviação expandida
endereco,logradouro,"R. Brasil, 3005","Rua Brasil, 3005",1,abreviação expandida
endereco,logradouro,"R. Projetada, 4768","Rua Projetada, 4768",1,abreviação expandida
endereco,logradouro,"R. Projetada, 4765","Rua Projetada, 4765",1,abreviação expandida
endereco,logradouro,"R. Projetada, 4764","Rua Projetada, 4764",1,abreviação expandida
endereco,logradouro,"R. Projetada, 4743","Rua Projetada, 4743",1,abreviação expandida
endereco,logradouro,"R. Projetada, 4740","Rua Projetada, 4740",1,abreviação expandida
endereco,logradouro,"R. Projetada, 474","Rua Projetada, 474",1,abreviação expandida
endereco,logradouro,"R. Projetada, 4818","Rua Projetada, 4818",1,abreviação expandida
endereco,logradouro,"R. Projetada, 4814","Rua Projetada, 4814",1,abreviação expandida
endereco,logradouro,"R. Projetada, 481","Rua Projetada, 481",1,abreviação expandida
endereco,logradouro,"R. Projetada, 4809","Rua Projetada, 4809",1,abreviação expandida
endereco,logradouro,"R. Projetada, 4805","Rua Projetada, 4805",1,abreviação expandida
endereco,logradouro,"R. Projetada, 4804","Rua Projetada, 4804",1,abreviação expandida
endereco,logradouro,"R. Projetada, 4803","Rua Projetada, 4803",1,abreviação expandida
endereco,logradouro,"R. Projetada, 4801","Rua Projetada, 4801",1,abreviação expandida
endereco,logradouro,"R. Projetada, 480","Rua Projetada, 480",1,abreviação expandida
endereco,logradouro,"R. Projetada, 4790","Rua Projetada, 4790",1,abreviação expandida
endereco,logradouro,"R. Projetada, 479","Rua Projetada, 479",1,abreviação expandida
endereco,logradouro,"R. Projetada, 4786","Rua Projetada, 4786",1,abreviação expandida
endereco,logradouro,"R. Projetada, 4784","Rua Projetada, 4784",1,abreviação expandida
endereco,logradouro,"R. Brasil, 3030","Rua Brasil, 3030",1,abreviação expandida
endereco,logradouro,"R. Brasil, 3028","Rua Brasil, 3028",1,abreviação expandida
endereco,logradouro,"R. Brasil, 3026","Rua Brasil, 3026",1,abreviação expandida
endereco,logradouro,"R. Projetada, 4889","Rua Projetada, 4889",1,abreviação expandida
endereco,logradouro,"R. Projetada, 4885","Rua Projetada, 4885",1,abreviação expandida
endereco,logradouro,"R. Projetada, 4884","Rua Projetada, 4884",1,abreviação expandida
endereco,logradouro,"R. Projetada, 4879","Rua Projetada, 4879",1,abreviação expandida
endereco,logradouro,"R. Projetada, 4873","Rua Projetada, 4873",1,abreviação expandida
endereco,logradouro,"R. Projetada, 4867","Rua Projetada, 4867",1,abreviação expandida
endereco,logradouro,"R. Projetada, 4864","Rua Projetada, 4864",1,abreviação expandida
endereco,logradouro,"R. Projetada, 4863","Rua Projetada, 4863",1,abreviação expandida
endereco,logradouro,"R. Projetada, 4851","Rua Projetada, 4851",1,abreviação expandida
endereco,logradouro,"R. Projetada, 4849","Rua Projetada, 4849",1,abreviação expandida
endereco,logradouro,"R. Projetada, 4846","Rua Projetada, 4846",1,abreviação expandida
endereco,logradouro,"R. Projetada, 4841","Rua Projetada, 4841",1,abreviação expandida
endereco,logradouro,"R. Projetada, 484","Rua Projetada, 484",1,abreviação expandida
endereco,logradouro,"R. Projetada, 4834","Rua Projetada, 4834",1,abreviação expandida
endereco,logradouro,"R. Projetada, 4831","Rua Projetada, 4831",1,abreviação expandida
endereco,logradouro,"R. Projetada, 4820","Rua Projetada, 4820",1,abreviação expandida
endereco,logradouro,"R. Projetada, 4930","Rua Projetada, 4930",1,abreviação expandida
endereco,logradouro,"R. Projetada, 493","Rua Projetada, 493",1,abreviação expandida
endereco,logradouro,"R. Projetada, 4927","Rua Projetada, 4927",1,abreviação expandida
endereco,logradouro,"R. Projetada, 4926","Rua Projetada, 4926",1,abreviação expandida
endereco,logradouro,"R. Projetada, 4925","Rua Projetada, 4925",1,abreviação expandida
endereco,logradouro,"R. Projetada, 4924","Rua Projetada, 4924",1,abreviação expandida
endereco,logradouro,"R. Projetada, 4921","Rua Projetada, 4921",1,abreviação expandida
endereco,logradouro,"R. Projetada, 4920","Rua Projetada, 4920",1,abreviação expandida
endereco,logradouro,"R. Projetada, 4913","Rua Projetada, 4913",1,abreviação expandida
endereco,logradouro,"R. Projetada, 4911","Rua Projetada, 4911",1,abreviação expandida
endereco,logradouro,"R. Projetada, 4910","Rua Projetada, 4910",1,abreviação expandida
endereco,logradouro,"R. Projetada, 4903","Rua Projetada, 4903",1,abreviação expandida
endereco,logradouro,"R. Projetada, 4901","Rua Projetada, 4901",1,abreviação expandida
endereco,logradouro,"R. Projetada, 4897","Rua Projetada, 4897",1,abreviação expandida
endereco,logradouro,"R. Projetada, 4891","Rua Projetada, 4891",1,abreviação expandida
endereco,logradouro,"R. Projetada, 4890","Rua Projetada, 4890",1,abreviação expandida
endereco,logradouro,"R. Brasil, 2990","Rua Brasil, 2990",1,abreviação expandida
endereco,logradouro,"R. Brasil, 2988","Rua Brasil, 2988",1,abreviação expandida
endereco,logradouro,"R. Brasil, 2985","Rua Brasil, 2985",1,abreviação expandida
endereco,logradouro,"R. Brasil, 2984","Rua Brasil, 2984",1,abreviação expandida
endereco,logradouro,"R. Brasil, 2973","Rua Brasil, 2973",1,abreviação expandida
endereco,logradouro,"R. Brasil, 2966","Rua Brasil, 2966",1,abreviação expandida
endereco,logradouro,"R. Brasil, 2962","Rua Brasil, 2962",1,abreviação expandida
endereco,logradouro,"R. Brasil, 2956","Rua Brasil, 2956",1,abreviação expandida
endereco,logradouro,"R. Brasil, 2953","Rua Brasil, 2953",1,abreviação expandida
endereco,logradouro,"R. Brasil, 2949","Rua Brasil, 2949",1,abreviação expandida
endereco,logradouro,"R. Projetada, 4944","Rua Projetada, 4944",1,abreviação expandida
endereco,logradouro,"R. Projetada, 4943","Rua Projetada, 4943",1,abreviação expandida
endereco,logradouro,"R. Projetada, 4942","Rua Projetada, 4942",1,abreviação expandida
endereco,logradouro,"R. Projetada, 4941","Rua Projetada, 4941",1,abreviação expandida
endereco,logradouro,"R. Projetada, 4935","Rua Projetada, 4935",1,abreviação expandida
endereco,logradouro,"R. Projetada, 4931","Rua Projetada, 4931",1,abreviação expandida
endereco,logradouro,"R. Projetada, 4986","Rua Projetada, 4986",1,abreviação expandida
endereco,logradouro,"R. Projetada, 4984","Rua Projetada, 4984",1,abreviação expandida
endereco,logradouro,"R. Projetada, 4982","Rua Projetada, 4982",1,abreviação expandida
endereco,logradouro,"R. Projetada, 4980","Rua Projetada, 4980",1,abreviação expandida
endereco,logradouro,"R. Projetada, 4970","Rua Projetada, 4970",1,abreviação expandida
endereco,logradouro,"R. Projetada, 4965","Rua Projetada, 4965",1,abreviação expandida
endereco,logradouro,"R. Projetada, 4963","Rua Projetada, 4963",1,abreviação expandida
endereco,logradouro,"R. Projetada, 4957","Rua Projetada, 4957",1,abreviação expandida
endereco,logradouro,"R. Projetada, 4955","Rua Projetada, 4955",1,abreviação expandida
endereco,logradouro,"R. Projetada, 4951","Rua Projetada, 4951",1,abreviação expandida
endereco,logradouro,"R. Projetada, 4947","Rua Projetada, 4947",1,abreviação expandida
endereco,logradouro,"R. Projetada, 4946","Rua Projetada, 4946",1,abreviação expandida
endereco,logradouro,"R. Brasil, 3001","Rua Brasil, 3001",1,abreviação expandida
endereco,logradouro,"R. Brasil, 300","Rua Brasil, 300",1,abreviação expandida
endereco,logradouro,"R. Brasil, 2999","Rua Brasil, 2999",1,abreviação expandida
endereco,logradouro,"R. Brasil, 2992","Rua Brasil, 2992",1,abreviação expandida
endereco,logradouro,"R. Projetada, 53","Rua Projetada, 53",1,abreviação expandida
endereco,logradouro,"R. Projetada, 528","Rua Projetada, 528",1,abreviação expandida
endereco,logradouro,"R. Projetada, 526","Rua Projetada, 526",1,abreviação expandida
endereco,logradouro,"R. Projetada, 525","Rua Projetada, 525",1,abreviação expandida
endereco,logradouro,"R. Projetada, 52","Rua Projetada, 52",1,abreviação expandida
endereco,logradouro,"R. Projetada, 515","Rua Projetada, 515",1,abreviação expandida
endereco,logradouro,"R. Projetada, 510","Rua Projetada, 510",1,abreviação expandida
endereco,logradouro,"R. Projetada, 508","Rua Projetada, 508",1,abreviação expandida
endereco,logradouro,"R. Projetada, 506","Rua Projetada, 506",1,abreviação expandida
endereco,logradouro,"R. Projetada, 504","Rua Projetada, 504",1,abreviação expandida
endereco,logradouro,"R. Projetada, 503","Rua Projetada, 503",1,abreviação expandida
endereco,logradouro,"R. Projetada, 501","Rua Projetada, 501",1,abreviação expandida
endereco,logradouro,"R. Projetada, 50","Rua Projetada, 50",1,abreviação expandida
endereco,logradouro,"R. Projetada, 4997","Rua Projetada, 4997",1,abreviação expandida
endereco,logradouro,"R. Projetada, 4990","Rua Projetada, 4990",1,abreviação expandida
endereco,logradouro,"R. Projetada, 499","Rua Projetada, 499",1,abreviação expandida
endereco,logradouro,"R. Projetada, 574","Rua Projetada, 574",1,abreviação expandida
endereco,logradouro,"R. Projetada, 573","Rua Projetada, 573",1,abreviação expandida
endereco,logradouro,"R. Projetada, 57","Rua Projetada, 57",1,abreviação expandida
endereco,logradouro,"R. Projetada, 566","Rua Projetada, 566",1,abreviação expandida
endereco,logradouro,"R. Projetada, 56","Rua Projetada, 56",1,abreviação expandida
endereco,logradouro,"R. Projetada, 559","Rua Projetada, 559",1,abreviação expandida
endereco,logradouro,"R. Projetada, 557","Rua Projetada, 557",1,abreviação expandida
endereco,logradouro,"R. Projetada, 556","Rua Projetada, 556",1,abreviação expandida
endereco,logradouro,"R. Projetada, 554","Rua Projetada, 554",1,abreviação expandida
endereco,logradouro,"R. Projetada, 553","Rua Projetada, 553",1,abreviação expandida
endereco,logradouro,"R. Projetada, 551","Rua Projetada, 551",1,abreviação expandida
endereco,logradouro,"R. Projetada, 548","Rua Projetada, 548",1,abreviação expandida
endereco,logradouro,"R. Projetada, 542","Rua Projetada, 542",1,abreviação expandida
endereco,logradouro,"R. Projetada, 54","Rua Projetada, 54",1,abreviação expandida
endereco,logradouro,"R. Projetada, 533","Rua Projetada, 533",1,abreviação expandida
endereco,logradouro,"R. Projetada, 530","Rua Projetada, 530",1,abreviação expandida
endereco,logradouro,"R. Brasil, 2926","Rua Brasil, 2926",1,abreviação expandida
endereco,logradouro,"R. Brasil, 2925","Rua Brasil, 2925",1,abreviação expandida
endereco,logradouro,"R. Brasil, 2923","Rua Brasil, 2923",1,abreviação expandida
endereco,logradouro,"R. Brasil, 292","Rua Brasil, 292",1,abreviação expandida
endereco,logradouro,"R. Brasil, 2919","Rua Brasil, 2919",1,abreviação expandida
endereco,logradouro,"R. Brasil, 2916","Rua Brasil, 2916",1,abreviação expandida
endereco,logradouro,"R. Brasil, 291","Rua Brasil, 291",1,abreviação expandida
endereco,logradouro,"R. Brasil, 2902","Rua Brasil, 2902",1,abreviação expandida
endereco,logradouro,"R. Projetada, 587","Rua Projetada, 587",1,abreviação expandida
endereco,logradouro,"R. Projetada, 586","Rua Projetada, 586",1,abreviação expandida
endereco,logradouro,"R. Projetada, 583","Rua Projetada, 583",1,abreviação expandida
endereco,logradouro,"R. Projetada, 582","Rua Projetada, 582",1,abreviação expandida
endereco,logradouro,"R. Projetada, 58","Rua Projetada, 58",1,abreviação expandida
endereco,logradouro,"R. Projetada, 578","Rua Projetada, 578",1,abreviação expandida
endereco,logradouro,"R. Projetada, 576","Rua Projetada, 576",1,abreviação expandida
endereco,logradouro,"R. Projetada, 575","Rua Projetada, 575",1,abreviação expandida
endereco,logradouro,"R. Projetada, 624","Rua Projetada, 624",1,abreviação expandida
endereco,logradouro,"R. Projetada, 622","Rua Projetada, 622",1,abreviação expandida
endereco,logradouro,"R. Projetada, 621","Rua Projetada, 621",1,abreviação expandida
endereco,logradouro,"R. Projetada, 619","Rua Projetada, 619",1,abreviação expandida
endereco,logradouro,"R. Projetada, 616","Rua Projetada, 616",1,abreviação expandida
endereco,logradouro,"R. Projetada, 615","Rua Projetada, 615",1,abreviação expandida
endereco,logradouro,"R. Projetada, 611","Rua Projetada, 611",1,abreviação expandida
endereco,logradouro,"R. Projetada, 607","Rua Projetada, 607",1,abreviação expandida
endereco,logradouro,"R. Projetada, 604","Rua Projetada, 604",1,abreviação expandida
endereco,logradouro,"R. Projetada, 601","Rua Projetada, 601",1,abreviação expandida
endereco,logradouro,"R. Brasil, 2944","Rua Brasil, 2944",1,abreviação expandida
endereco,logradouro,"R. Brasil, 2938","Rua Brasil, 2938",1,abreviação expandida
endereco,logradouro,"R. Brasil, 2934","Rua Brasil, 2934",1,abreviação expandida
endereco,logradouro,"R. Brasil, 2929","Rua Brasil, 2929",1,abreviação expandida
endereco,logradouro,"R. Brasil, 2928","Rua Brasil, 2928",1,abreviação expandida
endereco,logradouro,"R. Brasil, 2927","Rua Brasil, 2927",1,abreviação expandida
endereco,logradouro,"R. Projetada, 662","Rua Projetada, 662",1,abreviação expandida
endereco,logradouro,"R. Projetada, 656","Rua Projetada, 656",1,abreviação expandida
endereco,logradouro,"R. Projetada, 655","Rua Projetada, 655",1,abreviação expandida
endereco,logradouro,"R. Projetada, 648","Rua Projetada, 648",1,abreviação expandida
endereco,logradouro,"R. Projetada, 647","Rua Projetada, 647",1,abreviação expandida
endereco,logradouro,"R. Projetada, 646","Rua Projetada, 646",1,abreviação expandida
endereco,logradouro,"R. Projetada, 645","Rua Projetada, 645",1,abreviação expandida
endereco,logradouro,"R. Projetada, 643","Rua Projetada, 643",1,abreviação expandida
endereco,logradouro,"R. Projetada, 642","Rua Projetada, 642",1,abreviação expandida
endereco,logradouro,"R. Projetada, 639","Rua Projetada, 639",1,abreviação expandida
endereco,logradouro,"R. Projetada, 636","Rua Projetada, 636",1,abreviação expandida
endereco,logradouro,"R. Projetada, 635","Rua Projetada, 635",1,abreviação expandida
endereco,logradouro,"R. Projetada, 633","Rua Projetada, 633",1,abreviação expandida
endereco,logradouro,"R. Projetada, 632","Rua Projetada, 632",1,abreviação expandida
endereco,logradouro,"R. Projetada, 630","Rua Projetada, 630",1,abreviação expandida
endereco,logradouro,"R. Projetada, 627","Rua Projetada, 627",1,abreviação expandida
endereco,logradouro,"R. Projetada, 72","Rua Projetada, 72",1,abreviação expandida
endereco,logradouro,"R. Projetada, 719","Rua Projetada, 719",1,abreviação expandida
endereco,logradouro,"R. Projetada, 715","Rua Projetada, 715",1,abreviação expandida
endereco,logradouro,"R. Projetada, 708","Rua Projetada, 708",1,abreviação expandida
endereco,logradouro,"R. Projetada, 704","Rua Projetada, 704",1,abreviação expandida
endereco,logradouro,"R. Projetada, 703","Rua Projetada, 703",1,abreviação expandida
endereco,logradouro,"R. Projetada, 70","Rua Projetada, 70",1,abreviação expandida
endereco,logradouro,"R. Projetada, 695","Rua Projetada, 695",1,abreviação expandida
endereco,logradouro,"R. Projetada, 690","Rua Projetada, 690",1,abreviação expandida
endereco,logradouro,"R. Projetada, 69","Rua Projetada, 69",1,abreviação expandida
endereco,logradouro,"R. Projetada, 686","Rua Projetada, 686",1,abreviação expandida
endereco,logradouro,"R. Projetada, 678","Rua Projetada, 678",1,abreviação expandida
endereco,logradouro,"R. Projetada, 676","Rua Projetada, 676",1,abreviação expandida
endereco,logradouro,"R. Projetada, 675","Rua Projetada, 675",1,abreviação expandida
endereco,logradouro,"R. Projetada, 671","Rua Projetada, 671",1,abreviação expandida
endereco,logradouro,"R. Projetada, 670","Rua Projetada, 670",1,abreviação expandida
endereco,logradouro,"R. Projetada, 787","Rua Projetada, 787",1,abreviação expandida
endereco,logradouro,"R. Projetada, 784","Rua Projetada, 784",1,abreviação expandida
endereco,logradouro,"R. Projetada, 782","Rua Projetada, 782",1,abreviação expandida
endereco,logradouro,"R. Projetada, 781","Rua Projetada, 781",1,abreviação expandida
endereco,logradouro,"R. Projetada, 780","Rua Projetada, 780",1,abreviação expandida
endereco,logradouro,"R. Projetada, 777","Rua Projetada, 777",1,abreviação expandida
endereco,logradouro,"R. Projetada, 776","Rua Projetada, 776",1,abreviação expandida
endereco,logradouro,"R. Projetada, 772","Rua Projetada, 772",1,abreviação expandida
endereco,logradouro,"R. Projetada, 760","Rua Projetada, 760",1,abreviação expandida
endereco,logradouro,"R. Projetada, 756","Rua Projetada, 756",1,abreviação expandida
endereco,logradouro,"R. Projetada, 754","Rua Projetada, 754",1,abreviação expandida
endereco,logradouro,"R. Projetada, 742","Rua Projetada, 742",1,abreviação expandida
endereco,logradouro,"R. Projetada, 734","Rua Projetada, 734",1,abreviação expandida
endereco,logradouro,"R. Projetada, 730","Rua Projetada, 730",1,abreviação expandida
endereco,logradouro,"R. Projetada, 728","Rua Projetada, 728",1,abreviação expandida
endereco,logradouro,"R. Projetada, 720","Rua Projetada, 720",1,abreviação expandida
endereco,logradouro,"R. Brasil, 290","Rua Brasil, 290",1,abreviação expandida
endereco,logradouro,"R. Brasil, 29","Rua Brasil, 29",1,abreviação expandida
endereco,logradouro,"R. Brasil, 2894","Rua Brasil, 2894",1,abreviação expandida
endereco,logradouro,"R. Brasil, 2892","Rua Brasil, 2892",1,abreviação expandida
endereco,logradouro,"R. Brasil, 2882","Rua Brasil, 2882",1,abreviação expandida
endereco,logradouro,"R. Brasil, 288","Rua Brasil, 288",1,abreviação expandida
endereco,logradouro,"R. Brasil, 2878","Rua Brasil, 2878",1,abreviação expandida
endereco,logradouro,"R. Brasil, 2877","Rua Brasil, 2877",1,abreviação expandida
endereco,logradouro,"R. Brasil, 2871","Rua Brasil, 2871",1,abreviação expandida
endereco,logradouro,"R. Brasil, 2866","Rua Brasil, 2866",1,abreviação expandida
endereco,logradouro,"R. Brasil, 2864","Rua Brasil, 2864",1,abreviação expandida
endereco,logradouro,"R. Brasil, 2861","Rua Brasil, 2861",1,abreviação expandida
endereco,logradouro,"R. Brasil, 286","Rua Brasil, 286",1,abreviação expandida
endereco,logradouro,"R. Projetada, 803","Rua Projetada, 803",1,abreviação expandida
endereco,logradouro,"R. Projetada, 797","Rua Projetada, 797",1,abreviação expandida
endereco,logradouro,"R. Projetada, 790","Rua Projetada, 790",1,abreviação expandida
endereco,logradouro,"R. Projetada, 86","Rua Projetada, 86",1,abreviação expandida
endereco,logradouro,"R. Projetada, 859","Rua Projetada, 859",1,abreviação expandida
endereco,logradouro,"R. Projetada, 853","Rua Projetada, 853",1,abreviação expandida
endereco,logradouro,"R. Projetada, 85","Rua Projetada, 85",1,abreviação expandida
endereco,logradouro,"R. Projetada, 845","Rua Projetada, 845",1,abreviação expandida
endereco,logradouro,"R. Projetada, 844","Rua Projetada, 844",1,abreviação expandida
endereco,logradouro,"R. Projetada, 84","Rua Projetada, 84",1,abreviação expandida
endereco,logradouro,"R. Projetada, 836","Rua Projetada, 836",1,abreviação expandida
endereco,logradouro,"R. Projetada, 833","Rua Projetada, 833",1,abreviação expandida
endereco,logradouro,"R. Projetada, 82","Rua Projetada, 82",1,abreviação expandida
endereco,logradouro,"R. Projetada, 815","Rua Projetada, 815",1,abreviação expandida
endereco,logradouro,"R. Projetada, 812","Rua Projetada, 812",1,abreviação expandida
endereco,logradouro,"R. Projetada, 811","Rua Projetada, 811",1,abreviação expandida
endereco,logradouro,"R. Projetada, 809","Rua Projetada, 809",1,abreviação expandida
endereco,logradouro,"R. Projetada, 804","Rua Projetada, 804",1,abreviação expandida
endereco,logradouro,"R. Brasil, 2901","Rua Brasil, 2901",1,abreviação expandida
endereco,logradouro,"R. Projetada, 948","Rua Projetada, 948",1,abreviação expandida
endereco,logradouro,"R. Projetada, 944","Rua Projetada, 944",1,abreviação expandida
endereco,logradouro,"R. Projetada, 940","Rua Projetada, 940",1,abreviação expandida
endereco,logradouro,"R. Projetada, 934","Rua Projetada, 934",1,abreviação expandida
endereco,logradouro,"R. Projetada, 933","Rua Projetada, 933",1,abreviação expandida
endereco,logradouro,"R. Projetada, 928","Rua Projetada, 928",1,abreviação expandida
endereco,logradouro,"R. Projetada, 925","Rua Projetada, 925",1,abreviação expandida
endereco,logradouro,"R. Projetada, 923","Rua Projetada, 923",1,abreviação expandida
endereco,logradouro,"R. Projetada, 917","Rua Projetada, 917",1,abreviação expandida
endereco,logradouro,"R. Projetada, 913","Rua Projetada, 913",1,abreviação expandida
endereco,logradouro,"R. Projetada, 903","Rua Projetada, 903",1,abreviação expandida
endereco,logradouro,"R. Projetada, 898","Rua Projetada, 898",1,abreviação expandida
endereco,logradouro,"R. Projetada, 883","Rua Projetada, 883",1,abreviação expandida
endereco,logradouro,"R. Projetada, 882","Rua Projetada, 882",1,abreviação expandida
endereco,logradouro,"R. Projetada, 876","Rua Projetada, 876",1,abreviação expandida
endereco,logradouro,"R. Projetada, 87","Rua Projetada, 87",1,abreviação expandida
endereco,logradouro,"R. Brasil, 2853","Rua Brasil, 2853",1,abreviação expandida
endereco,logradouro,"R. Brasil, 2852","Rua Brasil, 2852",1,abreviação expandida
endereco,logradouro,"R. Brasil, 2848","Rua Brasil, 2848",1,abreviação expandida
endereco,logradouro,"R. Brasil, 2841","Rua Brasil, 2841",1,abreviação expandida
endereco,logradouro,"R. Brasil, 2836","Rua Brasil, 2836",1,abreviação expandida
endereco,logradouro,"R. Brasil, 2835","Rua Brasil, 2835",1,abreviação expandida
endereco,logradouro,"R. Brasil, 2828","Rua Brasil, 2828",1,abreviação expandida
endereco,logradouro,"R. Brasil, 2826","Rua Brasil, 2826",1,abreviação expandida
endereco,logradouro,"R. Brasil, 2822","Rua Brasil, 2822",1,abreviação expandida
endereco,logradouro,"R. Brasil, 2819","Rua Brasil, 2819",1,abreviação expandida
endereco,logradouro,"R. Brasil, 2814","Rua Brasil, 2814",1,abreviação expandida
endereco,logradouro,"R. Brasil, 2812","Rua Brasil, 2812",1,abreviação expandida
endereco,logradouro,"R. Projetada, 96","Rua Projetada, 96",1,abreviação expandida
endereco,logradouro,"R. Projetada, 958","Rua Projetada, 958",1,abreviação expandida
endereco,logradouro,"R. Projetada, 955","Rua Projetada, 955",1,abreviação expandida
endereco,logradouro,"R. Projetada, 954","Rua Projetada, 954",1,abreviação expandida
endereco,logradouro,"R. XV DE NOVEMBRO, 1048","Rua Xv de Novembro, 1048",1,caixa alta corrigida
endereco,logradouro,"R. XV DE NOVEMBRO, 1039","Rua Xv de Novembro, 1039",1,caixa alta corrigida
endereco,logradouro,"R. XV DE NOVEMBRO, 1031","Rua Xv de Novembro, 1031",1,caixa alta corrigida
endereco,logradouro,"R. XV DE NOVEMBRO, 1019","Rua Xv de Novembro, 1019",1,caixa alta corrigida
endereco,logradouro,"R. XV DE NOVEMBRO, 1009","Rua Xv de Novembro, 1009",1,caixa alta corrigida
endereco,logradouro,"R. Projetada, 995","Rua Projetada, 995",1,abreviação expandida
endereco,logradouro,"R. Projetada, 99","Rua Projetada, 99",1,abreviação expandida
endereco,logradouro,"R. Projetada, 988","Rua Projetada, 988",1,abreviação expandida
endereco,logradouro,"R. Projetada, 983","Rua Projetada, 983",1,abreviação expandida
endereco,logradouro,"R. Projetada, 979","Rua Projetada, 979",1,abreviação expandida
endereco,logradouro,"R. Projetada, 977","Rua Projetada, 977",1,abreviação expandida
endereco,logradouro,"R. Projetada, 974","Rua Projetada, 974",1,abreviação expandida
endereco,logradouro,"R. Projetada, 967","Rua Projetada, 967",1,abreviação expandida
endereco,logradouro,"R. Projetada, 965","Rua Projetada, 965",1,abreviação expandida
endereco,logradouro,"R. Projetada, 961","Rua Projetada, 961",1,abreviação expandida
endereco,logradouro,"R. Brasil, 2858","Rua Brasil, 2858",1,abreviação expandida
endereco,logradouro,"R. XV DE NOVEMBRO, 116","Rua Xv de Novembro, 116",1,caixa alta corrigida
endereco,logradouro,"R. XV DE NOVEMBRO, 1156","Rua Xv de Novembro, 1156",1,caixa alta corrigida
endereco,logradouro,"R. XV DE NOVEMBRO, 114","Rua Xv de Novembro, 114",1,caixa alta corrigida
endereco,logradouro,"R. XV DE NOVEMBRO, 1131","Rua Xv de Novembro, 1131",1,caixa alta corrigida
endereco,logradouro,"R. XV DE NOVEMBRO, 1127","Rua Xv de Novembro, 1127",1,caixa alta corrigida
endereco,logradouro,"R. XV DE NOVEMBRO, 1124","Rua Xv de Novembro, 1124",1,caixa alta corrigida
endereco,logradouro,"R. XV DE NOVEMBRO, 1106","Rua Xv de Novembro, 1106",1,caixa alta corrigida
endereco,logradouro,"R. XV DE NOVEMBRO, 1105","Rua Xv de Novembro, 1105",1,caixa alta corrigida
endereco,logradouro,"R. XV DE NOVEMBRO, 1104","Rua Xv de Novembro, 1104",1,caixa alta corrigida
endereco,logradouro,"R. XV DE NOVEMBRO, 1097","Rua Xv de Novembro, 1097",1,caixa alta corrigida
endereco,logradouro,"R. XV DE NOVEMBRO, 1088","Rua Xv de Novembro, 1088",1,caixa alta corrigida
endereco,logradouro,"R. XV DE NOVEMBRO, 1087","Rua Xv de Novembro, 1087",1,caixa alta corrigida
endereco,logradouro,"R. XV DE NOVEMBRO, 1080","Rua Xv de Novembro, 1080",1,caixa alta corrigida
endereco,logradouro,"R. XV DE NOVEMBRO, 108","Rua Xv de Novembro, 108",1,caixa alta corrigida
endereco,logradouro,"R. XV DE NOVEMBRO, 1069","Rua Xv de Novembro, 1069",1,caixa alta corrigida
endereco,logradouro,"R. XV DE NOVEMBRO, 1054","Rua Xv de Novembro, 1054",1,caixa alta corrigida
endereco,logradouro,"R. XV DE NOVEMBRO, 1306","Rua Xv de Novembro, 1306",1,caixa alta corrigida
endereco,logradouro,"R. XV DE NOVEMBRO, 1292","Rua Xv de Novembro, 1292",1,caixa alta corrigida
endereco,logradouro,"R. XV DE NOVEMBRO, 1281","Rua Xv de Novembro, 1281",1,caixa alta corrigida
endereco,logradouro,"R. XV DE NOVEMBRO, 1277","Rua Xv de Novembro, 1277",1,caixa alta corrigida
endereco,logradouro,"R. XV DE NOVEMBRO, 1276","Rua Xv de Novembro, 1276",1,caixa alta corrigida
endereco,logradouro,"R. XV DE NOVEMBRO, 1255","Rua Xv de Novembro, 1255",1,caixa alta corrigida
endereco,logradouro,"R. XV DE NOVEMBRO, 1235","Rua Xv de Novembro, 1235",1,caixa alta corrigida
endereco,logradouro,"R. XV DE NOVEMBRO, 1232","Rua Xv de Novembro, 1232",1,caixa alta corrigida
endereco,logradouro,"R. XV DE NOVEMBRO, 1203","Rua Xv de Novembro, 1203",1,caixa alta corrigida
endereco,logradouro,"R. XV DE NOVEMBRO, 1189","Rua Xv de Novembro, 1189",1,caixa alta corrigida
endereco,logradouro,"R. XV DE NOVEMBRO, 1177","Rua Xv de Novembro, 1177",1,caixa alta corrigida
endereco,logradouro,"R. XV DE NOVEMBRO, 1176","Rua Xv de Novembro, 1176",1,caixa alta corrigida
endereco,logradouro,"R. XV DE NOVEMBRO, 1175","Rua Xv de Novembro, 1175",1,caixa alta corrigida
endereco,logradouro,"R. XV DE NOVEMBRO, 1170","Rua Xv de Novembro, 1170",1,caixa alta corrigida
endereco,logradouro,"R. XV DE NOVEMBRO, 1168","Rua Xv de Novembro, 1168",1,caixa alta corrigida
endereco,logradouro,"R. XV DE NOVEMBRO, 1161","Rua Xv de Novembro, 1161",1,caixa alta corrigida
endereco,logradouro,"R. XV DE NOVEMBRO, 1510","Rua Xv de Novembro, 1510",1,caixa alta corrigida
endereco,logradouro,"R. XV DE NOVEMBRO, 1498","Rua Xv de Novembro, 1498",1,caixa alta corrigida
endereco,logradouro,"R. XV DE NOVEMBRO, 1492","Rua Xv de Novembro, 1492",1,caixa alta corrigida
endereco,logradouro,"R. XV DE NOVEMBRO, 146","Rua Xv de Novembro, 146",1,caixa alta corrigida
endereco,logradouro,"R. XV DE NOVEMBRO, 1457","Rua Xv de Novembro, 1457",1,caixa alta corrigida
endereco,logradouro,"R. XV DE NOVEMBRO, 1450","Rua Xv de Novembro, 1450",1,caixa alta corrigida
endereco,logradouro,"R. XV DE NOVEMBRO, 1435","Rua Xv de Novembro, 1435",1,caixa alta corrigida
endereco,logradouro,"R. XV DE NOVEMBRO, 1425","Rua Xv de Novembro, 1425",1,caixa alta corrigida
endereco,logradouro,"R. XV DE NOVEMBRO, 1422","Rua Xv de Novembro, 1422",1,caixa alta corrigida
endereco,logradouro,"R. XV DE NOVEMBRO, 1388","Rua Xv de Novembro, 1388",1,caixa alta corrigida
endereco,logradouro,"R. XV DE NOVEMBRO, 1386","Rua Xv de Novembro, 1386",1,caixa alta corrigida
endereco,logradouro,"R. XV DE NOVEMBRO, 1373","Rua Xv de Novembro, 1373",1,caixa alta corrigida
endereco,logradouro,"R. XV DE NOVEMBRO, 1360","Rua Xv de Novembro, 1360",1,caixa alta corrigida
endereco,logradouro,"R. XV DE NOVEMBRO, 1340","Rua Xv de Novembro, 1340",1,caixa alta corrigida
endereco,logradouro,"R. XV DE NOVEMBRO, 1320","Rua Xv de Novembro, 1320",1,caixa alta corrigida
endereco,logradouro,"R. XV DE NOVEMBRO, 1308","Rua Xv de Novembro, 1308",1,caixa alta corrigida
endereco,logradouro,"R. XV DE NOVEMBRO, 1682","Rua Xv de Novembro, 1682",1,caixa alta corrigida
endereco,logradouro,"R. XV DE NOVEMBRO, 1660","Rua Xv de Novembro, 1660",1,caixa alta corrigida
endereco,logradouro,"R. XV DE NOVEMBRO, 1649","Rua Xv de Novembro, 1649",1,caixa alta corrigida
endereco,logradouro,"R. XV DE NOVEMBRO, 1622","Rua Xv de Novembro, 1622",1,caixa alta corrigida
endereco,logradouro,"R. XV DE NOVEMBRO, 162","Rua Xv de Novembro, 162",1,caixa alta corrigida
endereco,logradouro,"R. XV DE NOVEMBRO, 1619","Rua Xv de Novembro, 1619",1,caixa alta corrigida
endereco,logradouro,"R. XV DE NOVEMBRO, 1605","Rua Xv de Novembro, 1605",1,caixa alta corrigida
endereco,logradouro,"R. XV DE NOVEMBRO, 1601","Rua Xv de Novembro, 1601",1,caixa alta corrigida
endereco,logradouro,"R. XV DE NOVEMBRO, 1599","Rua Xv de Novembro, 1599",1,caixa alta corrigida
endereco,logradouro,"R. XV DE NOVEMBRO, 1589","Rua Xv de Novembro, 1589",1,caixa alta corrigida
endereco,logradouro,"R. XV DE NOVEMBRO, 1585","Rua Xv de Novembro, 1585",1,caixa alta corrigida
endereco,logradouro,"R. XV DE NOVEMBRO, 1570","Rua Xv de Novembro, 1570",1,caixa alta corrigida
endereco,logradouro,"R. XV DE NOVEMBRO, 1569","Rua Xv de Novembro, 1569",1,caixa alta corrigida
endereco,logradouro,"R. XV DE NOVEMBRO, 1555","Rua Xv de Novembro, 1555",1,caixa alta corrigida
endereco,logradouro,"R. XV DE NOVEMBRO, 1553","Rua Xv de Novembro, 1553",1,caixa alta corrigida
endereco,logradouro,"R. XV DE NOVEMBRO, 1527","Rua Xv de Novembro, 1527",1,caixa alta corrigida
endereco,logradouro,"R. XV DE NOVEMBRO, 1891","Rua Xv de Novembro, 1891",1,caixa alta corrigida
endereco,logradouro,"R. XV DE NOVEMBRO, 1883","Rua Xv de Novembro, 1883",1,caixa alta corrigida
endereco,logradouro,"R. XV DE NOVEMBRO, 1843","Rua Xv de Novembro, 1843",1,caixa alta corrigida
endereco,logradouro,"R. XV DE NOVEMBRO, 183","Rua Xv de Novembro, 183",1,caixa alta corrigida
endereco,logradouro,"R. XV DE NOVEMBRO, 1825","Rua Xv de Novembro, 1825",1,caixa alta corrigida
endereco,logradouro,"R. XV DE NOVEMBRO, 1815","Rua Xv de Novembro, 1815",1,caixa alta corrigida
endereco,logradouro,"R. XV DE NOVEMBRO, 1814","Rua Xv de Novembro, 1814",1,caixa alta corrigida
endereco,logradouro,"R. XV DE NOVEMBRO, 1807","Rua Xv de Novembro, 1807",1,caixa alta corrigida
endereco,logradouro,"R. XV DE NOVEMBRO, 1796","Rua Xv de Novembro, 1796",1,caixa alta corrigida
endereco,logradouro,"R. XV DE NOVEMBRO, 1782","Rua Xv de Novembro, 1782",1,caixa alta corrigida
endereco,logradouro,"R. XV DE NOVEMBRO, 1774","Rua Xv de Novembro, 1774",1,caixa alta corrigida
endereco,logradouro,"R. XV DE NOVEMBRO, 1760","Rua Xv de Novembro, 1760",1,caixa alta corrigida
endereco,logradouro,"R. XV DE NOVEMBRO, 1727","Rua Xv de Novembro, 1727",1,caixa alta corrigida
endereco,logradouro,"R. XV DE NOVEMBRO, 1712","Rua Xv de Novembro, 1712",1,caixa alta corrigida
endereco,logradouro,"R. XV DE NOVEMBRO, 1702","Rua Xv de Novembro, 1702",1,caixa alta corrigida
endereco,logradouro,"R. XV DE NOVEMBRO, 1683","Rua Xv de Novembro, 1683",1,caixa alta corrigida
endereco,logradouro,"R. XV DE NOVEMBRO, 203","Rua Xv de Novembro, 203",1,caixa alta corrigida
endereco,logradouro,"R. XV DE NOVEMBRO, 2020","Rua Xv de Novembro, 2020",1,caixa alta corrigida
endereco,logradouro,"R. XV DE NOVEMBRO, 2004","Rua Xv de Novembro, 2004",1,caixa alta corrigida
endereco,logradouro,"R. XV DE NOVEMBRO, 1986","Rua Xv de Novembro, 1986",1,caixa alta corrigida
endereco,logradouro,"R. XV DE NOVEMBRO, 1962","Rua Xv de Novembro, 1962",1,caixa alta corrigida
endereco,logradouro,"R. XV DE NOVEMBRO, 1953","Rua Xv de Novembro, 1953",1,caixa alta corrigida
endereco,logradouro,"R. XV DE NOVEMBRO, 194","Rua Xv de Novembro, 194",1,caixa alta corrigida
endereco,logradouro,"R. XV DE NOVEMBRO, 1930","Rua Xv de Novembro, 1930",1,caixa alta corrigida
endereco,logradouro,"R. XV DE NOVEMBRO, 1929","Rua Xv de Novembro, 1929",1,caixa alta corrigida
endereco,logradouro,"R. XV DE NOVEMBRO, 1926","Rua Xv de Novembro, 1926",1,caixa alta corrigida
endereco,logradouro,"R. XV DE NOVEMBRO, 1918","Rua Xv de Novembro, 1918",1,caixa alta corrigida
endereco,logradouro,"R. XV DE NOVEMBRO, 1916","Rua Xv de Novembro, 1916",1,caixa alta corrigida
endereco,logradouro,"R. XV DE NOVEMBRO, 1912","Rua Xv de Novembro, 1912",1,caixa alta corrigida
endereco,logradouro,"R. XV DE NOVEMBRO, 1911","Rua Xv de Novembro, 1911",1,caixa alta corrigida
endereco,logradouro,"R. XV DE NOVEMBRO, 1901","Rua Xv de Novembro, 1901",1,caixa alta corrigida
endereco,logradouro,"R. XV DE NOVEMBRO, 1895","Rua Xv de Novembro, 1895",1,caixa alta corrigida
endereco,logradouro,"R. Brasil, 281","Rua Brasil, 281",1,abreviação expandida
endereco,logradouro,"R. Brasil, 2809","Rua Brasil, 2809",1,abreviação expandida
endereco,logradouro,"R. Brasil, 2807","Rua Brasil, 2807",1,abreviação expandida
endereco,logradouro,"R. Brasil, 2806","Rua Brasil, 2806",1,abreviação expandida
endereco,logradouro,"R. Brasil, 2801","Rua Brasil, 2801",1,abreviação expandida
endereco,logradouro,"R. Brasil, 2797","Rua Brasil, 2797",1,abreviação expandida
endereco,logradouro,"R. Brasil, 2780","Rua Brasil, 2780",1,abreviação expandida
endereco,logradouro,"R. Brasil, 2778","Rua Brasil, 2778",1,abreviação expandida
endereco,logradouro,"R. Brasil, 2777","Rua Brasil, 2777",1,abreviação expandida
endereco,logradouro,"R. Brasil, 2774","Rua Brasil, 2774",1,abreviação expandida
endereco,logradouro,"R. XV DE NOVEMBRO, 2101","Rua Xv de Novembro, 2101",1,caixa alta corrigida
endereco,logradouro,"R. XV DE NOVEMBRO, 209","Rua Xv de Novembro, 209",1,caixa alta corrigida
endereco,logradouro,"R. XV DE NOVEMBRO, 2081","Rua Xv de Novembro, 2081",1,caixa alta corrigida
endereco,logradouro,"R. XV DE NOVEMBRO, 2057","Rua Xv de Novembro, 2057",1,caixa alta corrigida
endereco,logradouro,"R. XV DE NOVEMBRO, 2048","Rua Xv de Novembro, 2048",1,caixa alta corrigida
endereco,logradouro,"R. XV DE NOVEMBRO, 2032","Rua Xv de Novembro, 2032",1,caixa alta corrigida
endereco,logradouro,"R. XV DE NOVEMBRO, 2333","Rua Xv de Novembro, 2333",1,caixa alta corrigida
endereco,logradouro,"R. XV DE NOVEMBRO, 232","Rua Xv de Novembro, 232",1,caixa alta corrigida
endereco,logradouro,"R. XV DE NOVEMBRO, 2292","Rua Xv de Novembro, 2292",1,caixa alta corrigida
endereco,logradouro,"R. XV DE NOVEMBRO, 2275","Rua Xv de Novembro, 2275",1,caixa alta corrigida
endereco,logradouro,"R. XV DE NOVEMBRO, 2235","Rua Xv de Novembro, 2235",1,caixa alta corrigida
endereco,logradouro,"R. XV DE NOVEMBRO, 2213","Rua Xv de Novembro, 2213",1,caixa alta corrigida
endereco,logradouro,"R. XV DE NOVEMBRO, 2181","Rua Xv de Novembro, 2181",1,caixa alta corrigida
endereco,logradouro,"R. XV DE NOVEMBRO, 2179","Rua Xv de Novembro, 2179",1,caixa alta corrigida
endereco,logradouro,"R. XV DE NOVEMBRO, 2175","Rua Xv de Novembro, 2175",1,caixa alta corrigida
endereco,logradouro,"R. XV DE NOVEMBRO, 2165","Rua Xv de Novembro, 2165",1,caixa alta corrigida
endereco,logradouro,"R. XV DE NOVEMBRO, 216","Rua Xv de Novembro, 216",1,caixa alta corrigida
endereco,logradouro,"R. XV DE NOVEMBRO, 2152","Rua Xv de Novembro, 2152",1,caixa alta corrigida
endereco,logradouro,"R. XV DE NOVEMBRO, 2147","Rua Xv de Novembro, 2147",1,caixa alta corrigida
endereco,logradouro,"R. XV DE NOVEMBRO, 2146","Rua Xv de Novembro, 2146",1,caixa alta corrigida
endereco,logradouro,"R. XV DE NOVEMBRO, 2144","Rua Xv de Novembro, 2144",1,caixa alta corrigida
endereco,logradouro,"R. Brasil, 2810","Rua Brasil, 2810",1,abreviação expandida
endereco,logradouro,"R. XV DE NOVEMBRO, 257","Rua Xv de Novembro, 257",1,caixa alta corrigida
endereco,logradouro,"R. XV DE NOVEMBRO, 2545","Rua Xv de Novembro, 2545",1,caixa alta corrigida
endereco,logradouro,"R. XV DE NOVEMBRO, 254","Rua Xv de Novembro, 254",1,caixa alta corrigida
endereco,logradouro,"R. XV DE NOVEMBRO, 2516","Rua Xv de Novembro, 2516",1,caixa alta corrigida
endereco,logradouro,"R. XV DE NOVEMBRO, 2505","Rua Xv de Novembro, 2505",1,caixa alta corrigida
endereco,logradouro,"R. XV DE NOVEMBRO, 2487","Rua Xv de Novembro, 2487",1,caixa alta corrigida
endereco,logradouro,"R. XV DE NOVEMBRO, 2479","Rua Xv de Novembro, 2479",1,caixa alta corrigida
endereco,logradouro,"R. XV DE NOVEMBRO, 2453","Rua Xv de Novembro, 2453",1,caixa alta corrigida
endereco,logradouro,"R. XV DE NOVEMBRO, 2450","Rua Xv de Novembro, 2450",1,caixa alta corrigida
endereco,logradouro,"R. XV DE NOVEMBRO, 2445","Rua Xv de Novembro, 2445",1,caixa alta corrigida
endereco,logradouro,"R. XV DE NOVEMBRO, 2441","Rua Xv de Novembro, 2441",1,caixa alta corrigida
endereco,logradouro,"R. XV DE NOVEMBRO, 2398","Rua Xv de Novembro, 2398",1,caixa alta corrigida
endereco,logradouro,"R. XV DE NOVEMBRO, 2397","Rua Xv de Novembro, 2397",1,caixa alta corrigida
endereco,logradouro,"R. XV DE NOVEMBRO, 2363","Rua Xv de Novembro, 2363",1,caixa alta corrigida
endereco,logradouro,"R. XV DE NOVEMBRO, 236","Rua Xv de Novembro, 236",1,caixa alta corrigida
endereco,logradouro,"R. XV DE NOVEMBRO, 2355","Rua Xv de Novembro, 2355",1,caixa alta corrigida
endereco,logradouro,"R. XV DE NOVEMBRO, 2812","Rua Xv de Novembro, 2812",1,caixa alta corrigida
endereco,logradouro,"R. XV DE NOVEMBRO, 2795","Rua Xv de Novembro, 2795",1,caixa alta corrigida
endereco,logradouro,"R. XV DE NOVEMBRO, 2781","Rua Xv de Novembro, 2781",1,caixa alta corrigida
endereco,logradouro,"R. XV DE NOVEMBRO, 2767","Rua Xv de Novembro, 2767",1,caixa alta corrigida
endereco,logradouro,"R. XV DE NOVEMBRO, 2749","Rua Xv de Novembro, 2749",1,caixa alta corrigida
endereco,logradouro,"R. XV DE NOVEMBRO, 2728","Rua Xv de Novembro, 2728",1,caixa alta corrigida
endereco,logradouro,"R. XV DE NOVEMBRO, 2726","Rua Xv de Novembro, 2726",1,caixa alta corrigida
endereco,logradouro,"R. XV DE NOVEMBRO, 2709","Rua Xv de Novembro, 2709",1,caixa alta corrigida
endereco,logradouro,"R. XV DE NOVEMBRO, 2683","Rua Xv de Novembro, 2683",1,caixa alta corrigida
endereco,logradouro,"R. XV DE NOVEMBRO, 266","Rua Xv de Novembro, 266",1,caixa alta corrigida
endereco,logradouro,"R. XV DE NOVEMBRO, 2643","Rua Xv de Novembro, 2643",1,caixa alta corrigida
endereco,logradouro,"R. XV DE NOVEMBRO, 2630","Rua Xv de Novembro, 2630",1,caixa alta corrigida
endereco,logradouro,"R. XV DE NOVEMBRO, 2629","Rua Xv de Novembro, 2629",1,caixa alta corrigida
endereco,logradouro,"R. XV DE NOVEMBRO, 2623","Rua Xv de Novembro, 2623",1,caixa alta corrigida
endereco,logradouro,"R. XV DE NOVEMBRO, 2615","Rua Xv de Novembro, 2615",1,caixa alta corrigida
endereco,logradouro,"R. XV DE NOVEMBRO, 2589","Rua Xv de Novembro, 2589",1,caixa alta corrigida
endereco,logradouro,"R. XV DE NOVEMBRO, 3056","Rua Xv de Novembro, 3056",1,caixa alta corrigida
endereco,logradouro,"R. XV DE NOVEMBRO, 3046","Rua Xv de Novembro, 3046",1,caixa alta corrigida
endereco,logradouro,"R. XV DE NOVEMBRO, 3035","Rua Xv de Novembro, 3035",1,caixa alta corrigida
endereco,logradouro,"R. XV DE NOVEMBRO, 301","Rua Xv de Novembro, 301",1,caixa alta corrigida
endereco,logradouro,"R. XV DE NOVEMBRO, 2965","Rua Xv de Novembro, 2965",1,caixa alta corrigida
endereco,logradouro,"R. XV DE NOVEMBRO, 2947","Rua Xv de Novembro, 2947",1,caixa alta corrigida
endereco,logradouro,"R. XV DE NOVEMBRO, 2927","Rua Xv de Novembro, 2927",1,caixa alta corrigida
endereco,logradouro,"R. XV DE NOVEMBRO, 2913","Rua Xv de Novembro, 2913",1,caixa alta corrigida
endereco,logradouro,"R. XV DE NOVEMBRO, 2911","Rua Xv de Novembro, 2911",1,caixa alta corrigida
endereco,logradouro,"R. XV DE NOVEMBRO, 2844","Rua Xv de Novembro, 2844",1,caixa alta corrigida
endereco,logradouro,"R. XV DE NOVEMBRO, 2842","Rua Xv de Novembro, 2842",1,caixa alta corrigida
endereco,logradouro,"R. XV DE NOVEMBRO, 2841","Rua Xv de Novembro, 2841",1,caixa alta corrigida
endereco,logradouro,"R. XV DE NOVEMBRO, 2835","Rua Xv de Novembro, 2835",1,caixa alta corrigida
endereco,logradouro,"R. XV DE NOVEMBRO, 2826","Rua Xv de Novembro, 2826",1,caixa alta corrigida
endereco,logradouro,"R. XV DE NOVEMBRO, 2822","Rua Xv de Novembro, 2822",1,caixa alta corrigida
endereco,logradouro,"R. XV DE NOVEMBRO, 2819","Rua Xv de Novembro, 2819",1,caixa alta corrigida
endereco,logradouro,"R. XV DE NOVEMBRO, 3237","Rua Xv de Novembro, 3237",1,caixa alta corrigida
endereco,logradouro,"R. XV DE NOVEMBRO, 3221","Rua Xv de Novembro, 3221",1,caixa alta corrigida
endereco,logradouro,"R. XV DE NOVEMBRO, 3205","Rua Xv de Novembro, 3205",1,caixa alta corrigida
endereco,logradouro,"R. XV DE NOVEMBRO, 3158","Rua Xv de Novembro, 3158",1,caixa alta corrigida
endereco,logradouro,"R. XV DE NOVEMBRO, 3143","Rua Xv de Novembro, 3143",1,caixa alta corrigida
endereco,logradouro,"R. XV DE NOVEMBRO, 3122","Rua Xv de Novembro, 3122",1,caixa alta corrigida
endereco,logradouro,"R. XV DE NOVEMBRO, 3113","Rua Xv de Novembro, 3113",1,caixa alta corrigida
endereco,logradouro,"R. XV DE NOVEMBRO, 311","Rua Xv de Novembro, 311",1,caixa alta corrigida
endereco,logradouro,"R. XV DE NOVEMBRO, 3104","Rua Xv de Novembro, 3104",1,caixa alta corrigida
endereco,logradouro,"R. XV DE NOVEMBRO, 3098","Rua Xv de Novembro, 3098",1,caixa alta corrigida
endereco,logradouro,"R. XV DE NOVEMBRO, 3096","Rua Xv de Novembro, 3096",1,caixa alta corrigida
endereco,logradouro,"R. XV DE NOVEMBRO, 3091","Rua Xv de Novembro, 3091",1,caixa alta corrigida
endereco,logradouro,"R. XV DE NOVEMBRO, 3069","Rua Xv de Novembro, 3069",1,caixa alta corrigida
endereco,logradouro,"R. XV DE NOVEMBRO, 3065","Rua Xv de Novembro, 3065",1,caixa alta corrigida
endereco,logradouro,"R. XV DE NOVEMBRO, 3064","Rua Xv de Novembro, 3064",1,caixa alta corrigida
endereco,logradouro,"R. XV DE NOVEMBRO, 3060","Rua Xv de Novembro, 3060",1,caixa alta corrigida
endereco,logradouro,"R. XV DE NOVEMBRO, 3386","Rua Xv de Novembro, 3386",1,caixa alta corrigida
endereco,logradouro,"R. XV DE NOVEMBRO, 3363","Rua Xv de Novembro, 3363",1,caixa alta corrigida
endereco,logradouro,"R. XV DE NOVEMBRO, 3362","Rua Xv de Novembro, 3362",1,caixa alta corrigida
endereco,logradouro,"R. XV DE NOVEMBRO, 3360","Rua Xv de Novembro, 3360",1,caixa alta corrigida
endereco,logradouro,"R. XV DE NOVEMBRO, 3354","Rua Xv de Novembro, 3354",1,caixa alta corrigida
endereco,logradouro,"R. XV DE NOVEMBRO, 3349","Rua Xv de Novembro, 3349",1,caixa alta corrigida
endereco,logradouro,"R. XV DE NOVEMBRO, 332","Rua Xv de Novembro, 332",1,caixa alta corrigida
endereco,logradouro,"R. XV DE NOVEMBRO, 3318","Rua Xv de Novembro, 3318",1,caixa alta corrigida
endereco,logradouro,"R. XV DE NOVEMBRO, 3310","Rua Xv de Novembro, 3310",1,caixa alta corrigida
endereco,logradouro,"R. XV DE NOVEMBRO, 3302","Rua Xv de Novembro, 3302",1,caixa alta corrigida
endereco,logradouro,"R. XV DE NOVEMBRO, 3285","Rua Xv de Novembro, 3285",1,caixa alta corrigida
endereco,logradouro,"R. XV DE NOVEMBRO, 3271","Rua Xv de Novembro, 3271",1,caixa alta corrigida
endereco,logradouro,"R. XV DE NOVEMBRO, 3263","Rua Xv de Novembro, 3263",1,caixa alta corrigida
endereco,logradouro,"R. XV DE NOVEMBRO, 3251","Rua Xv de Novembro, 3251",1,caixa alta corrigida
endereco,logradouro,"R. XV DE NOVEMBRO, 3250","Rua Xv de Novembro, 3250",1,caixa alta corrigida
endereco,logradouro,"R. XV DE NOVEMBRO, 3240","Rua Xv de Novembro, 3240",1,caixa alta corrigida
endereco,logradouro,"R. XV DE NOVEMBRO, 3583","Rua Xv de Novembro, 3583",1,caixa alta corrigida
endereco,logradouro,"R. XV DE NOVEMBRO, 3548","Rua Xv de Novembro, 3548",1,caixa alta corrigida
endereco,logradouro,"R. XV DE NOVEMBRO, 3544","Rua Xv de Novembro, 3544",1,caixa alta corrigida
endereco,logradouro,"R. XV DE NOVEMBRO, 3535","Rua Xv de Novembro, 3535",1,caixa alta corrigida
endereco,logradouro,"R. XV DE NOVEMBRO, 3525","Rua Xv de Novembro, 3525",1,caixa alta corrigida
endereco,logradouro,"R. XV DE NOVEMBRO, 3521","Rua Xv de Novembro, 3521",1,caixa alta corrigida
endereco,logradouro,"R. XV DE NOVEMBRO, 3509","Rua Xv de Novembro, 3509",1,caixa alta corrigida
endereco,logradouro,"R. XV DE NOVEMBRO, 3505","Rua Xv de Novembro, 3505",1,caixa alta corrigida
endereco,logradouro,"R. XV DE NOVEMBRO, 3501","Rua Xv de Novembro, 3501",1,caixa alta corrigida
endereco,logradouro,"R. XV DE NOVEMBRO, 3500","Rua Xv de Novembro, 3500",1,caixa alta corrigida
endereco,logradouro,"R. XV DE NOVEMBRO, 3468","Rua Xv de Novembro, 3468",1,caixa alta corrigida
endereco,logradouro,"R. XV DE NOVEMBRO, 3453","Rua Xv de Novembro, 3453",1,caixa alta corrigida
endereco,logradouro,"R. XV DE NOVEMBRO, 3437","Rua Xv de Novembro, 3437",1,caixa alta corrigida
endereco,logradouro,"R. XV DE NOVEMBRO, 3434","Rua Xv de Novembro, 3434",1,caixa alta corrigida
endereco,logradouro,"R. XV DE NOVEMBRO, 3421","Rua Xv de Novembro, 3421",1,caixa alta corrigida
endereco,logradouro,"R. XV DE NOVEMBRO, 3408","Rua Xv de Novembro, 3408",1,caixa alta corrigida
endereco,logradouro,"R. XV DE NOVEMBRO, 3829","Rua Xv de Novembro, 3829",1,caixa alta corrigida
endereco,logradouro,"R. XV DE NOVEMBRO, 3807","Rua Xv de Novembro, 3807",1,caixa alta corrigida
endereco,logradouro,"R. XV DE NOVEMBRO, 3800","Rua Xv de Novembro, 3800",1,caixa alta corrigida
endereco,logradouro,"R. XV DE NOVEMBRO, 3757","Rua Xv de Novembro, 3757",1,caixa alta corrigida
endereco,logradouro,"R. XV DE NOVEMBRO, 3752","Rua Xv de Novembro, 3752",1,caixa alta corrigida
endereco,logradouro,"R. XV DE NOVEMBRO, 3751","Rua Xv de Novembro, 3751",1,caixa alta corrigida
endereco,logradouro,"R. XV DE NOVEMBRO, 3743","Rua Xv de Novembro, 3743",1,caixa alta corrigida
endereco,logradouro,"R. XV DE NOVEMBRO, 3683","Rua Xv de Novembro, 3683",1,caixa alta corrigida
endereco,logradouro,"R. XV DE NOVEMBRO, 3655","Rua Xv de Novembro, 3655",1,caixa alta corrigida
endereco,logradouro,"R. XV DE NOVEMBRO, 3638","Rua Xv de Novembro, 3638",1,caixa alta corrigida
endereco,logradouro,"R. XV DE NOVEMBRO, 3630","Rua Xv de Novembro, 3630",1,caixa alta corrigida
endereco,logradouro,"R. XV DE NOVEMBRO, 3628","Rua Xv de Novembro, 3628",1,caixa alta corrigida
endereco,logradouro,"R. XV DE NOVEMBRO, 3621","Rua Xv de Novembro, 3621",1,caixa alta corrigida
endereco,logradouro,"R. XV DE NOVEMBRO, 3603","Rua Xv de Novembro, 3603",1,caixa alta corrigida
endereco,logradouro,"R. XV DE NOVEMBRO, 3592","Rua Xv de Novembro, 3592",1,caixa alta corrigida
endereco,logradouro,"R. XV DE NOVEMBRO, 3586","Rua Xv de Novembro, 3586",1,caixa alta corrigida
endereco,logradouro,"R. Brasil, 2767","Rua Brasil, 2767",1,abreviação expandida
endereco,logradouro,"R. Brasil, 2766","Rua Brasil, 2766",1,abreviação expandida
endereco,logradouro,"R. Brasil, 2764","Rua Brasil, 2764",1,abreviação expandida
endereco,logradouro,"R. Brasil, 276","Rua Brasil, 276",1,abreviação expandida
endereco,logradouro,"R. Brasil, 2758","Rua Brasil, 2758",1,abreviação expandida
endereco,logradouro,"R. Brasil, 2757","Rua Brasil, 2757",1,abreviação expandida
endereco,logradouro,"R. Brasil, 2753","Rua Brasil, 2753",1,abreviação expandida
endereco,logradouro,"R. Brasil, 2752","Rua Brasil, 2752",1,abreviação expandida
endereco,logradouro,"R. Brasil, 2748","Rua Brasil, 2748",1,abreviação expandida
endereco,logradouro,"R. Brasil, 2743","Rua Brasil, 2743",1,abreviação expandida
endereco,logradouro,"R. XV DE NOVEMBRO, 3859","Rua Xv de Novembro, 3859",1,caixa alta corrigida
endereco,logradouro,"R. XV DE NOVEMBRO, 3858","Rua Xv de Novembro, 3858",1,caixa alta corrigida
endereco,logradouro,"R. XV DE NOVEMBRO, 3852","Rua Xv de Novembro, 3852",1,caixa alta corrigida
endereco,logradouro,"R. XV DE NOVEMBRO, 3848","Rua Xv de Novembro, 3848",1,caixa alta corrigida
endereco,logradouro,"R. XV DE NOVEMBRO, 3843","Rua Xv de Novembro, 3843",1,caixa alta corrigida
endereco,logradouro,"R. XV DE NOVEMBRO, 3842","Rua Xv de Novembro, 3842",1,caixa alta corrigida
endereco,logradouro,"R. XV DE NOVEMBRO, 4035","Rua Xv de Novembro, 4035",1,caixa alta corrigida
endereco,logradouro,"R. XV DE NOVEMBRO, 4026","Rua Xv de Novembro, 4026",1,caixa alta corrigida
endereco,logradouro,"R. XV DE NOVEMBRO, 4012","Rua Xv de Novembro, 4012",1,caixa alta corrigida
endereco,logradouro,"R. XV DE NOVEMBRO, 4010","Rua Xv de Novembro, 4010",1,caixa alta corrigida
endereco,logradouro,"R. XV DE NOVEMBRO, 3975","Rua Xv de Novembro, 3975",1,caixa alta corrigida
endereco,logradouro,"R. XV DE NOVEMBRO, 3969","Rua Xv de Novembro, 3969",1,caixa alta corrigida
endereco,logradouro,"R. XV DE NOVEMBRO, 3961","Rua Xv de Novembro, 3961",1,caixa alta corrigida
endereco,logradouro,"R. XV DE NOVEMBRO, 3959","Rua Xv de Novembro, 3959",1,caixa alta corrigida
endereco,logradouro,"R. XV DE NOVEMBRO, 3941","Rua Xv de Novembro, 3941",1,caixa alta corrigida
endereco,logradouro,"R. XV DE NOVEMBRO, 3917","Rua Xv de Novembro, 3917",1,caixa alta corrigida
endereco,logradouro,"R. XV DE NOVEMBRO, 3910","Rua Xv de Novembro, 3910",1,caixa alta corrigida
endereco,logradouro,"R. XV DE NOVEMBRO, 3906","Rua Xv de Novembro, 3906",1,caixa alta corrigida
endereco,logradouro,"R. XV DE NOVEMBRO, 3901","Rua Xv de Novembro, 3901",1,caixa alta corrigida
endereco,logradouro,"R. XV DE NOVEMBRO, 3885","Rua Xv de Novembro, 3885",1,caixa alta corrigida
endereco,logradouro,"R. XV DE NOVEMBRO, 3869","Rua Xv de Novembro, 3869",1,caixa alta corrigida
endereco,logradouro,"R. Brasil, 2769","Rua Brasil, 2769",1,abreviação expandida
endereco,logradouro,"R. XV DE NOVEMBRO, 4179","Rua Xv de Novembro, 4179",1,caixa alta corrigida
endereco,logradouro,"R. XV DE NOVEMBRO, 4171","Rua Xv de Novembro, 4171",1,caixa alta corrigida
endereco,logradouro,"R. XV DE NOVEMBRO, 4160","Rua Xv de Novembro, 4160",1,caixa alta corrigida
endereco,logradouro,"R. XV DE NOVEMBRO, 4157","Rua Xv de Novembro, 4157",1,caixa alta corrigida
endereco,logradouro,"R. XV DE NOVEMBRO, 415","Rua Xv de Novembro, 415",1,caixa alta corrigida
endereco,logradouro,"R. XV DE NOVEMBRO, 4146","Rua Xv de Novembro, 4146",1,caixa alta corrigida
endereco,logradouro,"R. XV DE NOVEMBRO, 413","Rua Xv de Novembro, 413",1,caixa alta corrigida
endereco,logradouro,"R. XV DE NOVEMBRO, 4121","Rua Xv de Novembro, 4121",1,caixa alta corrigida
endereco,logradouro,"R. XV DE NOVEMBRO, 4119","Rua Xv de Novembro, 4119",1,caixa alta corrigida
endereco,logradouro,"R. XV DE NOVEMBRO, 41","Rua Xv de Novembro, 41",1,caixa alta corrigida
endereco,logradouro,"R. XV DE NOVEMBRO, 4096","Rua Xv de Novembro, 4096",1,caixa alta corrigida
endereco,logradouro,"R. XV DE NOVEMBRO, 4087","Rua Xv de Novembro, 4087",1,caixa alta corrigida
endereco,logradouro,"R. XV DE NOVEMBRO, 4083","Rua Xv de Novembro, 4083",1,caixa alta corrigida
endereco,logradouro,"R. XV DE NOVEMBRO, 4073","Rua Xv de Novembro, 4073",1,caixa alta corrigida
endereco,logradouro,"R. XV DE NOVEMBRO, 4043","Rua Xv de Novembro, 4043",1,caixa alta corrigida
endereco,logradouro,"R. XV DE NOVEMBRO, 4036","Rua Xv de Novembro, 4036",1,caixa alta corrigida
endereco,logradouro,"R. XV DE NOVEMBRO, 4448","Rua Xv de Novembro, 4448",1,caixa alta corrigida
endereco,logradouro,"R. XV DE NOVEMBRO, 444","Rua Xv de Novembro, 444",1,caixa alta corrigida
endereco,logradouro,"R. XV DE NOVEMBRO, 4432","Rua Xv de Novembro, 4432",1,caixa alta corrigida
endereco,logradouro,"R. XV DE NOVEMBRO, 443","Rua Xv de Novembro, 443",1,caixa alta corrigida
endereco,logradouro,"R. XV DE NOVEMBRO, 441","Rua Xv de Novembro, 441",1,caixa alta corrigida
endereco,logradouro,"R. XV DE NOVEMBRO, 4407","Rua Xv de Novembro, 4407",1,caixa alta corrigida
endereco,logradouro,"R. XV DE NOVEMBRO, 440","Rua Xv de Novembro, 440",1,caixa alta corrigida
endereco,logradouro,"R. XV DE NOVEMBRO, 4343","Rua Xv de Novembro, 4343",1,caixa alta corrigida
endereco,logradouro,"R. XV DE NOVEMBRO, 4307","Rua Xv de Novembro, 4307",1,caixa alta corrigida
endereco,logradouro,"R. XV DE NOVEMBRO, 4306","Rua Xv de Novembro, 4306",1,caixa alta corrigida
endereco,logradouro,"R. XV DE NOVEMBRO, 4257","Rua Xv de Novembro, 4257",1,caixa alta corrigida
endereco,logradouro,"R. XV DE NOVEMBRO, 4252","Rua Xv de Novembro, 4252",1,caixa alta corrigida
endereco,logradouro,"R. XV DE NOVEMBRO, 424","Rua Xv de Novembro, 424",1,caixa alta corrigida
endereco,logradouro,"R. XV DE NOVEMBRO, 4214","Rua Xv de Novembro, 4214",1,caixa alta corrigida
endereco,logradouro,"R. XV DE NOVEMBRO, 4209","Rua Xv de Novembro, 4209",1,caixa alta corrigida
endereco,logradouro,"R. XV DE NOVEMBRO, 4202","Rua Xv de Novembro, 4202",1,caixa alta corrigida
endereco,logradouro,"R. XV DE NOVEMBRO, 4587","Rua Xv de Novembro, 4587",1,caixa alta corrigida
endereco,logradouro,"R. XV DE NOVEMBRO, 4585","Rua Xv de Novembro, 4585",1,caixa alta corrigida
endereco,logradouro,"R. XV DE NOVEMBRO, 4581","Rua Xv de Novembro, 4581",1,caixa alta corrigida
endereco,logradouro,"R. XV DE NOVEMBRO, 4580","Rua Xv de Novembro, 4580",1,caixa alta corrigida
endereco,logradouro,"R. XV DE NOVEMBRO, 458","Rua Xv de Novembro, 458",1,caixa alta corrigida
endereco,logradouro,"R. XV DE NOVEMBRO, 4562","Rua Xv de Novembro, 4562",1,caixa alta corrigida
endereco,logradouro,"R. XV DE NOVEMBRO, 4545","Rua Xv de Novembro, 4545",1,caixa alta corrigida
endereco,logradouro,"R. XV DE NOVEMBRO, 4541","Rua Xv de Novembro, 4541",1,caixa alta corrigida
endereco,logradouro,"R. XV DE NOVEMBRO, 452","Rua Xv de Novembro, 452",1,caixa alta corrigida
endereco,logradouro,"R. XV DE NOVEMBRO, 4506","Rua Xv de Novembro, 4506",1,caixa alta corrigida
endereco,logradouro,"R. XV DE NOVEMBRO, 4505","Rua Xv de Novembro, 4505",1,caixa alta corrigida
endereco,logradouro,"R. XV DE NOVEMBRO, 4489","Rua Xv de Novembro, 4489",1,caixa alta corrigida
endereco,logradouro,"R. XV DE NOVEMBRO, 4470","Rua Xv de Novembro, 4470",1,caixa alta corrigida
endereco,logradouro,"R. XV DE NOVEMBRO, 4460","Rua Xv de Novembro, 4460",1,caixa alta corrigida
endereco,logradouro,"R. XV DE NOVEMBRO, 4451","Rua Xv de Novembro, 4451",1,caixa alta corrigida
endereco,logradouro,"R. XV DE NOVEMBRO, 445","Rua Xv de Novembro, 445",1,caixa alta corrigida
endereco,logradouro,"R. XV DE NOVEMBRO, 4807","Rua Xv de Novembro, 4807",1,caixa alta corrigida
endereco,logradouro,"R. XV DE NOVEMBRO, 4797","Rua Xv de Novembro, 4797",1,caixa alta corrigida
endereco,logradouro,"R. XV DE NOVEMBRO, 4780","Rua Xv de Novembro, 4780",1,caixa alta corrigida
endereco,logradouro,"R. XV DE NOVEMBRO, 4778","Rua Xv de Novembro, 4778",1,caixa alta corrigida
endereco,logradouro,"R. XV DE NOVEMBRO, 4760","Rua Xv de Novembro, 4760",1,caixa alta corrigida
endereco,logradouro,"R. XV DE NOVEMBRO, 4747","Rua Xv de Novembro, 4747",1,caixa alta corrigida
endereco,logradouro,"R. XV DE NOVEMBRO, 4741","Rua Xv de Novembro, 4741",1,caixa alta corrigida
endereco,logradouro,"R. XV DE NOVEMBRO, 4711","Rua Xv de Novembro, 4711",1,caixa alta corrigida
endereco,logradouro,"R. XV DE NOVEMBRO, 4696","Rua Xv de Novembro, 4696",1,caixa alta corrigida
endereco,logradouro,"R. XV DE NOVEMBRO, 4643","Rua Xv de Novembro, 4643",1,caixa alta corrigida
endereco,logradouro,"R. XV DE NOVEMBRO, 4624","Rua Xv de Novembro, 4624",1,caixa alta corrigida
endereco,logradouro,"R. XV DE NOVEMBRO, 4617","Rua Xv de Novembro, 4617",1,caixa alta corrigida
endereco,logradouro,"R. XV DE NOVEMBRO, 4607","Rua Xv de Novembro, 4607",1,caixa alta corrigida
endereco,logradouro,"R. XV DE NOVEMBRO, 4601","Rua Xv de Novembro, 4601",1,caixa alta corrigida
endereco,logradouro,"R. XV DE NOVEMBRO, 4595","Rua Xv de Novembro, 4595",1,caixa alta corrigida
endereco,logradouro,"R. XV DE NOVEMBRO, 4588","Rua Xv de Novembro, 4588",1,caixa alta corrigida
endereco,logradouro,"R. XV DE NOVEMBRO, 522","Rua Xv de Novembro, 522",1,caixa alta corrigida
endereco,logradouro,"R. XV DE NOVEMBRO, 4997","Rua Xv de Novembro, 4997",1,caixa alta corrigida
endereco,logradouro,"R. XV DE NOVEMBRO, 4959","Rua Xv de Novembro, 4959",1,caixa alta corrigida
endereco,logradouro,"R. XV DE NOVEMBRO, 4949","Rua Xv de Novembro, 4949",1,caixa alta corrigida
endereco,logradouro,"R. XV DE NOVEMBRO, 4930","Rua Xv de Novembro, 4930",1,caixa alta corrigida
endereco,logradouro,"R. XV DE NOVEMBRO, 4925","Rua Xv de Novembro, 4925",1,caixa alta corrigida
endereco,logradouro,"R. XV DE NOVEMBRO, 4916","Rua Xv de Novembro, 4916",1,caixa alta corrigida
endereco,logradouro,"R. XV DE NOVEMBRO, 4915","Rua Xv de Novembro, 4915",1,caixa alta corrigida
endereco,logradouro,"R. XV DE NOVEMBRO, 4894","Rua Xv de Novembro, 4894",1,caixa alta corrigida
endereco,logradouro,"R. XV DE NOVEMBRO, 4871","Rua Xv de Novembro, 4871",1,caixa alta corrigida
endereco,logradouro,"R. XV DE NOVEMBRO, 4870","Rua Xv de Novembro, 4870",1,caixa alta corrigida
endereco,logradouro,"R. XV DE NOVEMBRO, 4866","Rua Xv de Novembro, 4866",1,caixa alta corrigida
endereco,logradouro,"R. XV DE NOVEMBRO, 4864","Rua Xv de Novembro, 4864",1,caixa alta corrigida
endereco,logradouro,"R. XV DE NOVEMBRO, 4838","Rua Xv de Novembro, 4838",1,caixa alta corrigida
endereco,logradouro,"R. XV DE NOVEMBRO, 4825","Rua Xv de Novembro, 4825",1,caixa alta corrigida
endereco,logradouro,"R. XV DE NOVEMBRO, 4821","Rua Xv de Novembro, 4821",1,caixa alta corrigida
endereco,logradouro,"R. XV DE NOVEMBRO, 709","Rua Xv de Novembro, 709",1,caixa alta corrigida
endereco,logradouro,"R. XV DE NOVEMBRO, 704","Rua Xv de Novembro, 704",1,caixa alta corrigida
endereco,logradouro,"R. XV DE NOVEMBRO, 695","Rua Xv de Novembro, 695",1,caixa alta corrigida
endereco,logradouro,"R. XV DE NOVEMBRO, 688","Rua Xv de Novembro, 688",1,caixa alta corrigida
endereco,logradouro,"R. XV DE NOVEMBRO, 638","Rua Xv de Novembro, 638",1,caixa alta corrigida
endereco,logradouro,"R. XV DE NOVEMBRO, 636","Rua Xv de Novembro, 636",1,caixa alta corrigida
endereco,logradouro,"R. XV DE NOVEMBRO, 634","Rua Xv de Novembro, 634",1,caixa alta corrigida
endereco,logradouro,"R. XV DE NOVEMBRO, 594","Rua Xv de Novembro, 594",1,caixa alta corrigida
endereco,logradouro,"R. XV DE NOVEMBRO, 591","Rua Xv de Novembro, 591",1,caixa alta corrigida
endereco,logradouro,"R. XV DE NOVEMBRO, 584","Rua Xv de Novembro, 584",1,caixa alta corrigida
endereco,logradouro,"R. XV DE NOVEMBRO, 569","Rua Xv de Novembro, 569",1,caixa alta corrigida
endereco,logradouro,"R. XV DE NOVEMBRO, 568","Rua Xv de Novembro, 568",1,caixa alta corrigida
endereco,logradouro,"R. XV DE NOVEMBRO, 558","Rua Xv de Novembro, 558",1,caixa alta corrigida
endereco,logradouro,"R. XV DE NOVEMBRO, 554","Rua Xv de Novembro, 554",1,caixa alta corrigida
endereco,logradouro,"R. XV DE NOVEMBRO, 549","Rua Xv de Novembro, 549",1,caixa alta corrigida
endereco,logradouro,"R. XV DE NOVEMBRO, 538","Rua Xv de Novembro, 538",1,caixa alta corrigida
endereco,logradouro,"R. XV DE NOVEMBRO, 913","Rua Xv de Novembro, 913",1,caixa alta corrigida
endereco,logradouro,"R. XV DE NOVEMBRO, 902","Rua Xv de Novembro, 902",1,caixa alta corrigida
endereco,logradouro,"R. XV DE NOVEMBRO, 88","Rua Xv de Novembro, 88",1,caixa alta corrigida
endereco,logradouro,"R. XV DE NOVEMBRO, 877","Rua Xv de Novembro, 877",1,caixa alta corrigida
endereco,logradouro,"R. XV DE NOVEMBRO, 858","Rua Xv de Novembro, 858",1,caixa alta corrigida
endereco,logradouro,"R. XV DE NOVEMBRO, 849","Rua Xv de Novembro, 849",1,caixa alta corrigida
endereco,logradouro,"R. XV DE NOVEMBRO, 83","Rua Xv de Novembro, 83",1,caixa alta corrigida
endereco,logradouro,"R. XV DE NOVEMBRO, 820","Rua Xv de Novembro, 820",1,caixa alta corrigida
endereco,logradouro,"R. XV DE NOVEMBRO, 817","Rua Xv de Novembro, 817",1,caixa alta corrigida
endereco,logradouro,"R. XV DE NOVEMBRO, 807","Rua Xv de Novembro, 807",1,caixa alta corrigida
endereco,logradouro,"R. XV DE NOVEMBRO, 766","Rua Xv de Novembro, 766",1,caixa alta corrigida
endereco,logradouro,"R. XV DE NOVEMBRO, 76","Rua Xv de Novembro, 76",1,caixa alta corrigida
endereco,logradouro,"R. XV DE NOVEMBRO, 739","Rua Xv de Novembro, 739",1,caixa alta corrigida
endereco,logradouro,"R. XV DE NOVEMBRO, 729","Rua Xv de Novembro, 729",1,caixa alta corrigida
endereco,logradouro,"R. XV DE NOVEMBRO, 724","Rua Xv de Novembro, 724",1,caixa alta corrigida
endereco,logradouro,"R. XV DE NOVEMBRO, 710","Rua Xv de Novembro, 710",1,caixa alta corrigida
endereco,logradouro,"R. XV de Novembro, 1012","Rua Xv de Novembro, 1012",1,abreviação expandida
endereco,logradouro,"R. XV de Novembro, 1010","Rua Xv de Novembro, 1010",1,abreviação expandida
endereco,logradouro,"R. XV de Novembro, 1008","Rua Xv de Novembro, 1008",1,abreviação expandida
endereco,logradouro,"R. XV de Novembro, 1006","Rua Xv de Novembro, 1006",1,abreviação expandida
endereco,logradouro,"R. XV de Novembro, 1003","Rua Xv de Novembro, 1003",1,abreviação expandida
endereco,logradouro,"R. XV de Novembro, 1002","Rua Xv de Novembro, 1002",1,abreviação expandida
endereco,logradouro,"R. XV de Novembro, 1000","Rua Xv de Novembro, 1000",1,abreviação expandida
endereco,logradouro,"R. XV DE NOVEMBRO, 987","Rua Xv de Novembro, 987",1,caixa alta corrigida
endereco,logradouro,"R. XV DE NOVEMBRO, 97","Rua Xv de Novembro, 97",1,caixa alta corrigida
endereco,logradouro,"R. XV DE NOVEMBRO, 942","Rua Xv de Novembro, 942",1,caixa alta corrigida
endereco,logradouro,"R. XV DE NOVEMBRO, 937","Rua Xv de Novembro, 937",1,caixa alta corrigida
endereco,logradouro,"R. XV DE NOVEMBRO, 935","Rua Xv de Novembro, 935",1,caixa alta corrigida
endereco,logradouro,"R. XV DE NOVEMBRO, 932","Rua Xv de Novembro, 932",1,caixa alta corrigida
endereco,logradouro,"R. XV DE NOVEMBRO, 929","Rua Xv de Novembro, 929",1,caixa alta corrigida
endereco,logradouro,"R. XV DE NOVEMBRO, 924","Rua Xv de Novembro, 924",1,caixa alta corrigida
endereco,logradouro,"R. XV DE NOVEMBRO, 917","Rua Xv de Novembro, 917",1,caixa alta corrigida
endereco,logradouro,"R. XV de Novembro, 1061","Rua Xv de Novembro, 1061",1,abreviação expandida
endereco,logradouro,"R. XV de Novembro, 1060","Rua Xv de Novembro, 1060",1,abreviação expandida
endereco,logradouro,"R. XV de Novembro, 1058","Rua Xv de Novembro, 1058",1,abreviação expandida
endereco,logradouro,"R. XV de Novembro, 1053","Rua Xv de Novembro, 1053",1,abreviação expandida
endereco,logradouro,"R. XV de Novembro, 105","Rua Xv de Novembro, 105",1,abreviação expandida
endereco,logradouro,"R. XV de Novembro, 1046","Rua Xv de Novembro, 1046",1,abreviação expandida
endereco,logradouro,"R. XV de Novembro, 1040","Rua Xv de Novembro, 1040",1,abreviação expandida
endereco,logradouro,"R. XV de Novembro, 1039","Rua Xv de Novembro, 1039",1,abreviação expandida
endereco,logradouro,"R. XV de Novembro, 1038","Rua Xv de Novembro, 1038",1,abreviação expandida
endereco,logradouro,"R. XV de Novembro, 1037","Rua Xv de Novembro, 1037",1,abreviação expandida
endereco,logradouro,"R. XV de Novembro, 1033","Rua Xv de Novembro, 1033",1,abreviação expandida
endereco,logradouro,"R. XV de Novembro, 1029","Rua Xv de Novembro, 1029",1,abreviação expandida
endereco,logradouro,"R. XV de Novembro, 1027","Rua Xv de Novembro, 1027",1,abreviação expandida
endereco,logradouro,"R. XV de Novembro, 1026","Rua Xv de Novembro, 1026",1,abreviação expandida
endereco,logradouro,"R. XV de Novembro, 1024","Rua Xv de Novembro, 1024",1,abreviação expandida
endereco,logradouro,"R. XV de Novembro, 1022","Rua Xv de Novembro, 1022",1,abreviação expandida
endereco,logradouro,"R. Brasil, 2734","Rua Brasil, 2734",1,abreviação expandida
endereco,logradouro,"R. Brasil, 273","Rua Brasil, 273",1,abreviação expandida
endereco,logradouro,"R. Brasil, 2725","Rua Brasil, 2725",1,abreviação expandida
endereco,logradouro,"R. Brasil, 2724","Rua Brasil, 2724",1,abreviação expandida
endereco,logradouro,"R. Brasil, 2723","Rua Brasil, 2723",1,abreviação expandida
endereco,logradouro,"R. Brasil, 2721","Rua Brasil, 2721",1,abreviação expandida
endereco,logradouro,"R. Brasil, 272","Rua Brasil, 272",1,abreviação expandida
endereco,logradouro,"R. Brasil, 2718","Rua Brasil, 2718",1,abreviação expandida
endereco,logradouro,"R. Brasil, 2714","Rua Brasil, 2714",1,abreviação expandida
endereco,logradouro,"R. Brasil, 2710","Rua Brasil, 2710",1,abreviação expandida
endereco,logradouro,"R. Brasil, 2709","Rua Brasil, 2709",1,abreviação expandida
endereco,logradouro,"R. XV de Novembro, 1079","Rua Xv de Novembro, 1079",1,abreviação expandida
endereco,logradouro,"R. XV de Novembro, 1078","Rua Xv de Novembro, 1078",1,abreviação expandida
endereco,logradouro,"R. XV de Novembro, 1077","Rua Xv de Novembro, 1077",1,abreviação expandida
endereco,logradouro,"R. XV de Novembro, 1069","Rua Xv de Novembro, 1069",1,abreviação expandida
endereco,logradouro,"R. XV de Novembro, 1063","Rua Xv de Novembro, 1063",1,abreviação expandida
endereco,logradouro,"R. XV de Novembro, 1118","Rua Xv de Novembro, 1118",1,abreviação expandida
endereco,logradouro,"R. XV de Novembro, 1117","Rua Xv de Novembro, 1117",1,abreviação expandida
endereco,logradouro,"R. XV de Novembro, 1114","Rua Xv de Novembro, 1114",1,abreviação expandida
endereco,logradouro,"R. XV de Novembro, 1111","Rua Xv de Novembro, 1111",1,abreviação expandida
endereco,logradouro,"R. XV de Novembro, 1107","Rua Xv de Novembro, 1107",1,abreviação expandida
endereco,logradouro,"R. XV de Novembro, 1106","Rua Xv de Novembro, 1106",1,abreviação expandida
endereco,logradouro,"R. XV de Novembro, 1101","Rua Xv de Novembro, 1101",1,abreviação expandida
endereco,logradouro,"R. XV de Novembro, 110","Rua Xv de Novembro, 110",1,abreviação expandida
endereco,logradouro,"R. XV de Novembro, 1098","Rua Xv de Novembro, 1098",1,abreviação expandida
endereco,logradouro,"R. XV de Novembro, 1097","Rua Xv de Novembro, 1097",1,abreviação expandida
endereco,logradouro,"R. XV de Novembro, 1093","Rua Xv de Novembro, 1093",1,abreviação expandida
endereco,logradouro,"R. XV de Novembro, 1090","Rua Xv de Novembro, 1090",1,abreviação expandida
endereco,logradouro,"R. XV de Novembro, 109","Rua Xv de Novembro, 109",1,abreviação expandida
endereco,logradouro,"R. XV de Novembro, 1081","Rua Xv de Novembro, 1081",1,abreviação expandida
endereco,logradouro,"R. Brasil, 274","Rua Brasil, 274",1,abreviação expandida
endereco,logradouro,"R. Brasil, 2739","Rua Brasil, 2739",1,abreviação expandida
endereco,logradouro,"R. XV de Novembro, 1182","Rua Xv de Novembro, 1182",1,abreviação expandida
endereco,logradouro,"R. XV de Novembro, 1177","Rua Xv de Novembro, 1177",1,abreviação expandida
endereco,logradouro,"R. XV de Novembro, 1173","Rua Xv de Novembro, 1173",1,abreviação expandida
endereco,logradouro,"R. XV de Novembro, 1172","Rua Xv de Novembro, 1172",1,abreviação expandida
endereco,logradouro,"R. XV de Novembro, 1171","Rua Xv de Novembro, 1171",1,abreviação expandida
endereco,logradouro,"R. XV de Novembro, 1168","Rua Xv de Novembro, 1168",1,abreviação expandida
endereco,logradouro,"R. XV de Novembro, 1161","Rua Xv de Novembro, 1161",1,abreviação expandida
endereco,logradouro,"R. XV de Novembro, 1160","Rua Xv de Novembro, 1160",1,abreviação expandida
endereco,logradouro,"R. XV de Novembro, 115","Rua Xv de Novembro, 115",1,abreviação expandida
endereco,logradouro,"R. XV de Novembro, 1148","Rua Xv de Novembro, 1148",1,abreviação expandida
endereco,logradouro,"R. XV de Novembro, 1145","Rua Xv de Novembro, 1145",1,abreviação expandida
endereco,logradouro,"R. XV de Novembro, 1142","Rua Xv de Novembro, 1142",1,abreviação expandida
endereco,logradouro,"R. XV de Novembro, 1136","Rua Xv de Novembro, 1136",1,abreviação expandida
endereco,logradouro,"R. XV de Novembro, 1133","Rua Xv de Novembro, 1133",1,abreviação expandida
endereco,logradouro,"R. XV de Novembro, 1127","Rua Xv de Novembro, 1127",1,abreviação expandida
endereco,logradouro,"R. XV de Novembro, 112","Rua Xv de Novembro, 112",1,abreviação expandida
endereco,logradouro,"R. XV de Novembro, 1232","Rua Xv de Novembro, 1232",1,abreviação expandida
endereco,logradouro,"R. XV de Novembro, 1228","Rua Xv de Novembro, 1228",1,abreviação expandida
endereco,logradouro,"R. XV de Novembro, 1223","Rua Xv de Novembro, 1223",1,abreviação expandida
endereco,logradouro,"R. XV de Novembro, 1219","Rua Xv de Novembro, 1219",1,abreviação expandida
endereco,logradouro,"R. XV de Novembro, 1218","Rua Xv de Novembro, 1218",1,abreviação expandida
endereco,logradouro,"R. XV de Novembro, 1211","Rua Xv de Novembro, 1211",1,abreviação expandida
endereco,logradouro,"R. XV de Novembro, 121","Rua Xv de Novembro, 121",1,abreviação expandida
endereco,logradouro,"R. XV de Novembro, 1203","Rua Xv de Novembro, 1203",1,abreviação expandida
endereco,logradouro,"R. XV de Novembro, 1202","Rua Xv de Novembro, 1202",1,abreviação expandida
endereco,logradouro,"R. XV de Novembro, 120","Rua Xv de Novembro, 120",1,abreviação expandida
endereco,logradouro,"R. XV de Novembro, 1197","Rua Xv de Novembro, 1197",1,abreviação expandida
endereco,logradouro,"R. XV de Novembro, 1196","Rua Xv de Novembro, 1196",1,abreviação expandida
endereco,logradouro,"R. XV de Novembro, 1193","Rua Xv de Novembro, 1193",1,abreviação expandida
endereco,logradouro,"R. XV de Novembro, 1191","Rua Xv de Novembro, 1191",1,abreviação expandida
endereco,logradouro,"R. XV de Novembro, 1184","Rua Xv de Novembro, 1184",1,abreviação expandida
endereco,logradouro,"R. XV de Novembro, 1183","Rua Xv de Novembro, 1183",1,abreviação expandida
endereco,logradouro,"R. XV de Novembro, 1280","Rua Xv de Novembro, 1280",1,abreviação expandida
endereco,logradouro,"R. XV de Novembro, 1279","Rua Xv de Novembro, 1279",1,abreviação expandida
endereco,logradouro,"R. XV de Novembro, 1277","Rua Xv de Novembro, 1277",1,abreviação expandida
endereco,logradouro,"R. XV de Novembro, 1273","Rua Xv de Novembro, 1273",1,abreviação expandida
endereco,logradouro,"R. XV de Novembro, 1272","Rua Xv de Novembro, 1272",1,abreviação expandida
endereco,logradouro,"R. XV de Novembro, 1260","Rua Xv de Novembro, 1260",1,abreviação expandida
endereco,logradouro,"R. XV de Novembro, 126","Rua Xv de Novembro, 126",1,abreviação expandida
endereco,logradouro,"R. XV de Novembro, 1259","Rua Xv de Novembro, 1259",1,abreviação expandida
endereco,logradouro,"R. XV de Novembro, 1258","Rua Xv de Novembro, 1258",1,abreviação expandida
endereco,logradouro,"R. XV de Novembro, 1253","Rua Xv de Novembro, 1253",1,abreviação expandida
endereco,logradouro,"R. XV de Novembro, 1250","Rua Xv de Novembro, 1250",1,abreviação expandida
endereco,logradouro,"R. XV de Novembro, 1249","Rua Xv de Novembro, 1249",1,abreviação expandida
endereco,logradouro,"R. XV de Novembro, 1246","Rua Xv de Novembro, 1246",1,abreviação expandida
endereco,logradouro,"R. XV de Novembro, 1242","Rua Xv de Novembro, 1242",1,abreviação expandida
endereco,logradouro,"R. XV de Novembro, 124","Rua Xv de Novembro, 124",1,abreviação expandida
endereco,logradouro,"R. XV de Novembro, 1235","Rua Xv de Novembro, 1235",1,abreviação expandida
endereco,logradouro,"R. Brasil, 2702","Rua Brasil, 2702",1,abreviação expandida
endereco,logradouro,"R. Brasil, 2701","Rua Brasil, 2701",1,abreviação expandida
endereco,logradouro,"R. Brasil, 2698","Rua Brasil, 2698",1,abreviação expandida
endereco,logradouro,"R. Brasil, 2697","Rua Brasil, 2697",1,abreviação expandida
endereco,logradouro,"R. Brasil, 268","Rua Brasil, 268",1,abreviação expandida
endereco,logradouro,"R. Brasil, 2678","Rua Brasil, 2678",1,abreviação expandida
endereco,logradouro,"R. Brasil, 2676","Rua Brasil, 2676",1,abreviação expandida
endereco,logradouro,"R. Brasil, 2673","Rua Brasil, 2673",1,abreviação expandida
endereco,logradouro,"R. Brasil, 2672","Rua Brasil, 2672",1,abreviação expandida
endereco,logradouro,"R. Brasil, 2669","Rua Brasil, 2669",1,abreviação expandida
endereco,logradouro,"R. Brasil, 2667","Rua Brasil, 2667",1,abreviação expandida
endereco,logradouro,"R. Brasil, 2666","Rua Brasil, 2666",1,abreviação expandida
endereco,logradouro,"R. Brasil, 2660","Rua Brasil, 2660",1,abreviação expandida
endereco,logradouro,"R. XV de Novembro, 1286","Rua Xv de Novembro, 1286",1,abreviação expandida
endereco,logradouro,"R. XV de Novembro, 1285","Rua Xv de Novembro, 1285",1,abreviação expandida
endereco,logradouro,"R. XV de Novembro, 1284","Rua Xv de Novembro, 1284",1,abreviação expandida
endereco,logradouro,"R. XV de Novembro, 1322","Rua Xv de Novembro, 1322",1,abreviação expandida
endereco,logradouro,"R. XV de Novembro, 132","Rua Xv de Novembro, 132",1,abreviação expandida
endereco,logradouro,"R. XV de Novembro, 1319","Rua Xv de Novembro, 1319",1,abreviação expandida
endereco,logradouro,"R. XV de Novembro, 1318","Rua Xv de Novembro, 1318",1,abreviação expandida
endereco,logradouro,"R. XV de Novembro, 1315","Rua Xv de Novembro, 1315",1,abreviação expandida
endereco,logradouro,"R. XV de Novembro, 1311","Rua Xv de Novembro, 1311",1,abreviação expandida
endereco,logradouro,"R. XV de Novembro, 1308","Rua Xv de Novembro, 1308",1,abreviação expandida
endereco,logradouro,"R. XV de Novembro, 1305","Rua Xv de Novembro, 1305",1,abreviação expandida
endereco,logradouro,"R. XV de Novembro, 1304","Rua Xv de Novembro, 1304",1,abreviação expandida
endereco,logradouro,"R. XV de Novembro, 1299","Rua Xv de Novembro, 1299",1,abreviação expandida
endereco,logradouro,"R. XV de Novembro, 1296","Rua Xv de Novembro, 1296",1,abreviação expandida
endereco,logradouro,"R. XV de Novembro, 1294","Rua Xv de Novembro, 1294",1,abreviação expandida
endereco,logradouro,"R. XV de Novembro, 1293","Rua Xv de Novembro, 1293",1,abreviação expandida
endereco,logradouro,"R. XV de Novembro, 1290","Rua Xv de Novembro, 1290",1,abreviação expandida
endereco,logradouro,"R. XV de Novembro, 1289","Rua Xv de Novembro, 1289",1,abreviação expandida
endereco,logradouro,"R. Brasil, 2704","Rua Brasil, 2704",1,abreviação expandida
endereco,logradouro,"R. XV de Novembro, 1354","Rua Xv de Novembro, 1354",1,abreviação expandida
endereco,logradouro,"R. XV de Novembro, 1348","Rua Xv de Novembro, 1348",1,abreviação expandida
endereco,logradouro,"R. XV de Novembro, 1345","Rua Xv de Novembro, 1345",1,abreviação expandida
endereco,logradouro,"R. XV de Novembro, 1343","Rua Xv de Novembro, 1343",1,abreviação expandida
endereco,logradouro,"R. XV de Novembro, 1340","Rua Xv de Novembro, 1340",1,abreviação expandida
endereco,logradouro,"R. XV de Novembro, 134","Rua Xv de Novembro, 134",1,abreviação expandida
endereco,logradouro,"R. XV de Novembro, 1339","Rua Xv de Novembro, 1339",1,abreviação expandida
endereco,logradouro,"R. XV de Novembro, 1336","Rua Xv de Novembro, 1336",1,abreviação expandida
endereco,logradouro,"R. XV de Novembro, 1334","Rua Xv de Novembro, 1334",1,abreviação expandida
endereco,logradouro,"R. XV de Novembro, 1333","Rua Xv de Novembro, 1333",1,abreviação expandida
endereco,logradouro,"R. XV de Novembro, 1331","Rua Xv de Novembro, 1331",1,abreviação expandida
endereco,logradouro,"R. XV de Novembro, 1328","Rua Xv de Novembro, 1328",1,abreviação expandida
endereco,logradouro,"R. XV de Novembro, 1327","Rua Xv de Novembro, 1327",1,abreviação expandida
endereco,logradouro,"R. XV de Novembro, 1326","Rua Xv de Novembro, 1326",1,abreviação expandida
endereco,logradouro,"R. XV de Novembro, 1324","Rua Xv de Novembro, 1324",1,abreviação expandida
endereco,logradouro,"R. XV de Novembro, 1323","Rua Xv de Novembro, 1323",1,abreviação expandida
endereco,logradouro,"R. XV de Novembro, 1405","Rua Xv de Novembro, 1405",1,abreviação expandida
endereco,logradouro,"R. XV de Novembro, 1403","Rua Xv de Novembro, 1403",1,abreviação expandida
endereco,logradouro,"R. XV de Novembro, 1400","Rua Xv de Novembro, 1400",1,abreviação expandida
endereco,logradouro,"R. XV de Novembro, 1397","Rua Xv de Novembro, 1397",1,abreviação expandida
endereco,logradouro,"R. XV de Novembro, 1392","Rua Xv de Novembro, 1392",1,abreviação expandida
endereco,logradouro,"R. XV de Novembro, 139","Rua Xv de Novembro, 139",1,abreviação expandida
endereco,logradouro,"R. XV de Novembro, 1389","Rua Xv de Novembro, 1389",1,abreviação expandida
endereco,logradouro,"R. XV de Novembro, 1386","Rua Xv de Novembro, 1386",1,abreviação expandida
endereco,logradouro,"R. XV de Novembro, 1384","Rua Xv de Novembro, 1384",1,abreviação expandida
endereco,logradouro,"R. XV de Novembro, 1379","Rua Xv de Novembro, 1379",1,abreviação expandida
endereco,logradouro,"R. XV de Novembro, 1375","Rua Xv de Novembro, 1375",1,abreviação expandida
endereco,logradouro,"R. XV de Novembro, 1374","Rua Xv de Novembro, 1374",1,abreviação expandida
endereco,logradouro,"R. XV de Novembro, 1369","Rua Xv de Novembro, 1369",1,abreviação expandida
endereco,logradouro,"R. XV de Novembro, 1366","Rua Xv de Novembro, 1366",1,abreviação expandida
endereco,logradouro,"R. XV de Novembro, 1358","Rua Xv de Novembro, 1358",1,abreviação expandida
endereco,logradouro,"R. XV de Novembro, 1356","Rua Xv de Novembro, 1356",1,abreviação expandida
endereco,logradouro,"R. Brasil, 2654","Rua Brasil, 2654",1,abreviação expandida
endereco,logradouro,"R. Brasil, 2652","Rua Brasil, 2652",1,abreviação expandida
endereco,logradouro,"R. Brasil, 2646","Rua Brasil, 2646",1,abreviação expandida
endereco,logradouro,"R. Brasil, 2630","Rua Brasil, 2630",1,abreviação expandida
endereco,logradouro,"R. Brasil, 2628","Rua Brasil, 2628",1,abreviação expandida
endereco,logradouro,"R. Brasil, 2623","Rua Brasil, 2623",1,abreviação expandida
endereco,logradouro,"R. Brasil, 2616","Rua Brasil, 2616",1,abreviação expandida
endereco,logradouro,"R. Brasil, 2612","Rua Brasil, 2612",1,abreviação expandida
endereco,logradouro,"R. Brasil, 2608","Rua Brasil, 2608",1,abreviação expandida
endereco,logradouro,"R. Brasil, 2603","Rua Brasil, 2603",1,abreviação expandida
endereco,logradouro,"R. Brasil, 2602","Rua Brasil, 2602",1,abreviação expandida
endereco,logradouro,"R. XV de Novembro, 1423","Rua Xv de Novembro, 1423",1,abreviação expandida
endereco,logradouro,"R. XV de Novembro, 1420","Rua Xv de Novembro, 1420",1,abreviação expandida
endereco,logradouro,"R. XV de Novembro, 142","Rua Xv de Novembro, 142",1,abreviação expandida
endereco,logradouro,"R. XV de Novembro, 1417","Rua Xv de Novembro, 1417",1,abreviação expandida
endereco,logradouro,"R. XV de Novembro, 1416","Rua Xv de Novembro, 1416",1,abreviação expandida
endereco,logradouro,"R. XV de Novembro, 1503","Rua Xv de Novembro, 1503",1,abreviação expandida
endereco,logradouro,"R. XV de Novembro, 1502","Rua Xv de Novembro, 1502",1,abreviação expandida
endereco,logradouro,"R. XV de Novembro, 1497","Rua Xv de Novembro, 1497",1,abreviação expandida
endereco,logradouro,"R. XV de Novembro, 1482","Rua Xv de Novembro, 1482",1,abreviação expandida
endereco,logradouro,"R. XV de Novembro, 1479","Rua Xv de Novembro, 1479",1,abreviação expandida
endereco,logradouro,"R. XV de Novembro, 1473","Rua Xv de Novembro, 1473",1,abreviação expandida
endereco,logradouro,"R. XV de Novembro, 1469","Rua Xv de Novembro, 1469",1,abreviação expandida
endereco,logradouro,"R. XV de Novembro, 1463","Rua Xv de Novembro, 1463",1,abreviação expandida
endereco,logradouro,"R. XV de Novembro, 146","Rua Xv de Novembro, 146",1,abreviação expandida
endereco,logradouro,"R. XV de Novembro, 1451","Rua Xv de Novembro, 1451",1,abreviação expandida
endereco,logradouro,"R. XV de Novembro, 1445","Rua Xv de Novembro, 1445",1,abreviação expandida
endereco,logradouro,"R. XV de Novembro, 1442","Rua Xv de Novembro, 1442",1,abreviação expandida
endereco,logradouro,"R. XV de Novembro, 1439","Rua Xv de Novembro, 1439",1,abreviação expandida
endereco,logradouro,"R. XV de Novembro, 1436","Rua Xv de Novembro, 1436",1,abreviação expandida
endereco,logradouro,"R. XV de Novembro, 1431","Rua Xv de Novembro, 1431",1,abreviação expandida
endereco,logradouro,"R. Brasil, 2655","Rua Brasil, 2655",1,abreviação expandida
endereco,logradouro,"R. XV de Novembro, 1555","Rua Xv de Novembro, 1555",1,abreviação expandida
endereco,logradouro,"R. XV de Novembro, 1552","Rua Xv de Novembro, 1552",1,abreviação expandida
endereco,logradouro,"R. XV de Novembro, 1550","Rua Xv de Novembro, 1550",1,abreviação expandida
endereco,logradouro,"R. XV de Novembro, 155","Rua Xv de Novembro, 155",1,abreviação expandida
endereco,logradouro,"R. XV de Novembro, 1543","Rua Xv de Novembro, 1543",1,abreviação expandida
endereco,logradouro,"R. XV de Novembro, 1538","Rua Xv de Novembro, 1538",1,abreviação expandida
endereco,logradouro,"R. XV de Novembro, 1537","Rua Xv de Novembro, 1537",1,abreviação expandida
endereco,logradouro,"R. XV de Novembro, 1532","Rua Xv de Novembro, 1532",1,abreviação expandida
endereco,logradouro,"R. XV de Novembro, 1530","Rua Xv de Novembro, 1530",1,abreviação expandida
endereco,logradouro,"R. XV de Novembro, 1525","Rua Xv de Novembro, 1525",1,abreviação expandida
endereco,logradouro,"R. XV de Novembro, 1519","Rua Xv de Novembro, 1519",1,abreviação expandida
endereco,logradouro,"R. XV de Novembro, 1518","Rua Xv de Novembro, 1518",1,abreviação expandida
endereco,logradouro,"R. XV de Novembro, 1517","Rua Xv de Novembro, 1517",1,abreviação expandida
endereco,logradouro,"R. XV de Novembro, 1514","Rua Xv de Novembro, 1514",1,abreviação expandida
endereco,logradouro,"R. XV de Novembro, 151","Rua Xv de Novembro, 151",1,abreviação expandida
endereco,logradouro,"R. XV de Novembro, 1508","Rua Xv de Novembro, 1508",1,abreviação expandida
endereco,logradouro,"R. Brasil, 2597","Rua Brasil, 2597",1,abreviação expandida
endereco,logradouro,"R. Brasil, 2590","Rua Brasil, 2590",1,abreviação expandida
endereco,logradouro,"R. Brasil, 2589","Rua Brasil, 2589",1,abreviação expandida
endereco,logradouro,"R. Brasil, 2588","Rua Brasil, 2588",1,abreviação expandida
endereco,logradouro,"R. Brasil, 2571","Rua Brasil, 2571",1,abreviação expandida
endereco,logradouro,"R. Brasil, 2568","Rua Brasil, 2568",1,abreviação expandida
endereco,logradouro,"R. Brasil, 2566","Rua Brasil, 2566",1,abreviação expandida
endereco,logradouro,"R. Brasil, 2565","Rua Brasil, 2565",1,abreviação expandida
endereco,logradouro,"R. Brasil, 2564","Rua Brasil, 2564",1,abreviação expandida
endereco,logradouro,"R. Brasil, 2561","Rua Brasil, 2561",1,abreviação expandida
endereco,logradouro,"R. Brasil, 256","Rua Brasil, 256",1,abreviação expandida
endereco,logradouro,"R. Brasil, 2558","Rua Brasil, 2558",1,abreviação expandida
endereco,logradouro,"R. XV de Novembro, 1562","Rua Xv de Novembro, 1562",1,abreviação expandida
endereco,logradouro,"R. XV de Novembro, 1561","Rua Xv de Novembro, 1561",1,abreviação expandida
endereco,logradouro,"R. XV de Novembro, 1557","Rua Xv de Novembro, 1557",1,abreviação expandida
endereco,logradouro,"R. XV de Novembro, 1556","Rua Xv de Novembro, 1556",1,abreviação expandida
endereco,logradouro,"R. XV de Novembro, 1610","Rua Xv de Novembro, 1610",1,abreviação expandida
endereco,logradouro,"R. XV de Novembro, 161","Rua Xv de Novembro, 161",1,abreviação expandida
endereco,logradouro,"R. XV de Novembro, 1603","Rua Xv de Novembro, 1603",1,abreviação expandida
endereco,logradouro,"R. XV de Novembro, 1602","Rua Xv de Novembro, 1602",1,abreviação expandida
endereco,logradouro,"R. XV de Novembro, 1598","Rua Xv de Novembro, 1598",1,abreviação expandida
endereco,logradouro,"R. XV de Novembro, 1596","Rua Xv de Novembro, 1596",1,abreviação expandida
endereco,logradouro,"R. XV de Novembro, 1593","Rua Xv de Novembro, 1593",1,abreviação expandida
endereco,logradouro,"R. XV de Novembro, 1590","Rua Xv de Novembro, 1590",1,abreviação expandida
endereco,logradouro,"R. XV de Novembro, 159","Rua Xv de Novembro, 159",1,abreviação expandida
endereco,logradouro,"R. XV de Novembro, 1587","Rua Xv de Novembro, 1587",1,abreviação expandida
endereco,logradouro,"R. XV de Novembro, 1582","Rua Xv de Novembro, 1582",1,abreviação expandida
endereco,logradouro,"R. XV de Novembro, 1580","Rua Xv de Novembro, 1580",1,abreviação expandida
endereco,logradouro,"R. XV de Novembro, 158","Rua Xv de Novembro, 158",1,abreviação expandida
endereco,logradouro,"R. XV de Novembro, 1579","Rua Xv de Novembro, 1579",1,abreviação expandida
endereco,logradouro,"R. XV de Novembro, 1574","Rua Xv de Novembro, 1574",1,abreviação expandida
endereco,logradouro,"R. Brasil, 26","Rua Brasil, 26",1,abreviação expandida
endereco,logradouro,"R. XV de Novembro, 168","Rua Xv de Novembro, 168",1,abreviação expandida
endereco,logradouro,"R. XV de Novembro, 1677","Rua Xv de Novembro, 1677",1,abreviação expandida
endereco,logradouro,"R. XV de Novembro, 1673","Rua Xv de Novembro, 1673",1,abreviação expandida
endereco,logradouro,"R. XV de Novembro, 1666","Rua Xv de Novembro, 1666",1,abreviação expandida
endereco,logradouro,"R. XV de Novembro, 1654","Rua Xv de Novembro, 1654",1,abreviação expandida
endereco,logradouro,"R. XV de Novembro, 1647","Rua Xv de Novembro, 1647",1,abreviação expandida
endereco,logradouro,"R. XV de Novembro, 1634","Rua Xv de Novembro, 1634",1,abreviação expandida
endereco,logradouro,"R. XV de Novembro, 1633","Rua Xv de Novembro, 1633",1,abreviação expandida
endereco,logradouro,"R. XV de Novembro, 1632","Rua Xv de Novembro, 1632",1,abreviação expandida
endereco,logradouro,"R. XV de Novembro, 1631","Rua Xv de Novembro, 1631",1,abreviação expandida
endereco,logradouro,"R. XV de Novembro, 1628","Rua Xv de Novembro, 1628",1,abreviação expandida
endereco,logradouro,"R. XV de Novembro, 1624","Rua Xv de Novembro, 1624",1,abreviação expandida
endereco,logradouro,"R. XV de Novembro, 1622","Rua Xv de Novembro, 1622",1,abreviação expandida
endereco,logradouro,"R. XV de Novembro, 1621","Rua Xv de Novembro, 1621",1,abreviação expandida
endereco,logradouro,"R. XV de Novembro, 1618","Rua Xv de Novembro, 1618",1,abreviação expandida
endereco,logradouro,"R. XV de Novembro, 1614","Rua Xv de Novembro, 1614",1,abreviação expandida
endereco,logradouro,"R. XV de Novembro, 1723","Rua Xv de Novembro, 1723",1,abreviação expandida
endereco,logradouro,"R. XV de Novembro, 1719","Rua Xv de Novembro, 1719",1,abreviação expandida
endereco,logradouro,"R. XV de Novembro, 1717","Rua Xv de Novembro, 1717",1,abreviação expandida
endereco,logradouro,"R. XV de Novembro, 1716","Rua Xv de Novembro, 1716",1,abreviação expandida
endereco,logradouro,"R. XV de Novembro, 1714","Rua Xv de Novembro, 1714",1,abreviação expandida
endereco,logradouro,"R. XV de Novembro, 1710","Rua Xv de Novembro, 1710",1,abreviação expandida
endereco,logradouro,"R. XV de Novembro, 171","Rua Xv de Novembro, 171",1,abreviação expandida
endereco,logradouro,"R. XV de Novembro, 1709","Rua Xv de Novembro, 1709",1,abreviação expandida
endereco,logradouro,"R. XV de Novembro, 1708","Rua Xv de Novembro, 1708",1,abreviação expandida
endereco,logradouro,"R. XV de Novembro, 1707","Rua Xv de Novembro, 1707",1,abreviação expandida
endereco,logradouro,"R. XV de Novembro, 1704","Rua Xv de Novembro, 1704",1,abreviação expandida
endereco,logradouro,"R. XV de Novembro, 1701","Rua Xv de Novembro, 1701",1,abreviação expandida
endereco,logradouro,"R. XV de Novembro, 1699","Rua Xv de Novembro, 1699",1,abreviação expandida
endereco,logradouro,"R. XV de Novembro, 1693","Rua Xv de Novembro, 1693",1,abreviação expandida
endereco,logradouro,"R. XV de Novembro, 1691","Rua Xv de Novembro, 1691",1,abreviação expandida
endereco,logradouro,"R. XV de Novembro, 1686","Rua Xv de Novembro, 1686",1,abreviação expandida
endereco,logradouro,"R. XV de Novembro, 1778","Rua Xv de Novembro, 1778",1,abreviação expandida
endereco,logradouro,"R. XV de Novembro, 1777","Rua Xv de Novembro, 1777",1,abreviação expandida
endereco,logradouro,"R. XV de Novembro, 1775","Rua Xv de Novembro, 1775",1,abreviação expandida
endereco,logradouro,"R. XV de Novembro, 1771","Rua Xv de Novembro, 1771",1,abreviação expandida
endereco,logradouro,"R. XV de Novembro, 177","Rua Xv de Novembro, 177",1,abreviação expandida
endereco,logradouro,"R. XV de Novembro, 1769","Rua Xv de Novembro, 1769",1,abreviação expandida
endereco,logradouro,"R. XV de Novembro, 1767","Rua Xv de Novembro, 1767",1,abreviação expandida
endereco,logradouro,"R. XV de Novembro, 1764","Rua Xv de Novembro, 1764",1,abreviação expandida
endereco,logradouro,"R. XV de Novembro, 176","Rua Xv de Novembro, 176",1,abreviação expandida
endereco,logradouro,"R. XV de Novembro, 1756","Rua Xv de Novembro, 1756",1,abreviação expandida
endereco,logradouro,"R. XV de Novembro, 1752","Rua Xv de Novembro, 1752",1,abreviação expandida
endereco,logradouro,"R. XV de Novembro, 1748","Rua Xv de Novembro, 1748",1,abreviação expandida
endereco,logradouro,"R. XV de Novembro, 1739","Rua Xv de Novembro, 1739",1,abreviação expandida
endereco,logradouro,"R. XV de Novembro, 1735","Rua Xv de Novembro, 1735",1,abreviação expandida
endereco,logradouro,"R. XV de Novembro, 1727","Rua Xv de Novembro, 1727",1,abreviação expandida
endereco,logradouro,"R. XV de Novembro, 1725","Rua Xv de Novembro, 1725",1,abreviação expandida
endereco,logradouro,"R. XV de Novembro, 1821","Rua Xv de Novembro, 1821",1,abreviação expandida
endereco,logradouro,"R. XV de Novembro, 1820","Rua Xv de Novembro, 1820",1,abreviação expandida
endereco,logradouro,"R. XV de Novembro, 1818","Rua Xv de Novembro, 1818",1,abreviação expandida
endereco,logradouro,"R. XV de Novembro, 1812","Rua Xv de Novembro, 1812",1,abreviação expandida
endereco,logradouro,"R. XV de Novembro, 181","Rua Xv de Novembro, 181",1,abreviação expandida
endereco,logradouro,"R. XV de Novembro, 1807","Rua Xv de Novembro, 1807",1,abreviação expandida
endereco,logradouro,"R. XV de Novembro, 1804","Rua Xv de Novembro, 1804",1,abreviação expandida
endereco,logradouro,"R. XV de Novembro, 1799","Rua Xv de Novembro, 1799",1,abreviação expandida
endereco,logradouro,"R. XV de Novembro, 1798","Rua Xv de Novembro, 1798",1,abreviação expandida
endereco,logradouro,"R. XV de Novembro, 1797","Rua Xv de Novembro, 1797",1,abreviação expandida
endereco,logradouro,"R. XV de Novembro, 1792","Rua Xv de Novembro, 1792",1,abreviação expandida
endereco,logradouro,"R. XV de Novembro, 1788","Rua Xv de Novembro, 1788",1,abreviação expandida
endereco,logradouro,"R. XV de Novembro, 1786","Rua Xv de Novembro, 1786",1,abreviação expandida
endereco,logradouro,"R. XV de Novembro, 1784","Rua Xv de Novembro, 1784",1,abreviação expandida
endereco,logradouro,"R. XV de Novembro, 1782","Rua Xv de Novembro, 1782",1,abreviação expandida
endereco,logradouro,"R. XV de Novembro, 178","Rua Xv de Novembro, 178",1,abreviação expandida
endereco,logradouro,"R. XV de Novembro, 1867","Rua Xv de Novembro, 1867",1,abreviação expandida
endereco,logradouro,"R. XV de Novembro, 1864","Rua Xv de Novembro, 1864",1,abreviação expandida
endereco,logradouro,"R. XV de Novembro, 1863","Rua Xv de Novembro, 1863",1,abreviação expandida
endereco,logradouro,"R. XV de Novembro, 1862","Rua Xv de Novembro, 1862",1,abreviação expandida
endereco,logradouro,"R. XV de Novembro, 1859","Rua Xv de Novembro, 1859",1,abreviação expandida
endereco,logradouro,"R. XV de Novembro, 1856","Rua Xv de Novembro, 1856",1,abreviação expandida
endereco,logradouro,"R. XV de Novembro, 1854","Rua Xv de Novembro, 1854",1,abreviação expandida
endereco,logradouro,"R. XV de Novembro, 1851","Rua Xv de Novembro, 1851",1,abreviação expandida
endereco,logradouro,"R. XV de Novembro, 1848","Rua Xv de Novembro, 1848",1,abreviação expandida
endereco,logradouro,"R. XV de Novembro, 1845","Rua Xv de Novembro, 1845",1,abreviação expandida
endereco,logradouro,"R. XV de Novembro, 1843","Rua Xv de Novembro, 1843",1,abreviação expandida
endereco,logradouro,"R. XV de Novembro, 1838","Rua Xv de Novembro, 1838",1,abreviação expandida
endereco,logradouro,"R. XV de Novembro, 1831","Rua Xv de Novembro, 1831",1,abreviação expandida
endereco,logradouro,"R. XV de Novembro, 1830","Rua Xv de Novembro, 1830",1,abreviação expandida
endereco,logradouro,"R. XV de Novembro, 1828","Rua Xv de Novembro, 1828",1,abreviação expandida
endereco,logradouro,"R. XV de Novembro, 1825","Rua Xv de Novembro, 1825",1,abreviação expandida
endereco,logradouro,"R. Brasil, 2549","Rua Brasil, 2549",1,abreviação expandida
endereco,logradouro,"R. Brasil, 2544","Rua Brasil, 2544",1,abreviação expandida
endereco,logradouro,"R. Brasil, 2541","Rua Brasil, 2541",1,abreviação expandida
endereco,logradouro,"R. Brasil, 2538","Rua Brasil, 2538",1,abreviação expandida
endereco,logradouro,"R. Brasil, 2536","Rua Brasil, 2536",1,abreviação expandida
endereco,logradouro,"R. Brasil, 2533","Rua Brasil, 2533",1,abreviação expandida
endereco,logradouro,"R. Brasil, 2532","Rua Brasil, 2532",1,abreviação expandida
endereco,logradouro,"R. Brasil, 2530","Rua Brasil, 2530",1,abreviação expandida
endereco,logradouro,"R. Brasil, 253","Rua Brasil, 253",1,abreviação expandida
endereco,logradouro,"R. Brasil, 2529","Rua Brasil, 2529",1,abreviação expandida
endereco,logradouro,"R. Brasil, 2524","Rua Brasil, 2524",1,abreviação expandida
endereco,logradouro,"R. Brasil, 2518","Rua Brasil, 2518",1,abreviação expandida
endereco,logradouro,"R. Brasil, 2517","Rua Brasil, 2517",1,abreviação expandida
endereco,logradouro,"R. XV de Novembro, 1876","Rua Xv de Novembro, 1876",1,abreviação expandida
endereco,logradouro,"R. XV de Novembro, 1874","Rua Xv de Novembro, 1874",1,abreviação expandida
endereco,logradouro,"R. XV de Novembro, 1873","Rua Xv de Novembro, 1873",1,abreviação expandida
endereco,logradouro,"R. XV de Novembro, 1925","Rua Xv de Novembro, 1925",1,abreviação expandida
endereco,logradouro,"R. XV de Novembro, 1923","Rua Xv de Novembro, 1923",1,abreviação expandida
endereco,logradouro,"R. XV de Novembro, 1922","Rua Xv de Novembro, 1922",1,abreviação expandida
endereco,logradouro,"R. XV de Novembro, 1918","Rua Xv de Novembro, 1918",1,abreviação expandida
endereco,logradouro,"R. XV de Novembro, 191","Rua Xv de Novembro, 191",1,abreviação expandida
endereco,logradouro,"R. XV de Novembro, 1909","Rua Xv de Novembro, 1909",1,abreviação expandida
endereco,logradouro,"R. XV de Novembro, 1907","Rua Xv de Novembro, 1907",1,abreviação expandida
endereco,logradouro,"R. XV de Novembro, 1906","Rua Xv de Novembro, 1906",1,abreviação expandida
endereco,logradouro,"R. XV de Novembro, 1904","Rua Xv de Novembro, 1904",1,abreviação expandida
endereco,logradouro,"R. XV de Novembro, 190","Rua Xv de Novembro, 190",1,abreviação expandida
endereco,logradouro,"R. XV de Novembro, 1897","Rua Xv de Novembro, 1897",1,abreviação expandida
endereco,logradouro,"R. XV de Novembro, 1896","Rua Xv de Novembro, 1896",1,abreviação expandida
endereco,logradouro,"R. XV de Novembro, 1893","Rua Xv de Novembro, 1893",1,abreviação expandida
endereco,logradouro,"R. XV de Novembro, 1892","Rua Xv de Novembro, 1892",1,abreviação expandida
endereco,logradouro,"R. XV de Novembro, 1885","Rua Xv de Novembro, 1885",1,abreviação expandida
endereco,logradouro,"R. Brasil, 2551","Rua Brasil, 2551",1,abreviação expandida
endereco,logradouro,"R. XV de Novembro, 1988","Rua Xv de Novembro, 1988",1,abreviação expandida
endereco,logradouro,"R. XV de Novembro, 1985","Rua Xv de Novembro, 1985",1,abreviação expandida
endereco,logradouro,"R. XV de Novembro, 198","Rua Xv de Novembro, 198",1,abreviação expandida
endereco,logradouro,"R. XV de Novembro, 1975","Rua Xv de Novembro, 1975",1,abreviação expandida
endereco,logradouro,"R. XV de Novembro, 1973","Rua Xv de Novembro, 1973",1,abreviação expandida
endereco,logradouro,"R. XV de Novembro, 197","Rua Xv de Novembro, 197",1,abreviação expandida
endereco,logradouro,"R. XV de Novembro, 1968","Rua Xv de Novembro, 1968",1,abreviação expandida
endereco,logradouro,"R. XV de Novembro, 1962","Rua Xv de Novembro, 1962",1,abreviação expandida
endereco,logradouro,"R. XV de Novembro, 1959","Rua Xv de Novembro, 1959",1,abreviação expandida
endereco,logradouro,"R. XV de Novembro, 195","Rua Xv de Novembro, 195",1,abreviação expandida
endereco,logradouro,"R. XV de Novembro, 1945","Rua Xv de Novembro, 1945",1,abreviação expandida
endereco,logradouro,"R. XV de Novembro, 1942","Rua Xv de Novembro, 1942",1,abreviação expandida
endereco,logradouro,"R. XV de Novembro, 1941","Rua Xv de Novembro, 1941",1,abreviação expandida
endereco,logradouro,"R. XV de Novembro, 1935","Rua Xv de Novembro, 1935",1,abreviação expandida
endereco,logradouro,"R. XV de Novembro, 1933","Rua Xv de Novembro, 1933",1,abreviação expandida
endereco,logradouro,"R. XV de Novembro, 1926","Rua Xv de Novembro, 1926",1,abreviação expandida
endereco,logradouro,"R. Brasil, 251","Rua Brasil, 251",1,abreviação expandida
endereco,logradouro,"R. Brasil, 2507","Rua Brasil, 2507",1,abreviação expandida
endereco,logradouro,"R. Brasil, 2499","Rua Brasil, 2499",1,abreviação expandida
endereco,logradouro,"R. Brasil, 2493","Rua Brasil, 2493",1,abreviação expandida
endereco,logradouro,"R. Brasil, 2489","Rua Brasil, 2489",1,abreviação expandida
endereco,logradouro,"R. Brasil, 2485","Rua Brasil, 2485",1,abreviação expandida
endereco,logradouro,"R. Brasil, 2484","Rua Brasil, 2484",1,abreviação expandida
endereco,logradouro,"R. Brasil, 248","Rua Brasil, 248",1,abreviação expandida
endereco,logradouro,"R. Brasil, 2472","Rua Brasil, 2472",1,abreviação expandida
endereco,logradouro,"R. XV de Novembro, 2009","Rua Xv de Novembro, 2009",1,abreviação expandida
endereco,logradouro,"R. XV de Novembro, 2006","Rua Xv de Novembro, 2006",1,abreviação expandida
endereco,logradouro,"R. XV de Novembro, 2005","Rua Xv de Novembro, 2005",1,abreviação expandida
endereco,logradouro,"R. XV de Novembro, 2002","Rua Xv de Novembro, 2002",1,abreviação expandida
endereco,logradouro,"R. XV de Novembro, 1999","Rua Xv de Novembro, 1999",1,abreviação expandida
endereco,logradouro,"R. XV de Novembro, 1997","Rua Xv de Novembro, 1997",1,abreviação expandida
endereco,logradouro,"R. XV de Novembro, 1995","Rua Xv de Novembro, 1995",1,abreviação expandida
endereco,logradouro,"R. XV de Novembro, 2058","Rua Xv de Novembro, 2058",1,abreviação expandida
endereco,logradouro,"R. XV de Novembro, 2057","Rua Xv de Novembro, 2057",1,abreviação expandida
endereco,logradouro,"R. XV de Novembro, 2053","Rua Xv de Novembro, 2053",1,abreviação expandida
endereco,logradouro,"R. XV de Novembro, 2048","Rua Xv de Novembro, 2048",1,abreviação expandida
endereco,logradouro,"R. XV de Novembro, 2039","Rua Xv de Novembro, 2039",1,abreviação expandida
endereco,logradouro,"R. XV de Novembro, 2034","Rua Xv de Novembro, 2034",1,abreviação expandida
endereco,logradouro,"R. XV de Novembro, 2033","Rua Xv de Novembro, 2033",1,abreviação expandida
endereco,logradouro,"R. XV de Novembro, 2031","Rua Xv de Novembro, 2031",1,abreviação expandida
endereco,logradouro,"R. XV de Novembro, 203","Rua Xv de Novembro, 203",1,abreviação expandida
endereco,logradouro,"R. XV de Novembro, 2023","Rua Xv de Novembro, 2023",1,abreviação expandida
endereco,logradouro,"R. XV de Novembro, 2021","Rua Xv de Novembro, 2021",1,abreviação expandida
endereco,logradouro,"R. XV de Novembro, 2015","Rua Xv de Novembro, 2015",1,abreviação expandida
endereco,logradouro,"R. XV de Novembro, 2010","Rua Xv de Novembro, 2010",1,abreviação expandida
endereco,logradouro,"R. Brasil, 2516","Rua Brasil, 2516",1,abreviação expandida
endereco,logradouro,"R. Brasil, 2515","Rua Brasil, 2515",1,abreviação expandida
endereco,logradouro,"R. Brasil, 2510","Rua Brasil, 2510",1,abreviação expandida
endereco,logradouro,"R. XV de Novembro, 2106","Rua Xv de Novembro, 2106",1,abreviação expandida
endereco,logradouro,"R. XV de Novembro, 2105","Rua Xv de Novembro, 2105",1,abreviação expandida
endereco,logradouro,"R. XV de Novembro, 2095","Rua Xv de Novembro, 2095",1,abreviação expandida
endereco,logradouro,"R. XV de Novembro, 2091","Rua Xv de Novembro, 2091",1,abreviação expandida
endereco,logradouro,"R. XV de Novembro, 2090","Rua Xv de Novembro, 2090",1,abreviação expandida
endereco,logradouro,"R. XV de Novembro, 2089","Rua Xv de Novembro, 2089",1,abreviação expandida
endereco,logradouro,"R. XV de Novembro, 2082","Rua Xv de Novembro, 2082",1,abreviação expandida
endereco,logradouro,"R. XV de Novembro, 2081","Rua Xv de Novembro, 2081",1,abreviação expandida
endereco,logradouro,"R. XV de Novembro, 2078","Rua Xv de Novembro, 2078",1,abreviação expandida
endereco,logradouro,"R. XV de Novembro, 2077","Rua Xv de Novembro, 2077",1,abreviação expandida
endereco,logradouro,"R. XV de Novembro, 2073","Rua Xv de Novembro, 2073",1,abreviação expandida
endereco,logradouro,"R. XV de Novembro, 2071","Rua Xv de Novembro, 2071",1,abreviação expandida
endereco,logradouro,"R. XV de Novembro, 2070","Rua Xv de Novembro, 2070",1,abreviação expandida
endereco,logradouro,"R. XV de Novembro, 2069","Rua Xv de Novembro, 2069",1,abreviação expandida
endereco,logradouro,"R. XV de Novembro, 2064","Rua Xv de Novembro, 2064",1,abreviação expandida
endereco,logradouro,"R. XV de Novembro, 2059","Rua Xv de Novembro, 2059",1,abreviação expandida
endereco,logradouro,"R. XV de Novembro, 2148","Rua Xv de Novembro, 2148",1,abreviação expandida
endereco,logradouro,"R. XV de Novembro, 2147","Rua Xv de Novembro, 2147",1,abreviação expandida
endereco,logradouro,"R. XV de Novembro, 2144","Rua Xv de Novembro, 2144",1,abreviação expandida
endereco,logradouro,"R. XV de Novembro, 214","Rua Xv de Novembro, 214",1,abreviação expandida
endereco,logradouro,"R. XV de Novembro, 2139","Rua Xv de Novembro, 2139",1,abreviação expandida
endereco,logradouro,"R. XV de Novembro, 2137","Rua Xv de Novembro, 2137",1,abreviação expandida
endereco,logradouro,"R. XV de Novembro, 2136","Rua Xv de Novembro, 2136",1,abreviação expandida
endereco,logradouro,"R. XV de Novembro, 2131","Rua Xv de Novembro, 2131",1,abreviação expandida
endereco,logradouro,"R. XV de Novembro, 213","Rua Xv de Novembro, 213",1,abreviação expandida
endereco,logradouro,"R. XV de Novembro, 2122","Rua Xv de Novembro, 2122",1,abreviação expandida
endereco,logradouro,"R. XV de Novembro, 2119","Rua Xv de Novembro, 2119",1,abreviação expandida
endereco,logradouro,"R. XV de Novembro, 2116","Rua Xv de Novembro, 2116",1,abreviação expandida
endereco,logradouro,"R. XV de Novembro, 2114","Rua Xv de Novembro, 2114",1,abreviação expandida
endereco,logradouro,"R. XV de Novembro, 2110","Rua Xv de Novembro, 2110",1,abreviação expandida
endereco,logradouro,"R. XV de Novembro, 211","Rua Xv de Novembro, 211",1,abreviação expandida
endereco,logradouro,"R. XV de Novembro, 2109","Rua Xv de Novembro, 2109",1,abreviação expandida
endereco,logradouro,"R. XV de Novembro, 219","Rua Xv de Novembro, 219",1,abreviação expandida
endereco,logradouro,"R. XV de Novembro, 2188","Rua Xv de Novembro, 2188",1,abreviação expandida
endereco,logradouro,"R. XV de Novembro, 2181","Rua Xv de Novembro, 2181",1,abreviação expandida
endereco,logradouro,"R. XV de Novembro, 2180","Rua Xv de Novembro, 2180",1,abreviação expandida
endereco,logradouro,"R. XV de Novembro, 218","Rua Xv de Novembro, 218",1,abreviação expandida
endereco,logradouro,"R. XV de Novembro, 2179","Rua Xv de Novembro, 2179",1,abreviação expandida
endereco,logradouro,"R. XV de Novembro, 2178","Rua Xv de Novembro, 2178",1,abreviação expandida
endereco,logradouro,"R. XV de Novembro, 2176","Rua Xv de Novembro, 2176",1,abreviação expandida
endereco,logradouro,"R. XV de Novembro, 2171","Rua Xv de Novembro, 2171",1,abreviação expandida
endereco,logradouro,"R. XV de Novembro, 217","Rua Xv de Novembro, 217",1,abreviação expandida
endereco,logradouro,"R. XV de Novembro, 2166","Rua Xv de Novembro, 2166",1,abreviação expandida
endereco,logradouro,"R. XV de Novembro, 2160","Rua Xv de Novembro, 2160",1,abreviação expandida
endereco,logradouro,"R. XV de Novembro, 216","Rua Xv de Novembro, 216",1,abreviação expandida
endereco,logradouro,"R. XV de Novembro, 2152","Rua Xv de Novembro, 2152",1,abreviação expandida
endereco,logradouro,"R. XV de Novembro, 2151","Rua Xv de Novembro, 2151",1,abreviação expandida
endereco,logradouro,"R. XV de Novembro, 2149","Rua Xv de Novembro, 2149",1,abreviação expandida
endereco,logradouro,"R. Brasil, 2462","Rua Brasil, 2462",1,abreviação expandida
endereco,logradouro,"R. Brasil, 2460","Rua Brasil, 2460",1,abreviação expandida
endereco,logradouro,"R. Brasil, 2458","Rua Brasil, 2458",1,abreviação expandida
endereco,logradouro,"R. Brasil, 2457","Rua Brasil, 2457",1,abreviação expandida
endereco,logradouro,"R. Brasil, 2452","Rua Brasil, 2452",1,abreviação expandida
endereco,logradouro,"R. Brasil, 2448","Rua Brasil, 2448",1,abreviação expandida
endereco,logradouro,"R. Brasil, 2446","Rua Brasil, 2446",1,abreviação expandida
endereco,logradouro,"R. Brasil, 2445","Rua Brasil, 2445",1,abreviação expandida
endereco,logradouro,"R. Brasil, 2444","Rua Brasil, 2444",1,abreviação expandida
endereco,logradouro,"R. Brasil, 2440","Rua Brasil, 2440",1,abreviação expandida
endereco,logradouro,"R. Brasil, 244","Rua Brasil, 244",1,abreviação expandida
endereco,logradouro,"R. Brasil, 2439","Rua Brasil, 2439",1,abreviação expandida
endereco,logradouro,"R. Brasil, 2436","Rua Brasil, 2436",1,abreviação expandida
endereco,logradouro,"R. XV de Novembro, 2194","Rua Xv de Novembro, 2194",1,abreviação expandida
endereco,logradouro,"R. XV de Novembro, 2193","Rua Xv de Novembro, 2193",1,abreviação expandida
endereco,logradouro,"R. XV de Novembro, 2190","Rua Xv de Novembro, 2190",1,abreviação expandida
endereco,logradouro,"R. XV de Novembro, 2225","Rua Xv de Novembro, 2225",1,abreviação expandida
endereco,logradouro,"R. XV de Novembro, 2224","Rua Xv de Novembro, 2224",1,abreviação expandida
endereco,logradouro,"R. XV de Novembro, 2223","Rua Xv de Novembro, 2223",1,abreviação expandida
endereco,logradouro,"R. XV de Novembro, 2222","Rua Xv de Novembro, 2222",1,abreviação expandida
endereco,logradouro,"R. XV de Novembro, 2220","Rua Xv de Novembro, 2220",1,abreviação expandida
endereco,logradouro,"R. XV de Novembro, 2219","Rua Xv de Novembro, 2219",1,abreviação expandida
endereco,logradouro,"R. XV de Novembro, 2217","Rua Xv de Novembro, 2217",1,abreviação expandida
endereco,logradouro,"R. XV de Novembro, 2213","Rua Xv de Novembro, 2213",1,abreviação expandida
endereco,logradouro,"R. XV de Novembro, 2212","Rua Xv de Novembro, 2212",1,abreviação expandida
endereco,logradouro,"R. XV de Novembro, 2211","Rua Xv de Novembro, 2211",1,abreviação expandida
endereco,logradouro,"R. XV de Novembro, 2206","Rua Xv de Novembro, 2206",1,abreviação expandida
endereco,logradouro,"R. XV de Novembro, 2205","Rua Xv de Novembro, 2205",1,abreviação expandida
endereco,logradouro,"R. XV de Novembro, 2204","Rua Xv de Novembro, 2204",1,abreviação expandida
endereco,logradouro,"R. XV de Novembro, 22","Rua Xv de Novembro, 22",1,abreviação expandida
endereco,logradouro,"R. Brasil, 2467","Rua Brasil, 2467",1,abreviação expandida
endereco,logradouro,"R. Brasil, 2463","Rua Brasil, 2463",1,abreviação expandida
endereco,logradouro,"R. XV de Novembro, 2276","Rua Xv de Novembro, 2276",1,abreviação expandida
endereco,logradouro,"R. XV de Novembro, 2271","Rua Xv de Novembro, 2271",1,abreviação expandida
endereco,logradouro,"R. XV de Novembro, 2270","Rua Xv de Novembro, 2270",1,abreviação expandida
endereco,logradouro,"R. XV de Novembro, 2264","Rua Xv de Novembro, 2264",1,abreviação expandida
endereco,logradouro,"R. XV de Novembro, 2263","Rua Xv de Novembro, 2263",1,abreviação expandida
endereco,logradouro,"R. XV de Novembro, 2261","Rua Xv de Novembro, 2261",1,abreviação expandida
endereco,logradouro,"R. XV de Novembro, 2254","Rua Xv de Novembro, 2254",1,abreviação expandida
endereco,logradouro,"R. XV de Novembro, 2253","Rua Xv de Novembro, 2253",1,abreviação expandida
endereco,logradouro,"R. XV de Novembro, 2252","Rua Xv de Novembro, 2252",1,abreviação expandida
endereco,logradouro,"R. XV de Novembro, 2250","Rua Xv de Novembro, 2250",1,abreviação expandida
endereco,logradouro,"R. XV de Novembro, 2246","Rua Xv de Novembro, 2246",1,abreviação expandida
endereco,logradouro,"R. XV de Novembro, 2242","Rua Xv de Novembro, 2242",1,abreviação expandida
endereco,logradouro,"R. XV de Novembro, 224","Rua Xv de Novembro, 224",1,abreviação expandida
endereco,logradouro,"R. XV de Novembro, 2232","Rua Xv de Novembro, 2232",1,abreviação expandida
endereco,logradouro,"R. XV de Novembro, 2231","Rua Xv de Novembro, 2231",1,abreviação expandida
endereco,logradouro,"R. XV de Novembro, 2229","Rua Xv de Novembro, 2229",1,abreviação expandida
endereco,logradouro,"R. XV de Novembro, 2332","Rua Xv de Novembro, 2332",1,abreviação expandida
endereco,logradouro,"R. XV de Novembro, 233","Rua Xv de Novembro, 233",1,abreviação expandida
endereco,logradouro,"R. XV de Novembro, 2324","Rua Xv de Novembro, 2324",1,abreviação expandida
endereco,logradouro,"R. XV de Novembro, 2321","Rua Xv de Novembro, 2321",1,abreviação expandida
endereco,logradouro,"R. XV de Novembro, 2320","Rua Xv de Novembro, 2320",1,abreviação expandida
endereco,logradouro,"R. XV de Novembro, 232","Rua Xv de Novembro, 232",1,abreviação expandida
endereco,logradouro,"R. XV de Novembro, 2313","Rua Xv de Novembro, 2313",1,abreviação expandida
endereco,logradouro,"R. XV de Novembro, 231","Rua Xv de Novembro, 231",1,abreviação expandida
endereco,logradouro,"R. XV de Novembro, 2304","Rua Xv de Novembro, 2304",1,abreviação expandida
endereco,logradouro,"R. XV de Novembro, 2297","Rua Xv de Novembro, 2297",1,abreviação expandida
endereco,logradouro,"R. XV de Novembro, 2292","Rua Xv de Novembro, 2292",1,abreviação expandida
endereco,logradouro,"R. XV de Novembro, 2291","Rua Xv de Novembro, 2291",1,abreviação expandida
endereco,logradouro,"R. XV de Novembro, 2290","Rua Xv de Novembro, 2290",1,abreviação expandida
endereco,logradouro,"R. XV de Novembro, 2288","Rua Xv de Novembro, 2288",1,abreviação expandida
endereco,logradouro,"R. XV de Novembro, 2280","Rua Xv de Novembro, 2280",1,abreviação expandida
endereco,logradouro,"R. XV de Novembro, 2278","Rua Xv de Novembro, 2278",1,abreviação expandida
endereco,logradouro,"R. XV de Novembro, 2393","Rua Xv de Novembro, 2393",1,abreviação expandida
endereco,logradouro,"R. XV de Novembro, 2392","Rua Xv de Novembro, 2392",1,abreviação expandida
endereco,logradouro,"R. XV de Novembro, 2391","Rua Xv de Novembro, 2391",1,abreviação expandida
endereco,logradouro,"R. XV de Novembro, 239","Rua Xv de Novembro, 239",1,abreviação expandida
endereco,logradouro,"R. XV de Novembro, 2385","Rua Xv de Novembro, 2385",1,abreviação expandida
endereco,logradouro,"R. XV de Novembro, 2381","Rua Xv de Novembro, 2381",1,abreviação expandida
endereco,logradouro,"R. XV de Novembro, 2379","Rua Xv de Novembro, 2379",1,abreviação expandida
endereco,logradouro,"R. XV de Novembro, 2376","Rua Xv de Novembro, 2376",1,abreviação expandida
endereco,logradouro,"R. XV de Novembro, 2365","Rua Xv de Novembro, 2365",1,abreviação expandida
endereco,logradouro,"R. XV de Novembro, 2362","Rua Xv de Novembro, 2362",1,abreviação expandida
endereco,logradouro,"R. XV de Novembro, 2361","Rua Xv de Novembro, 2361",1,abreviação expandida
endereco,logradouro,"R. XV de Novembro, 2353","Rua Xv de Novembro, 2353",1,abreviação expandida
endereco,logradouro,"R. XV de Novembro, 2343","Rua Xv de Novembro, 2343",1,abreviação expandida
endereco,logradouro,"R. XV de Novembro, 2337","Rua Xv de Novembro, 2337",1,abreviação expandida
endereco,logradouro,"R. XV de Novembro, 2335","Rua Xv de Novembro, 2335",1,abreviação expandida
endereco,logradouro,"R. XV de Novembro, 2333","Rua Xv de Novembro, 2333",1,abreviação expandida
endereco,logradouro,"R. XV de Novembro, 2423","Rua Xv de Novembro, 2423",1,abreviação expandida
endereco,logradouro,"R. XV de Novembro, 2421","Rua Xv de Novembro, 2421",1,abreviação expandida
endereco,logradouro,"R. XV de Novembro, 2420","Rua Xv de Novembro, 2420",1,abreviação expandida
endereco,logradouro,"R. XV de Novembro, 2416","Rua Xv de Novembro, 2416",1,abreviação expandida
endereco,logradouro,"R. XV de Novembro, 2415","Rua Xv de Novembro, 2415",1,abreviação expandida
endereco,logradouro,"R. XV de Novembro, 2414","Rua Xv de Novembro, 2414",1,abreviação expandida
endereco,logradouro,"R. XV de Novembro, 2411","Rua Xv de Novembro, 2411",1,abreviação expandida
endereco,logradouro,"R. XV de Novembro, 241","Rua Xv de Novembro, 241",1,abreviação expandida
endereco,logradouro,"R. XV de Novembro, 2409","Rua Xv de Novembro, 2409",1,abreviação expandida
endereco,logradouro,"R. XV de Novembro, 2405","Rua Xv de Novembro, 2405",1,abreviação expandida
endereco,logradouro,"R. XV de Novembro, 2404","Rua Xv de Novembro, 2404",1,abreviação expandida
endereco,logradouro,"R. XV de Novembro, 2401","Rua Xv de Novembro, 2401",1,abreviação expandida
endereco,logradouro,"R. XV de Novembro, 240","Rua Xv de Novembro, 240",1,abreviação expandida
endereco,logradouro,"R. XV de Novembro, 2399","Rua Xv de Novembro, 2399",1,abreviação expandida
endereco,logradouro,"R. XV de Novembro, 2398","Rua Xv de Novembro, 2398",1,abreviação expandida
endereco,logradouro,"R. XV de Novembro, 2394","Rua Xv de Novembro, 2394",1,abreviação expandida
endereco,logradouro,"R. XV de Novembro, 2456","Rua Xv de Novembro, 2456",1,abreviação expandida
endereco,logradouro,"R. XV de Novembro, 2455","Rua Xv de Novembro, 2455",1,abreviação expandida
endereco,logradouro,"R. XV de Novembro, 2452","Rua Xv de Novembro, 2452",1,abreviação expandida
endereco,logradouro,"R. XV de Novembro, 2451","Rua Xv de Novembro, 2451",1,abreviação expandida
endereco,logradouro,"R. XV de Novembro, 245","Rua Xv de Novembro, 245",1,abreviação expandida
endereco,logradouro,"R. XV de Novembro, 2449","Rua Xv de Novembro, 2449",1,abreviação expandida
endereco,logradouro,"R. XV de Novembro, 2448","Rua Xv de Novembro, 2448",1,abreviação expandida
endereco,logradouro,"R. XV de Novembro, 2445","Rua Xv de Novembro, 2445",1,abreviação expandida
endereco,logradouro,"R. XV de Novembro, 2444","Rua Xv de Novembro, 2444",1,abreviação expandida
endereco,logradouro,"R. XV de Novembro, 2441","Rua Xv de Novembro, 2441",1,abreviação expandida
endereco,logradouro,"R. XV de Novembro, 244","Rua Xv de Novembro, 244",1,abreviação expandida
endereco,logradouro,"R. XV de Novembro, 2438","Rua Xv de Novembro, 2438",1,abreviação expandida
endereco,logradouro,"R. XV de Novembro, 2437","Rua Xv de Novembro, 2437",1,abreviação expandida
endereco,logradouro,"R. XV de Novembro, 2434","Rua Xv de Novembro, 2434",1,abreviação expandida
endereco,logradouro,"R. XV de Novembro, 2431","Rua Xv de Novembro, 2431",1,abreviação expandida
endereco,logradouro,"R. XV de Novembro, 2426","Rua Xv de Novembro, 2426",1,abreviação expandida
endereco,logradouro,"R. Brasil, 2432","Rua Brasil, 2432",1,abreviação expandida
endereco,logradouro,"R. Brasil, 2423","Rua Brasil, 2423",1,abreviação expandida
endereco,logradouro,"R. Brasil, 2420","Rua Brasil, 2420",1,abreviação expandida
endereco,logradouro,"R. Brasil, 2418","Rua Brasil, 2418",1,abreviação expandida
endereco,logradouro,"R. Brasil, 2417","Rua Brasil, 2417",1,abreviação expandida
endereco,logradouro,"R. Brasil, 2416","Rua Brasil, 2416",1,abreviação expandida
endereco,logradouro,"R. Brasil, 2411","Rua Brasil, 2411",1,abreviação expandida
endereco,logradouro,"R. Brasil, 2410","Rua Brasil, 2410",1,abreviação expandida
endereco,logradouro,"R. Brasil, 2409","Rua Brasil, 2409",1,abreviação expandida
endereco,logradouro,"R. Brasil, 2408","Rua Brasil, 2408",1,abreviação expandida
endereco,logradouro,"R. Brasil, 2407","Rua Brasil, 2407",1,abreviação expandida
endereco,logradouro,"R. Brasil, 2400","Rua Brasil, 2400",1,abreviação expandida
endereco,logradouro,"R. Brasil, 240","Rua Brasil, 240",1,abreviação expandida
endereco,logradouro,"R. XV de Novembro, 2467","Rua Xv de Novembro, 2467",1,abreviação expandida
endereco,logradouro,"R. XV de Novembro, 2466","Rua Xv de Novembro, 2466",1,abreviação expandida
endereco,logradouro,"R. XV de Novembro, 246","Rua Xv de Novembro, 246",1,abreviação expandida
endereco,logradouro,"R. XV de Novembro, 2505","Rua Xv de Novembro, 2505",1,abreviação expandida
endereco,logradouro,"R. XV de Novembro, 2504","Rua Xv de Novembro, 2504",1,abreviação expandida
endereco,logradouro,"R. XV de Novembro, 2503","Rua Xv de Novembro, 2503",1,abreviação expandida
endereco,logradouro,"R. XV de Novembro, 2502","Rua Xv de Novembro, 2502",1,abreviação expandida
endereco,logradouro,"R. XV de Novembro, 2501","Rua Xv de Novembro, 2501",1,abreviação expandida
endereco,logradouro,"R. XV de Novembro, 2491","Rua Xv de Novembro, 2491",1,abreviação expandida
endereco,logradouro,"R. XV de Novembro, 2487","Rua Xv de Novembro, 2487",1,abreviação expandida
endereco,logradouro,"R. XV de Novembro, 2485","Rua Xv de Novembro, 2485",1,abreviação expandida
endereco,logradouro,"R. XV de Novembro, 248","Rua Xv de Novembro, 248",1,abreviação expandida
endereco,logradouro,"R. XV de Novembro, 2479","Rua Xv de Novembro, 2479",1,abreviação expandida
endereco,logradouro,"R. XV de Novembro, 2476","Rua Xv de Novembro, 2476",1,abreviação expandida
endereco,logradouro,"R. XV de Novembro, 2475","Rua Xv de Novembro, 2475",1,abreviação expandida
endereco,logradouro,"R. XV de Novembro, 2473","Rua Xv de Novembro, 2473",1,abreviação expandida
endereco,logradouro,"R. XV de Novembro, 2470","Rua Xv de Novembro, 2470",1,abreviação expandida
endereco,logradouro,"R. XV de Novembro, 2468","Rua Xv de Novembro, 2468",1,abreviação expandida
endereco,logradouro,"R. Brasil, 2434","Rua Brasil, 2434",1,abreviação expandida
endereco,logradouro,"R. XV de Novembro, 2553","Rua Xv de Novembro, 2553",1,abreviação expandida
endereco,logradouro,"R. XV de Novembro, 2552","Rua Xv de Novembro, 2552",1,abreviação expandida
endereco,logradouro,"R. XV de Novembro, 2550","Rua Xv de Novembro, 2550",1,abreviação expandida
endereco,logradouro,"R. XV de Novembro, 2548","Rua Xv de Novembro, 2548",1,abreviação expandida
endereco,logradouro,"R. XV de Novembro, 2546","Rua Xv de Novembro, 2546",1,abreviação expandida
endereco,logradouro,"R. XV de Novembro, 2539","Rua Xv de Novembro, 2539",1,abreviação expandida
endereco,logradouro,"R. XV de Novembro, 2537","Rua Xv de Novembro, 2537",1,abreviação expandida
endereco,logradouro,"R. XV de Novembro, 2530","Rua Xv de Novembro, 2530",1,abreviação expandida
endereco,logradouro,"R. XV de Novembro, 253","Rua Xv de Novembro, 253",1,abreviação expandida
endereco,logradouro,"R. XV de Novembro, 2529","Rua Xv de Novembro, 2529",1,abreviação expandida
endereco,logradouro,"R. XV de Novembro, 2522","Rua Xv de Novembro, 2522",1,abreviação expandida
endereco,logradouro,"R. XV de Novembro, 252","Rua Xv de Novembro, 252",1,abreviação expandida
endereco,logradouro,"R. XV de Novembro, 2519","Rua Xv de Novembro, 2519",1,abreviação expandida
endereco,logradouro,"R. XV de Novembro, 251","Rua Xv de Novembro, 251",1,abreviação expandida
endereco,logradouro,"R. XV de Novembro, 2508","Rua Xv de Novembro, 2508",1,abreviação expandida
endereco,logradouro,"R. XV de Novembro, 2507","Rua Xv de Novembro, 2507",1,abreviação expandida
endereco,logradouro,"R. XV de Novembro, 2599","Rua Xv de Novembro, 2599",1,abreviação expandida
endereco,logradouro,"R. XV de Novembro, 2598","Rua Xv de Novembro, 2598",1,abreviação expandida
endereco,logradouro,"R. XV de Novembro, 2597","Rua Xv de Novembro, 2597",1,abreviação expandida
endereco,logradouro,"R. XV de Novembro, 2593","Rua Xv de Novembro, 2593",1,abreviação expandida
endereco,logradouro,"R. XV de Novembro, 2591","Rua Xv de Novembro, 2591",1,abreviação expandida
endereco,logradouro,"R. XV de Novembro, 2590","Rua Xv de Novembro, 2590",1,abreviação expandida
endereco,logradouro,"R. XV de Novembro, 2588","Rua Xv de Novembro, 2588",1,abreviação expandida
endereco,logradouro,"R. XV de Novembro, 2583","Rua Xv de Novembro, 2583",1,abreviação expandida
endereco,logradouro,"R. XV de Novembro, 2576","Rua Xv de Novembro, 2576",1,abreviação expandida
endereco,logradouro,"R. XV de Novembro, 2574","Rua Xv de Novembro, 2574",1,abreviação expandida
endereco,logradouro,"R. XV de Novembro, 2568","Rua Xv de Novembro, 2568",1,abreviação expandida
endereco,logradouro,"R. XV de Novembro, 2567","Rua Xv de Novembro, 2567",1,abreviação expandida
endereco,logradouro,"R. XV de Novembro, 2566","Rua Xv de Novembro, 2566",1,abreviação expandida
endereco,logradouro,"R. XV de Novembro, 2563","Rua Xv de Novembro, 2563",1,abreviação expandida
endereco,logradouro,"R. XV de Novembro, 256","Rua Xv de Novembro, 256",1,abreviação expandida
endereco,logradouro,"R. XV de Novembro, 2554","Rua Xv de Novembro, 2554",1,abreviação expandida
endereco,logradouro,"R. XV de Novembro, 2668","Rua Xv de Novembro, 2668",1,abreviação expandida
endereco,logradouro,"R. XV de Novembro, 2659","Rua Xv de Novembro, 2659",1,abreviação expandida
endereco,logradouro,"R. XV de Novembro, 2650","Rua Xv de Novembro, 2650",1,abreviação expandida
endereco,logradouro,"R. XV de Novembro, 2649","Rua Xv de Novembro, 2649",1,abreviação expandida
endereco,logradouro,"R. XV de Novembro, 2646","Rua Xv de Novembro, 2646",1,abreviação expandida
endereco,logradouro,"R. XV de Novembro, 2645","Rua Xv de Novembro, 2645",1,abreviação expandida
endereco,logradouro,"R. XV de Novembro, 2631","Rua Xv de Novembro, 2631",1,abreviação expandida
endereco,logradouro,"R. XV de Novembro, 263","Rua Xv de Novembro, 263",1,abreviação expandida
endereco,logradouro,"R. XV de Novembro, 2629","Rua Xv de Novembro, 2629",1,abreviação expandida
endereco,logradouro,"R. XV de Novembro, 2621","Rua Xv de Novembro, 2621",1,abreviação expandida
endereco,logradouro,"R. XV de Novembro, 2620","Rua Xv de Novembro, 2620",1,abreviação expandida
endereco,logradouro,"R. XV de Novembro, 2619","Rua Xv de Novembro, 2619",1,abreviação expandida
endereco,logradouro,"R. XV de Novembro, 2617","Rua Xv de Novembro, 2617",1,abreviação expandida
endereco,logradouro,"R. XV de Novembro, 2604","Rua Xv de Novembro, 2604",1,abreviação expandida
endereco,logradouro,"R. XV de Novembro, 2603","Rua Xv de Novembro, 2603",1,abreviação expandida
endereco,logradouro,"R. XV de Novembro, 26","Rua Xv de Novembro, 26",1,abreviação expandida
endereco,logradouro,"R. XV de Novembro, 2706","Rua Xv de Novembro, 2706",1,abreviação expandida
endereco,logradouro,"R. XV de Novembro, 2705","Rua Xv de Novembro, 2705",1,abreviação expandida
endereco,logradouro,"R. XV de Novembro, 2704","Rua Xv de Novembro, 2704",1,abreviação expandida
endereco,logradouro,"R. XV de Novembro, 2702","Rua Xv de Novembro, 2702",1,abreviação expandida
endereco,logradouro,"R. XV de Novembro, 2697","Rua Xv de Novembro, 2697",1,abreviação expandida
endereco,logradouro,"R. XV de Novembro, 2695","Rua Xv de Novembro, 2695",1,abreviação expandida
endereco,logradouro,"R. XV de Novembro, 2694","Rua Xv de Novembro, 2694",1,abreviação expandida
endereco,logradouro,"R. XV de Novembro, 2691","Rua Xv de Novembro, 2691",1,abreviação expandida
endereco,logradouro,"R. XV de Novembro, 269","Rua Xv de Novembro, 269",1,abreviação expandida
endereco,logradouro,"R. XV de Novembro, 2687","Rua Xv de Novembro, 2687",1,abreviação expandida
endereco,logradouro,"R. XV de Novembro, 2680","Rua Xv de Novembro, 2680",1,abreviação expandida
endereco,logradouro,"R. XV de Novembro, 268","Rua Xv de Novembro, 268",1,abreviação expandida
endereco,logradouro,"R. XV de Novembro, 2678","Rua Xv de Novembro, 2678",1,abreviação expandida
endereco,logradouro,"R. XV de Novembro, 2674","Rua Xv de Novembro, 2674",1,abreviação expandida
endereco,logradouro,"R. XV de Novembro, 2673","Rua Xv de Novembro, 2673",1,abreviação expandida
endereco,logradouro,"R. XV de Novembro, 2672","Rua Xv de Novembro, 2672",1,abreviação expandida
endereco,logradouro,"R. Brasil, 2394","Rua Brasil, 2394",1,abreviação expandida
endereco,logradouro,"R. Brasil, 2389","Rua Brasil, 2389",1,abreviação expandida
endereco,logradouro,"R. Brasil, 2384","Rua Brasil, 2384",1,abreviação expandida
endereco,logradouro,"R. Brasil, 2380","Rua Brasil, 2380",1,abreviação expandida
endereco,logradouro,"R. Brasil, 2374","Rua Brasil, 2374",1,abreviação expandida
endereco,logradouro,"R. Brasil, 2373","Rua Brasil, 2373",1,abreviação expandida
endereco,logradouro,"R. Brasil, 2371","Rua Brasil, 2371",1,abreviação expandida
endereco,logradouro,"R. Brasil, 2366","Rua Brasil, 2366",1,abreviação expandida
endereco,logradouro,"R. Brasil, 2365","Rua Brasil, 2365",1,abreviação expandida
endereco,logradouro,"R. Brasil, 2362","Rua Brasil, 2362",1,abreviação expandida
endereco,logradouro,"R. XV de Novembro, 2727","Rua Xv de Novembro, 2727",1,abreviação expandida
endereco,logradouro,"R. XV de Novembro, 2725","Rua Xv de Novembro, 2725",1,abreviação expandida
endereco,logradouro,"R. XV de Novembro, 2724","Rua Xv de Novembro, 2724",1,abreviação expandida
endereco,logradouro,"R. XV de Novembro, 2720","Rua Xv de Novembro, 2720",1,abreviação expandida
endereco,logradouro,"R. XV de Novembro, 2718","Rua Xv de Novembro, 2718",1,abreviação expandida
endereco,logradouro,"R. XV de Novembro, 2708","Rua Xv de Novembro, 2708",1,abreviação expandida
endereco,logradouro,"R. XV de Novembro, 2786","Rua Xv de Novembro, 2786",1,abreviação expandida
endereco,logradouro,"R. XV de Novembro, 2776","Rua Xv de Novembro, 2776",1,abreviação expandida
endereco,logradouro,"R. XV de Novembro, 2769","Rua Xv de Novembro, 2769",1,abreviação expandida
endereco,logradouro,"R. XV de Novembro, 2768","Rua Xv de Novembro, 2768",1,abreviação expandida
endereco,logradouro,"R. XV de Novembro, 2763","Rua Xv de Novembro, 2763",1,abreviação expandida
endereco,logradouro,"R. XV de Novembro, 2751","Rua Xv de Novembro, 2751",1,abreviação expandida
endereco,logradouro,"R. XV de Novembro, 2747","Rua Xv de Novembro, 2747",1,abreviação expandida
endereco,logradouro,"R. XV de Novembro, 2745","Rua Xv de Novembro, 2745",1,abreviação expandida
endereco,logradouro,"R. XV de Novembro, 2741","Rua Xv de Novembro, 2741",1,abreviação expandida
endereco,logradouro,"R. XV de Novembro, 2740","Rua Xv de Novembro, 2740",1,abreviação expandida
endereco,logradouro,"R. XV de Novembro, 2738","Rua Xv de Novembro, 2738",1,abreviação expandida
endereco,logradouro,"R. XV de Novembro, 2731","Rua Xv de Novembro, 2731",1,abreviação expandida
endereco,logradouro,"R. XV de Novembro, 2730","Rua Xv de Novembro, 2730",1,abreviação expandida
endereco,logradouro,"R. XV de Novembro, 273","Rua Xv de Novembro, 273",1,abreviação expandida
endereco,logradouro,"R. Brasil, 24","Rua Brasil, 24",1,abreviação expandida
endereco,logradouro,"R. Brasil, 2397","Rua Brasil, 2397",1,abreviação expandida
endereco,logradouro,"R. XV de Novembro, 2834","Rua Xv de Novembro, 2834",1,abreviação expandida
endereco,logradouro,"R. XV de Novembro, 2832","Rua Xv de Novembro, 2832",1,abreviação expandida
endereco,logradouro,"R. XV de Novembro, 2824","Rua Xv de Novembro, 2824",1,abreviação expandida
endereco,logradouro,"R. XV de Novembro, 2823","Rua Xv de Novembro, 2823",1,abreviação expandida
endereco,logradouro,"R. XV de Novembro, 2820","Rua Xv de Novembro, 2820",1,abreviação expandida
endereco,logradouro,"R. XV de Novembro, 282","Rua Xv de Novembro, 282",1,abreviação expandida
endereco,logradouro,"R. XV de Novembro, 2817","Rua Xv de Novembro, 2817",1,abreviação expandida
endereco,logradouro,"R. XV de Novembro, 2816","Rua Xv de Novembro, 2816",1,abreviação expandida
endereco,logradouro,"R. XV de Novembro, 2813","Rua Xv de Novembro, 2813",1,abreviação expandida
endereco,logradouro,"R. XV de Novembro, 2812","Rua Xv de Novembro, 2812",1,abreviação expandida
endereco,logradouro,"R. XV de Novembro, 281","Rua Xv de Novembro, 281",1,abreviação expandida
endereco,logradouro,"R. XV de Novembro, 2809","Rua Xv de Novembro, 2809",1,abreviação expandida
endereco,logradouro,"R. XV de Novembro, 2806","Rua Xv de Novembro, 2806",1,abreviação expandida
endereco,logradouro,"R. XV de Novembro, 280","Rua Xv de Novembro, 280",1,abreviação expandida
endereco,logradouro,"R. XV de Novembro, 2791","Rua Xv de Novembro, 2791",1,abreviação expandida
endereco,logradouro,"R. XV de Novembro, 2789","Rua Xv de Novembro, 2789",1,abreviação expandida
endereco,logradouro,"R. XV de Novembro, 2882","Rua Xv de Novembro, 2882",1,abreviação expandida
endereco,logradouro,"R. XV de Novembro, 288","Rua Xv de Novembro, 288",1,abreviação expandida
endereco,logradouro,"R. XV de Novembro, 2878","Rua Xv de Novembro, 2878",1,abreviação expandida
endereco,logradouro,"R. XV de Novembro, 2874","Rua Xv de Novembro, 2874",1,abreviação expandida
endereco,logradouro,"R. XV de Novembro, 2870","Rua Xv de Novembro, 2870",1,abreviação expandida
endereco,logradouro,"R. XV de Novembro, 2868","Rua Xv de Novembro, 2868",1,abreviação expandida
endereco,logradouro,"R. XV de Novembro, 2866","Rua Xv de Novembro, 2866",1,abreviação expandida
endereco,logradouro,"R. XV de Novembro, 2864","Rua Xv de Novembro, 2864",1,abreviação expandida
endereco,logradouro,"R. XV de Novembro, 2863","Rua Xv de Novembro, 2863",1,abreviação expandida
endereco,logradouro,"R. XV de Novembro, 2857","Rua Xv de Novembro, 2857",1,abreviação expandida
endereco,logradouro,"R. XV de Novembro, 2853","Rua Xv de Novembro, 2853",1,abreviação expandida
endereco,logradouro,"R. XV de Novembro, 2843","Rua Xv de Novembro, 2843",1,abreviação expandida
endereco,logradouro,"R. XV de Novembro, 2841","Rua Xv de Novembro, 2841",1,abreviação expandida
endereco,logradouro,"R. XV de Novembro, 2840","Rua Xv de Novembro, 2840",1,abreviação expandida
endereco,logradouro,"R. XV de Novembro, 2839","Rua Xv de Novembro, 2839",1,abreviação expandida
endereco,logradouro,"R. XV de Novembro, 2838","Rua Xv de Novembro, 2838",1,abreviação expandida
endereco,logradouro,"R. Brasil, 2347","Rua Brasil, 2347",1,abreviação expandida
endereco,logradouro,"R. Brasil, 2342","Rua Brasil, 2342",1,abreviação expandida
endereco,logradouro,"R. Brasil, 2340","Rua Brasil, 2340",1,abreviação expandida
endereco,logradouro,"R. Brasil, 2338","Rua Brasil, 2338",1,abreviação expandida
endereco,logradouro,"R. Brasil, 2336","Rua Brasil, 2336",1,abreviação expandida
endereco,logradouro,"R. Brasil, 2333","Rua Brasil, 2333",1,abreviação expandida
endereco,logradouro,"R. Brasil, 233","Rua Brasil, 233",1,abreviação expandida
endereco,logradouro,"R. Brasil, 2327","Rua Brasil, 2327",1,abreviação expandida
endereco,logradouro,"R. Brasil, 2322","Rua Brasil, 2322",1,abreviação expandida
endereco,logradouro,"R. Brasil, 2320","Rua Brasil, 2320",1,abreviação expandida
endereco,logradouro,"R. Brasil, 2317","Rua Brasil, 2317",1,abreviação expandida
endereco,logradouro,"R. XV de Novembro, 2899","Rua Xv de Novembro, 2899",1,abreviação expandida
endereco,logradouro,"R. XV de Novembro, 2896","Rua Xv de Novembro, 2896",1,abreviação expandida
endereco,logradouro,"R. XV de Novembro, 2895","Rua Xv de Novembro, 2895",1,abreviação expandida
endereco,logradouro,"R. XV de Novembro, 2892","Rua Xv de Novembro, 2892",1,abreviação expandida
endereco,logradouro,"R. XV de Novembro, 2886","Rua Xv de Novembro, 2886",1,abreviação expandida
endereco,logradouro,"R. XV de Novembro, 2942","Rua Xv de Novembro, 2942",1,abreviação expandida
endereco,logradouro,"R. XV de Novembro, 2937","Rua Xv de Novembro, 2937",1,abreviação expandida
endereco,logradouro,"R. XV de Novembro, 2936","Rua Xv de Novembro, 2936",1,abreviação expandida
endereco,logradouro,"R. XV de Novembro, 293","Rua Xv de Novembro, 293",1,abreviação expandida
endereco,logradouro,"R. XV de Novembro, 2928","Rua Xv de Novembro, 2928",1,abreviação expandida
endereco,logradouro,"R. XV de Novembro, 2927","Rua Xv de Novembro, 2927",1,abreviação expandida
endereco,logradouro,"R. XV de Novembro, 2925","Rua Xv de Novembro, 2925",1,abreviação expandida
endereco,logradouro,"R. XV de Novembro, 2913","Rua Xv de Novembro, 2913",1,abreviação expandida
endereco,logradouro,"R. XV de Novembro, 291","Rua Xv de Novembro, 291",1,abreviação expandida
endereco,logradouro,"R. XV de Novembro, 2902","Rua Xv de Novembro, 2902",1,abreviação expandida
endereco,logradouro,"R. XV de Novembro, 2900","Rua Xv de Novembro, 2900",1,abreviação expandida
endereco,logradouro,"R. XV de Novembro, 29","Rua Xv de Novembro, 29",1,abreviação expandida
endereco,logradouro,"R. Brasil, 2360","Rua Brasil, 2360",1,abreviação expandida
endereco,logradouro,"R. Brasil, 2354","Rua Brasil, 2354",1,abreviação expandida
endereco,logradouro,"R. Brasil, 235","Rua Brasil, 235",1,abreviação expandida
endereco,logradouro,"R. Brasil, 2349","Rua Brasil, 2349",1,abreviação expandida
endereco,logradouro,"R. XV de Novembro, 30","Rua Xv de Novembro, 30",1,abreviação expandida
endereco,logradouro,"R. XV de Novembro, 2997","Rua Xv de Novembro, 2997",1,abreviação expandida
endereco,logradouro,"R. XV de Novembro, 2996","Rua Xv de Novembro, 2996",1,abreviação expandida
endereco,logradouro,"R. XV de Novembro, 2993","Rua Xv de Novembro, 2993",1,abreviação expandida
endereco,logradouro,"R. XV de Novembro, 2992","Rua Xv de Novembro, 2992",1,abreviação expandida
endereco,logradouro,"R. XV de Novembro, 2984","Rua Xv de Novembro, 2984",1,abreviação expandida
endereco,logradouro,"R. XV de Novembro, 2983","Rua Xv de Novembro, 2983",1,abreviação expandida
endereco,logradouro,"R. XV de Novembro, 2980","Rua Xv de Novembro, 2980",1,abreviação expandida
endereco,logradouro,"R. XV de Novembro, 298","Rua Xv de Novembro, 298",1,abreviação expandida
endereco,logradouro,"R. XV de Novembro, 2979","Rua Xv de Novembro, 2979",1,abreviação expandida
endereco,logradouro,"R. XV de Novembro, 2973","Rua Xv de Novembro, 2973",1,abreviação expandida
endereco,logradouro,"R. XV de Novembro, 2968","Rua Xv de Novembro, 2968",1,abreviação expandida
endereco,logradouro,"R. XV de Novembro, 2966","Rua Xv de Novembro, 2966",1,abreviação expandida
endereco,logradouro,"R. XV de Novembro, 2963","Rua Xv de Novembro, 2963",1,abreviação expandida
endereco,logradouro,"R. XV de Novembro, 2957","Rua Xv de Novembro, 2957",1,abreviação expandida
endereco,logradouro,"R. XV de Novembro, 295","Rua Xv de Novembro, 295",1,abreviação expandida
endereco,logradouro,"R. XV de Novembro, 305","Rua Xv de Novembro, 305",1,abreviação expandida
endereco,logradouro,"R. XV de Novembro, 3048","Rua Xv de Novembro, 3048",1,abreviação expandida
endereco,logradouro,"R. XV de Novembro, 3046","Rua Xv de Novembro, 3046",1,abreviação expandida
endereco,logradouro,"R. XV de Novembro, 3045","Rua Xv de Novembro, 3045",1,abreviação expandida
endereco,logradouro,"R. XV de Novembro, 3044","Rua Xv de Novembro, 3044",1,abreviação expandida
endereco,logradouro,"R. XV de Novembro, 3043","Rua Xv de Novembro, 3043",1,abreviação expandida
endereco,logradouro,"R. XV de Novembro, 3041","Rua Xv de Novembro, 3041",1,abreviação expandida
endereco,logradouro,"R. XV de Novembro, 3033","Rua Xv de Novembro, 3033",1,abreviação expandida
endereco,logradouro,"R. XV de Novembro, 3031","Rua Xv de Novembro, 3031",1,abreviação expandida
endereco,logradouro,"R. XV de Novembro, 3030","Rua Xv de Novembro, 3030",1,abreviação expandida
endereco,logradouro,"R. XV de Novembro, 3026","Rua Xv de Novembro, 3026",1,abreviação expandida
endereco,logradouro,"R. XV de Novembro, 3023","Rua Xv de Novembro, 3023",1,abreviação expandida
endereco,logradouro,"R. XV de Novembro, 3022","Rua Xv de Novembro, 3022",1,abreviação expandida
endereco,logradouro,"R. XV de Novembro, 3020","Rua Xv de Novembro, 3020",1,abreviação expandida
endereco,logradouro,"R. XV de Novembro, 3012","Rua Xv de Novembro, 3012",1,abreviação expandida
endereco,logradouro,"R. XV de Novembro, 3008","Rua Xv de Novembro, 3008",1,abreviação expandida
endereco,logradouro,"R. Brasil, 2309","Rua Brasil, 2309",1,abreviação expandida
endereco,logradouro,"R. Brasil, 2306","Rua Brasil, 2306",1,abreviação expandida
endereco,logradouro,"R. Brasil, 2304","Rua Brasil, 2304",1,abreviação expandida
endereco,logradouro,"R. Brasil, 2300","Rua Brasil, 2300",1,abreviação expandida
endereco,logradouro,"R. Brasil, 2299","Rua Brasil, 2299",1,abreviação expandida
endereco,logradouro,"R. Brasil, 2294","Rua Brasil, 2294",1,abreviação expandida
endereco,logradouro,"R. Brasil, 229","Rua Brasil, 229",1,abreviação expandida
endereco,logradouro,"R. Brasil, 2287","Rua Brasil, 2287",1,abreviação expandida
endereco,logradouro,"R. Brasil, 2284","Rua Brasil, 2284",1,abreviação expandida
endereco,logradouro,"R. XV de Novembro, 3065","Rua Xv de Novembro, 3065",1,abreviação expandida
endereco,logradouro,"R. XV de Novembro, 3061","Rua Xv de Novembro, 3061",1,abreviação expandida
endereco,logradouro,"R. XV de Novembro, 3058","Rua Xv de Novembro, 3058",1,abreviação expandida
endereco,logradouro,"R. XV de Novembro, 3057","Rua Xv de Novembro, 3057",1,abreviação expandida
endereco,logradouro,"R. XV de Novembro, 3056","Rua Xv de Novembro, 3056",1,abreviação expandida
endereco,logradouro,"R. XV de Novembro, 3053","Rua Xv de Novembro, 3053",1,abreviação expandida
endereco,logradouro,"R. XV de Novembro, 3051","Rua Xv de Novembro, 3051",1,abreviação expandida
endereco,logradouro,"R. XV de Novembro, 3117","Rua Xv de Novembro, 3117",1,abreviação expandida
endereco,logradouro,"R. XV de Novembro, 3112","Rua Xv de Novembro, 3112",1,abreviação expandida
endereco,logradouro,"R. XV de Novembro, 3111","Rua Xv de Novembro, 3111",1,abreviação expandida
endereco,logradouro,"R. XV de Novembro, 3109","Rua Xv de Novembro, 3109",1,abreviação expandida
endereco,logradouro,"R. XV de Novembro, 3106","Rua Xv de Novembro, 3106",1,abreviação expandida
endereco,logradouro,"R. XV de Novembro, 3105","Rua Xv de Novembro, 3105",1,abreviação expandida
endereco,logradouro,"R. XV de Novembro, 3093","Rua Xv de Novembro, 3093",1,abreviação expandida
endereco,logradouro,"R. XV de Novembro, 3086","Rua Xv de Novembro, 3086",1,abreviação expandida
endereco,logradouro,"R. XV de Novembro, 3081","Rua Xv de Novembro, 3081",1,abreviação expandida
endereco,logradouro,"R. XV de Novembro, 3079","Rua Xv de Novembro, 3079",1,abreviação expandida
endereco,logradouro,"R. XV de Novembro, 3078","Rua Xv de Novembro, 3078",1,abreviação expandida
endereco,logradouro,"R. Brasil, 2316","Rua Brasil, 2316",1,abreviação expandida
endereco,logradouro,"R. Brasil, 2315","Rua Brasil, 2315",1,abreviação expandida
endereco,logradouro,"R. Brasil, 2314","Rua Brasil, 2314",1,abreviação expandida
endereco,logradouro,"R. Brasil, 2311","Rua Brasil, 2311",1,abreviação expandida
endereco,logradouro,"R. Brasil, 231","Rua Brasil, 231",1,abreviação expandida
endereco,logradouro,"R. XV de Novembro, 3182","Rua Xv de Novembro, 3182",1,abreviação expandida
endereco,logradouro,"R. XV de Novembro, 3175","Rua Xv de Novembro, 3175",1,abreviação expandida
endereco,logradouro,"R. XV de Novembro, 3174","Rua Xv de Novembro, 3174",1,abreviação expandida
endereco,logradouro,"R. XV de Novembro, 3170","Rua Xv de Novembro, 3170",1,abreviação expandida
endereco,logradouro,"R. XV de Novembro, 317","Rua Xv de Novembro, 317",1,abreviação expandida
endereco,logradouro,"R. XV de Novembro, 3162","Rua Xv de Novembro, 3162",1,abreviação expandida
endereco,logradouro,"R. XV de Novembro, 3158","Rua Xv de Novembro, 3158",1,abreviação expandida
endereco,logradouro,"R. XV de Novembro, 3157","Rua Xv de Novembro, 3157",1,abreviação expandida
endereco,logradouro,"R. XV de Novembro, 3152","Rua Xv de Novembro, 3152",1,abreviação expandida
endereco,logradouro,"R. XV de Novembro, 3151","Rua Xv de Novembro, 3151",1,abreviação expandida
endereco,logradouro,"R. XV de Novembro, 3150","Rua Xv de Novembro, 3150",1,abreviação expandida
endereco,logradouro,"R. XV de Novembro, 315","Rua Xv de Novembro, 315",1,abreviação expandida
endereco,logradouro,"R. XV de Novembro, 3133","Rua Xv de Novembro, 3133",1,abreviação expandida
endereco,logradouro,"R. XV de Novembro, 3128","Rua Xv de Novembro, 3128",1,abreviação expandida
endereco,logradouro,"R. XV de Novembro, 3127","Rua Xv de Novembro, 3127",1,abreviação expandida
endereco,logradouro,"R. XV de Novembro, 3120","Rua Xv de Novembro, 3120",1,abreviação expandida
endereco,logradouro,"R. XV de Novembro, 3221","Rua Xv de Novembro, 3221",1,abreviação expandida
endereco,logradouro,"R. XV de Novembro, 3220","Rua Xv de Novembro, 3220",1,abreviação expandida
endereco,logradouro,"R. XV de Novembro, 3217","Rua Xv de Novembro, 3217",1,abreviação expandida
endereco,logradouro,"R. XV de Novembro, 3215","Rua Xv de Novembro, 3215",1,abreviação expandida
endereco,logradouro,"R. XV de Novembro, 321","Rua Xv de Novembro, 321",1,abreviação expandida
endereco,logradouro,"R. XV de Novembro, 3208","Rua Xv de Novembro, 3208",1,abreviação expandida
endereco,logradouro,"R. XV de Novembro, 3207","Rua Xv de Novembro, 3207",1,abreviação expandida
endereco,logradouro,"R. XV de Novembro, 3201","Rua Xv de Novembro, 3201",1,abreviação expandida
endereco,logradouro,"R. XV de Novembro, 3196","Rua Xv de Novembro, 3196",1,abreviação expandida
endereco,logradouro,"R. XV de Novembro, 3195","Rua Xv de Novembro, 3195",1,abreviação expandida
endereco,logradouro,"R. XV de Novembro, 3191","Rua Xv de Novembro, 3191",1,abreviação expandida
endereco,logradouro,"R. XV de Novembro, 3190","Rua Xv de Novembro, 3190",1,abreviação expandida
endereco,logradouro,"R. XV de Novembro, 3189","Rua Xv de Novembro, 3189",1,abreviação expandida
endereco,logradouro,"R. XV de Novembro, 3187","Rua Xv de Novembro, 3187",1,abreviação expandida
endereco,logradouro,"R. XV de Novembro, 3186","Rua Xv de Novembro, 3186",1,abreviação expandida
endereco,logradouro,"R. XV de Novembro, 3185","Rua Xv de Novembro, 3185",1,abreviação expandida
endereco,logradouro,"R. Brasil, 2274","Rua Brasil, 2274",1,abreviação expandida
endereco,logradouro,"R. Brasil, 2270","Rua Brasil, 2270",1,abreviação expandida
endereco,logradouro,"R. Brasil, 2256","Rua Brasil, 2256",1,abreviação expandida
endereco,logradouro,"R. Brasil, 2253","Rua Brasil, 2253",1,abreviação expandida
endereco,logradouro,"R. Brasil, 2243","Rua Brasil, 2243",1,abreviação expandida
endereco,logradouro,"R. Brasil, 2241","Rua Brasil, 2241",1,abreviação expandida
endereco,logradouro,"R. Brasil, 2240","Rua Brasil, 2240",1,abreviação expandida
endereco,logradouro,"R. Brasil, 2239","Rua Brasil, 2239",1,abreviação expandida
endereco,logradouro,"R. Brasil, 2234","Rua Brasil, 2234",1,abreviação expandida
endereco,logradouro,"R. Brasil, 2233","Rua Brasil, 2233",1,abreviação expandida
endereco,logradouro,"R. Brasil, 2232","Rua Brasil, 2232",1,abreviação expandida
endereco,logradouro,"R. Brasil, 2231","Rua Brasil, 2231",1,abreviação expandida
endereco,logradouro,"R. Brasil, 223","Rua Brasil, 223",1,abreviação expandida
endereco,logradouro,"R. XV de Novembro, 3245","Rua Xv de Novembro, 3245",1,abreviação expandida
endereco,logradouro,"R. XV de Novembro, 3229","Rua Xv de Novembro, 3229",1,abreviação expandida
endereco,logradouro,"R. XV de Novembro, 3226","Rua Xv de Novembro, 3226",1,abreviação expandida
endereco,logradouro,"R. XV de Novembro, 3303","Rua Xv de Novembro, 3303",1,abreviação expandida
endereco,logradouro,"R. XV de Novembro, 3300","Rua Xv de Novembro, 3300",1,abreviação expandida
endereco,logradouro,"R. XV de Novembro, 3295","Rua Xv de Novembro, 3295",1,abreviação expandida
endereco,logradouro,"R. XV de Novembro, 3293","Rua Xv de Novembro, 3293",1,abreviação expandida
endereco,logradouro,"R. XV de Novembro, 3292","Rua Xv de Novembro, 3292",1,abreviação expandida
endereco,logradouro,"R. XV de Novembro, 3287","Rua Xv de Novembro, 3287",1,abreviação expandida
endereco,logradouro,"R. XV de Novembro, 3286","Rua Xv de Novembro, 3286",1,abreviação expandida
endereco,logradouro,"R. XV de Novembro, 3277","Rua Xv de Novembro, 3277",1,abreviação expandida
endereco,logradouro,"R. XV de Novembro, 3271","Rua Xv de Novembro, 3271",1,abreviação expandida
endereco,logradouro,"R. XV de Novembro, 3269","Rua Xv de Novembro, 3269",1,abreviação expandida
endereco,logradouro,"R. XV de Novembro, 3264","Rua Xv de Novembro, 3264",1,abreviação expandida
endereco,logradouro,"R. XV de Novembro, 3256","Rua Xv de Novembro, 3256",1,abreviação expandida
endereco,logradouro,"R. XV de Novembro, 3255","Rua Xv de Novembro, 3255",1,abreviação expandida
endereco,logradouro,"R. Brasil, 2280","Rua Brasil, 2280",1,abreviação expandida
endereco,logradouro,"R. Brasil, 2278","Rua Brasil, 2278",1,abreviação expandida
endereco,logradouro,"R. Brasil, 2277","Rua Brasil, 2277",1,abreviação expandida
endereco,logradouro,"R. XV de Novembro, 3352","Rua Xv de Novembro, 3352",1,abreviação expandida
endereco,logradouro,"R. XV de Novembro, 3348","Rua Xv de Novembro, 3348",1,abreviação expandida
endereco,logradouro,"R. XV de Novembro, 3346","Rua Xv de Novembro, 3346",1,abreviação expandida
endereco,logradouro,"R. XV de Novembro, 3342","Rua Xv de Novembro, 3342",1,abreviação expandida
endereco,logradouro,"R. XV de Novembro, 3339","Rua Xv de Novembro, 3339",1,abreviação expandida
endereco,logradouro,"R. XV de Novembro, 3336","Rua Xv de Novembro, 3336",1,abreviação expandida
endereco,logradouro,"R. XV de Novembro, 3335","Rua Xv de Novembro, 3335",1,abreviação expandida
endereco,logradouro,"R. XV de Novembro, 3333","Rua Xv de Novembro, 3333",1,abreviação expandida
endereco,logradouro,"R. XV de Novembro, 3328","Rua Xv de Novembro, 3328",1,abreviação expandida
endereco,logradouro,"R. XV de Novembro, 3326","Rua Xv de Novembro, 3326",1,abreviação expandida
endereco,logradouro,"R. XV de Novembro, 3323","Rua Xv de Novembro, 3323",1,abreviação expandida
endereco,logradouro,"R. XV de Novembro, 332","Rua Xv de Novembro, 332",1,abreviação expandida
endereco,logradouro,"R. XV de Novembro, 3318","Rua Xv de Novembro, 3318",1,abreviação expandida
endereco,logradouro,"R. XV de Novembro, 3312","Rua Xv de Novembro, 3312",1,abreviação expandida
endereco,logradouro,"R. XV de Novembro, 3306","Rua Xv de Novembro, 3306",1,abreviação expandida
endereco,logradouro,"R. XV de Novembro, 3305","Rua Xv de Novembro, 3305",1,abreviação expandida
endereco,logradouro,"R. XV de Novembro, 3389","Rua Xv de Novembro, 3389",1,abreviação expandida
endereco,logradouro,"R. XV de Novembro, 3387","Rua Xv de Novembro, 3387",1,abreviação expandida
endereco,logradouro,"R. XV de Novembro, 3385","Rua Xv de Novembro, 3385",1,abreviação expandida
endereco,logradouro,"R. XV de Novembro, 3383","Rua Xv de Novembro, 3383",1,abreviação expandida
endereco,logradouro,"R. XV de Novembro, 3382","Rua Xv de Novembro, 3382",1,abreviação expandida
endereco,logradouro,"R. XV de Novembro, 3381","Rua Xv de Novembro, 3381",1,abreviação expandida
endereco,logradouro,"R. XV de Novembro, 3377","Rua Xv de Novembro, 3377",1,abreviação expandida
endereco,logradouro,"R. XV de Novembro, 3374","Rua Xv de Novembro, 3374",1,abreviação expandida
endereco,logradouro,"R. XV de Novembro, 3368","Rua Xv de Novembro, 3368",1,abreviação expandida
endereco,logradouro,"R. XV de Novembro, 3366","Rua Xv de Novembro, 3366",1,abreviação expandida
endereco,logradouro,"R. XV de Novembro, 3365","Rua Xv de Novembro, 3365",1,abreviação expandida
endereco,logradouro,"R. XV de Novembro, 3364","Rua Xv de Novembro, 3364",1,abreviação expandida
endereco,logradouro,"R. XV de Novembro, 3363","Rua Xv de Novembro, 3363",1,abreviação expandida
endereco,logradouro,"R. XV de Novembro, 3357","Rua Xv de Novembro, 3357",1,abreviação expandida
endereco,logradouro,"R. XV de Novembro, 3355","Rua Xv de Novembro, 3355",1,abreviação expandida
endereco,logradouro,"R. XV de Novembro, 3354","Rua Xv de Novembro, 3354",1,abreviação expandida
endereco,logradouro,"R. XV de Novembro, 3441","Rua Xv de Novembro, 3441",1,abreviação expandida
endereco,logradouro,"R. XV de Novembro, 3440","Rua Xv de Novembro, 3440",1,abreviação expandida
endereco,logradouro,"R. XV de Novembro, 3438","Rua Xv de Novembro, 3438",1,abreviação expandida
endereco,logradouro,"R. XV de Novembro, 3435","Rua Xv de Novembro, 3435",1,abreviação expandida
endereco,logradouro,"R. XV de Novembro, 343","Rua Xv de Novembro, 343",1,abreviação expandida
endereco,logradouro,"R. XV de Novembro, 3428","Rua Xv de Novembro, 3428",1,abreviação expandida
endereco,logradouro,"R. XV de Novembro, 3423","Rua Xv de Novembro, 3423",1,abreviação expandida
endereco,logradouro,"R. XV de Novembro, 3420","Rua Xv de Novembro, 3420",1,abreviação expandida
endereco,logradouro,"R. XV de Novembro, 3418","Rua Xv de Novembro, 3418",1,abreviação expandida
endereco,logradouro,"R. XV de Novembro, 3416","Rua Xv de Novembro, 3416",1,abreviação expandida
endereco,logradouro,"R. XV de Novembro, 3414","Rua Xv de Novembro, 3414",1,abreviação expandida
endereco,logradouro,"R. XV de Novembro, 3412","Rua Xv de Novembro, 3412",1,abreviação expandida
endereco,logradouro,"R. XV de Novembro, 3410","Rua Xv de Novembro, 3410",1,abreviação expandida
endereco,logradouro,"R. XV de Novembro, 3406","Rua Xv de Novembro, 3406",1,abreviação expandida
endereco,logradouro,"R. XV de Novembro, 3405","Rua Xv de Novembro, 3405",1,abreviação expandida
endereco,logradouro,"R. XV de Novembro, 3397","Rua Xv de Novembro, 3397",1,abreviação expandida
endereco,logradouro,"R. XV de Novembro, 3501","Rua Xv de Novembro, 3501",1,abreviação expandida
endereco,logradouro,"R. XV de Novembro, 3499","Rua Xv de Novembro, 3499",1,abreviação expandida
endereco,logradouro,"R. XV de Novembro, 3498","Rua Xv de Novembro, 3498",1,abreviação expandida
endereco,logradouro,"R. XV de Novembro, 3497","Rua Xv de Novembro, 3497",1,abreviação expandida
endereco,logradouro,"R. XV de Novembro, 3495","Rua Xv de Novembro, 3495",1,abreviação expandida
endereco,logradouro,"R. XV de Novembro, 3492","Rua Xv de Novembro, 3492",1,abreviação expandida
endereco,logradouro,"R. XV de Novembro, 349","Rua Xv de Novembro, 349",1,abreviação expandida
endereco,logradouro,"R. XV de Novembro, 3489","Rua Xv de Novembro, 3489",1,abreviação expandida
endereco,logradouro,"R. XV de Novembro, 3487","Rua Xv de Novembro, 3487",1,abreviação expandida
endereco,logradouro,"R. XV de Novembro, 3486","Rua Xv de Novembro, 3486",1,abreviação expandida
endereco,logradouro,"R. XV de Novembro, 3481","Rua Xv de Novembro, 3481",1,abreviação expandida
endereco,logradouro,"R. XV de Novembro, 3480","Rua Xv de Novembro, 3480",1,abreviação expandida
endereco,logradouro,"R. XV de Novembro, 3474","Rua Xv de Novembro, 3474",1,abreviação expandida
endereco,logradouro,"R. XV de Novembro, 3462","Rua Xv de Novembro, 3462",1,abreviação expandida
endereco,logradouro,"R. XV de Novembro, 3452","Rua Xv de Novembro, 3452",1,abreviação expandida
endereco,logradouro,"R. XV de Novembro, 3448","Rua Xv de Novembro, 3448",1,abreviação expandida
endereco,logradouro,"R. Brasil, 2210","Rua Brasil, 2210",1,abreviação expandida
endereco,logradouro,"R. Brasil, 2199","Rua Brasil, 2199",1,abreviação expandida
endereco,logradouro,"R. Brasil, 2196","Rua Brasil, 2196",1,abreviação expandida
endereco,logradouro,"R. Brasil, 2193","Rua Brasil, 2193",1,abreviação expandida
endereco,logradouro,"R. Brasil, 2190","Rua Brasil, 2190",1,abreviação expandida
endereco,logradouro,"R. Brasil, 2189","Rua Brasil, 2189",1,abreviação expandida
endereco,logradouro,"R. Brasil, 2188","Rua Brasil, 2188",1,abreviação expandida
endereco,logradouro,"R. Brasil, 2180","Rua Brasil, 2180",1,abreviação expandida
endereco,logradouro,"R. Brasil, 2179","Rua Brasil, 2179",1,abreviação expandida
endereco,logradouro,"R. XV de Novembro, 3521","Rua Xv de Novembro, 3521",1,abreviação expandida
endereco,logradouro,"R. XV de Novembro, 3519","Rua Xv de Novembro, 3519",1,abreviação expandida
endereco,logradouro,"R. XV de Novembro, 3516","Rua Xv de Novembro, 3516",1,abreviação expandida
endereco,logradouro,"R. XV de Novembro, 3514","Rua Xv de Novembro, 3514",1,abreviação expandida
endereco,logradouro,"R. XV de Novembro, 3513","Rua Xv de Novembro, 3513",1,abreviação expandida
endereco,logradouro,"R. XV de Novembro, 3512","Rua Xv de Novembro, 3512",1,abreviação expandida
endereco,logradouro,"R. XV de Novembro, 3506","Rua Xv de Novembro, 3506",1,abreviação expandida
endereco,logradouro,"R. XV de Novembro, 3565","Rua Xv de Novembro, 3565",1,abreviação expandida
endereco,logradouro,"R. XV de Novembro, 3563","Rua Xv de Novembro, 3563",1,abreviação expandida
endereco,logradouro,"R. XV de Novembro, 3543","Rua Xv de Novembro, 3543",1,abreviação expandida
endereco,logradouro,"R. XV de Novembro, 3539","Rua Xv de Novembro, 3539",1,abreviação expandida
endereco,logradouro,"R. XV de Novembro, 3535","Rua Xv de Novembro, 3535",1,abreviação expandida
endereco,logradouro,"R. XV de Novembro, 3534","Rua Xv de Novembro, 3534",1,abreviação expandida
endereco,logradouro,"R. XV de Novembro, 3533","Rua Xv de Novembro, 3533",1,abreviação expandida
endereco,logradouro,"R. XV de Novembro, 3531","Rua Xv de Novembro, 3531",1,abreviação expandida
endereco,logradouro,"R. XV de Novembro, 3530","Rua Xv de Novembro, 3530",1,abreviação expandida
endereco,logradouro,"R. XV de Novembro, 3528","Rua Xv de Novembro, 3528",1,abreviação expandida
endereco,logradouro,"R. XV de Novembro, 3525","Rua Xv de Novembro, 3525",1,abreviação expandida
endereco,logradouro,"R. XV de Novembro, 3524","Rua Xv de Novembro, 3524",1,abreviação expandida
endereco,logradouro,"R. Brasil, 2226","Rua Brasil, 2226",1,abreviação expandida
endereco,logradouro,"R. Brasil, 2220","Rua Brasil, 2220",1,abreviação expandida
endereco,logradouro,"R. Brasil, 2214","Rua Brasil, 2214",1,abreviação expandida
endereco,logradouro,"R. Brasil, 2211","Rua Brasil, 2211",1,abreviação expandida
endereco,logradouro,"R. XV de Novembro, 361","Rua Xv de Novembro, 361",1,abreviação expandida
endereco,logradouro,"R. XV de Novembro, 3609","Rua Xv de Novembro, 3609",1,abreviação expandida
endereco,logradouro,"R. XV de Novembro, 3608","Rua Xv de Novembro, 3608",1,abreviação expandida
endereco,logradouro,"R. XV de Novembro, 36","Rua Xv de Novembro, 36",1,abreviação expandida
endereco,logradouro,"R. XV de Novembro, 3598","Rua Xv de Novembro, 3598",1,abreviação expandida
endereco,logradouro,"R. XV de Novembro, 3597","Rua Xv de Novembro, 3597",1,abreviação expandida
endereco,logradouro,"R. XV de Novembro, 3591","Rua Xv de Novembro, 3591",1,abreviação expandida
endereco,logradouro,"R. XV de Novembro, 3589","Rua Xv de Novembro, 3589",1,abreviação expandida
endereco,logradouro,"R. XV de Novembro, 3586","Rua Xv de Novembro, 3586",1,abreviação expandida
endereco,logradouro,"R. XV de Novembro, 3585","Rua Xv de Novembro, 3585",1,abreviação expandida
endereco,logradouro,"R. XV de Novembro, 3582","Rua Xv de Novembro, 3582",1,abreviação expandida
endereco,logradouro,"R. XV de Novembro, 3578","Rua Xv de Novembro, 3578",1,abreviação expandida
endereco,logradouro,"R. XV de Novembro, 3576","Rua Xv de Novembro, 3576",1,abreviação expandida
endereco,logradouro,"R. XV de Novembro, 3575","Rua Xv de Novembro, 3575",1,abreviação expandida
endereco,logradouro,"R. XV de Novembro, 357","Rua Xv de Novembro, 357",1,abreviação expandida
endereco,logradouro,"R. XV de Novembro, 3566","Rua Xv de Novembro, 3566",1,abreviação expandida
endereco,logradouro,"R. XV de Novembro, 3667","Rua Xv de Novembro, 3667",1,abreviação expandida
endereco,logradouro,"R. XV de Novembro, 3663","Rua Xv de Novembro, 3663",1,abreviação expandida
endereco,logradouro,"R. XV de Novembro, 3658","Rua Xv de Novembro, 3658",1,abreviação expandida
endereco,logradouro,"R. XV de Novembro, 3656","Rua Xv de Novembro, 3656",1,abreviação expandida
endereco,logradouro,"R. XV de Novembro, 3655","Rua Xv de Novembro, 3655",1,abreviação expandida
endereco,logradouro,"R. XV de Novembro, 3653","Rua Xv de Novembro, 3653",1,abreviação expandida
endereco,logradouro,"R. XV de Novembro, 3648","Rua Xv de Novembro, 3648",1,abreviação expandida
endereco,logradouro,"R. XV de Novembro, 3641","Rua Xv de Novembro, 3641",1,abreviação expandida
endereco,logradouro,"R. XV de Novembro, 3638","Rua Xv de Novembro, 3638",1,abreviação expandida
endereco,logradouro,"R. XV de Novembro, 3632","Rua Xv de Novembro, 3632",1,abreviação expandida
endereco,logradouro,"R. XV de Novembro, 3631","Rua Xv de Novembro, 3631",1,abreviação expandida
endereco,logradouro,"R. XV de Novembro, 363","Rua Xv de Novembro, 363",1,abreviação expandida
endereco,logradouro,"R. XV de Novembro, 3629","Rua Xv de Novembro, 3629",1,abreviação expandida
endereco,logradouro,"R. XV de Novembro, 3619","Rua Xv de Novembro, 3619",1,abreviação expandida
endereco,logradouro,"R. XV de Novembro, 3618","Rua Xv de Novembro, 3618",1,abreviação expandida
endereco,logradouro,"R. XV de Novembro, 3613","Rua Xv de Novembro, 3613",1,abreviação expandida
endereco,logradouro,"R. XV de Novembro, 3729","Rua Xv de Novembro, 3729",1,abreviação expandida
endereco,logradouro,"R. XV de Novembro, 3727","Rua Xv de Novembro, 3727",1,abreviação expandida
endereco,logradouro,"R. XV de Novembro, 372","Rua Xv de Novembro, 372",1,abreviação expandida
endereco,logradouro,"R. XV de Novembro, 3713","Rua Xv de Novembro, 3713",1,abreviação expandida
endereco,logradouro,"R. XV de Novembro, 3712","Rua Xv de Novembro, 3712",1,abreviação expandida
endereco,logradouro,"R. XV de Novembro, 371","Rua Xv de Novembro, 371",1,abreviação expandida
endereco,logradouro,"R. XV de Novembro, 3709","Rua Xv de Novembro, 3709",1,abreviação expandida
endereco,logradouro,"R. XV de Novembro, 3705","Rua Xv de Novembro, 3705",1,abreviação expandida
endereco,logradouro,"R. XV de Novembro, 3704","Rua Xv de Novembro, 3704",1,abreviação expandida
endereco,logradouro,"R. XV de Novembro, 3689","Rua Xv de Novembro, 3689",1,abreviação expandida
endereco,logradouro,"R. XV de Novembro, 3687","Rua Xv de Novembro, 3687",1,abreviação expandida
endereco,logradouro,"R. XV de Novembro, 3684","Rua Xv de Novembro, 3684",1,abreviação expandida
endereco,logradouro,"R. XV de Novembro, 368","Rua Xv de Novembro, 368",1,abreviação expandida
endereco,logradouro,"R. XV de Novembro, 3675","Rua Xv de Novembro, 3675",1,abreviação expandida
endereco,logradouro,"R. XV de Novembro, 3673","Rua Xv de Novembro, 3673",1,abreviação expandida
endereco,logradouro,"R. XV de Novembro, 3672","Rua Xv de Novembro, 3672",1,abreviação expandida
endereco,logradouro,"R. XV de Novembro, 379","Rua Xv de Novembro, 379",1,abreviação expandida
endereco,logradouro,"R. XV de Novembro, 3782","Rua Xv de Novembro, 3782",1,abreviação expandida
endereco,logradouro,"R. XV de Novembro, 3780","Rua Xv de Novembro, 3780",1,abreviação expandida
endereco,logradouro,"R. XV de Novembro, 3777","Rua Xv de Novembro, 3777",1,abreviação expandida
endereco,logradouro,"R. XV de Novembro, 3776","Rua Xv de Novembro, 3776",1,abreviação expandida
endereco,logradouro,"R. XV de Novembro, 3766","Rua Xv de Novembro, 3766",1,abreviação expandida
endereco,logradouro,"R. XV de Novembro, 376","Rua Xv de Novembro, 376",1,abreviação expandida
endereco,logradouro,"R. XV de Novembro, 3756","Rua Xv de Novembro, 3756",1,abreviação expandida
endereco,logradouro,"R. XV de Novembro, 3751","Rua Xv de Novembro, 3751",1,abreviação expandida
endereco,logradouro,"R. XV de Novembro, 375","Rua Xv de Novembro, 375",1,abreviação expandida
endereco,logradouro,"R. XV de Novembro, 3743","Rua Xv de Novembro, 3743",1,abreviação expandida
endereco,logradouro,"R. XV de Novembro, 3740","Rua Xv de Novembro, 3740",1,abreviação expandida
endereco,logradouro,"R. XV de Novembro, 374","Rua Xv de Novembro, 374",1,abreviação expandida
endereco,logradouro,"R. XV de Novembro, 3735","Rua Xv de Novembro, 3735",1,abreviação expandida
endereco,logradouro,"R. XV de Novembro, 3734","Rua Xv de Novembro, 3734",1,abreviação expandida
endereco,logradouro,"R. XV de Novembro, 3731","Rua Xv de Novembro, 3731",1,abreviação expandida
endereco,logradouro,"R. Brasil, 2164","Rua Brasil, 2164",1,abreviação expandida
endereco,logradouro,"R. Brasil, 2163","Rua Brasil, 2163",1,abreviação expandida
endereco,logradouro,"R. Brasil, 2162","Rua Brasil, 2162",1,abreviação expandida
endereco,logradouro,"R. Brasil, 216","Rua Brasil, 216",1,abreviação expandida
endereco,logradouro,"R. Brasil, 2159","Rua Brasil, 2159",1,abreviação expandida
endereco,logradouro,"R. Brasil, 2154","Rua Brasil, 2154",1,abreviação expandida
endereco,logradouro,"R. Brasil, 2149","Rua Brasil, 2149",1,abreviação expandida
endereco,logradouro,"R. Brasil, 2142","Rua Brasil, 2142",1,abreviação expandida
endereco,logradouro,"R. Brasil, 2136","Rua Brasil, 2136",1,abreviação expandida
endereco,logradouro,"R. Brasil, 2134","Rua Brasil, 2134",1,abreviação expandida
endereco,logradouro,"R. Brasil, 2133","Rua Brasil, 2133",1,abreviação expandida
endereco,logradouro,"R. XV de Novembro, 3797","Rua Xv de Novembro, 3797",1,abreviação expandida
endereco,logradouro,"R. XV de Novembro, 3795","Rua Xv de Novembro, 3795",1,abreviação expandida
endereco,logradouro,"R. XV de Novembro, 3794","Rua Xv de Novembro, 3794",1,abreviação expandida
endereco,logradouro,"R. XV de Novembro, 3791","Rua Xv de Novembro, 3791",1,abreviação expandida
endereco,logradouro,"R. XV de Novembro, 3790","Rua Xv de Novembro, 3790",1,abreviação expandida
endereco,logradouro,"R. XV de Novembro, 3842","Rua Xv de Novembro, 3842",1,abreviação expandida
endereco,logradouro,"R. XV de Novembro, 384","Rua Xv de Novembro, 384",1,abreviação expandida
endereco,logradouro,"R. XV de Novembro, 3838","Rua Xv de Novembro, 3838",1,abreviação expandida
endereco,logradouro,"R. XV de Novembro, 3831","Rua Xv de Novembro, 3831",1,abreviação expandida
endereco,logradouro,"R. XV de Novembro, 3830","Rua Xv de Novembro, 3830",1,abreviação expandida
endereco,logradouro,"R. XV de Novembro, 3824","Rua Xv de Novembro, 3824",1,abreviação expandida
endereco,logradouro,"R. XV de Novembro, 382","Rua Xv de Novembro, 382",1,abreviação expandida
endereco,logradouro,"R. XV de Novembro, 3817","Rua Xv de Novembro, 3817",1,abreviação expandida
endereco,logradouro,"R. XV de Novembro, 3815","Rua Xv de Novembro, 3815",1,abreviação expandida
endereco,logradouro,"R. XV de Novembro, 3808","Rua Xv de Novembro, 3808",1,abreviação expandida
endereco,logradouro,"R. XV de Novembro, 3806","Rua Xv de Novembro, 3806",1,abreviação expandida
endereco,logradouro,"R. XV de Novembro, 3803","Rua Xv de Novembro, 3803",1,abreviação expandida
endereco,logradouro,"R. XV de Novembro, 380","Rua Xv de Novembro, 380",1,abreviação expandida
endereco,logradouro,"R. XV de Novembro, 3798","Rua Xv de Novembro, 3798",1,abreviação expandida
endereco,logradouro,"R. Brasil, 2177","Rua Brasil, 2177",1,abreviação expandida
endereco,logradouro,"R. Brasil, 2174","Rua Brasil, 2174",1,abreviação expandida
endereco,logradouro,"R. XV de Novembro, 3884","Rua Xv de Novembro, 3884",1,abreviação expandida
endereco,logradouro,"R. XV de Novembro, 3883","Rua Xv de Novembro, 3883",1,abreviação expandida
endereco,logradouro,"R. XV de Novembro, 3881","Rua Xv de Novembro, 3881",1,abreviação expandida
endereco,logradouro,"R. XV de Novembro, 388","Rua Xv de Novembro, 388",1,abreviação expandida
endereco,logradouro,"R. XV de Novembro, 3879","Rua Xv de Novembro, 3879",1,abreviação expandida
endereco,logradouro,"R. XV de Novembro, 3874","Rua Xv de Novembro, 3874",1,abreviação expandida
endereco,logradouro,"R. XV de Novembro, 3872","Rua Xv de Novembro, 3872",1,abreviação expandida
endereco,logradouro,"R. XV de Novembro, 3870","Rua Xv de Novembro, 3870",1,abreviação expandida
endereco,logradouro,"R. XV de Novembro, 3868","Rua Xv de Novembro, 3868",1,abreviação expandida
endereco,logradouro,"R. XV de Novembro, 3867","Rua Xv de Novembro, 3867",1,abreviação expandida
endereco,logradouro,"R. XV de Novembro, 3866","Rua Xv de Novembro, 3866",1,abreviação expandida
endereco,logradouro,"R. XV de Novembro, 3864","Rua Xv de Novembro, 3864",1,abreviação expandida
endereco,logradouro,"R. XV de Novembro, 3862","Rua Xv de Novembro, 3862",1,abreviação expandida
endereco,logradouro,"R. XV de Novembro, 3853","Rua Xv de Novembro, 3853",1,abreviação expandida
endereco,logradouro,"R. XV de Novembro, 3850","Rua Xv de Novembro, 3850",1,abreviação expandida
endereco,logradouro,"R. XV de Novembro, 3849","Rua Xv de Novembro, 3849",1,abreviação expandida
endereco,logradouro,"R. XV de Novembro, 3941","Rua Xv de Novembro, 3941",1,abreviação expandida
endereco,logradouro,"R. XV de Novembro, 3940","Rua Xv de Novembro, 3940",1,abreviação expandida
endereco,logradouro,"R. XV de Novembro, 394","Rua Xv de Novembro, 394",1,abreviação expandida
endereco,logradouro,"R. XV de Novembro, 3939","Rua Xv de Novembro, 3939",1,abreviação expandida
endereco,logradouro,"R. XV de Novembro, 3937","Rua Xv de Novembro, 3937",1,abreviação expandida
endereco,logradouro,"R. XV de Novembro, 3925","Rua Xv de Novembro, 3925",1,abreviação expandida
endereco,logradouro,"R. XV de Novembro, 3924","Rua Xv de Novembro, 3924",1,abreviação expandida
endereco,logradouro,"R. XV de Novembro, 3919","Rua Xv de Novembro, 3919",1,abreviação expandida
endereco,logradouro,"R. XV de Novembro, 3913","Rua Xv de Novembro, 3913",1,abreviação expandida
endereco,logradouro,"R. XV de Novembro, 3912","Rua Xv de Novembro, 3912",1,abreviação expandida
endereco,logradouro,"R. XV de Novembro, 391","Rua Xv de Novembro, 391",1,abreviação expandida
endereco,logradouro,"R. XV de Novembro, 3905","Rua Xv de Novembro, 3905",1,abreviação expandida
endereco,logradouro,"R. XV de Novembro, 3903","Rua Xv de Novembro, 3903",1,abreviação expandida
endereco,logradouro,"R. XV de Novembro, 39","Rua Xv de Novembro, 39",1,abreviação expandida
endereco,logradouro,"R. XV de Novembro, 3898","Rua Xv de Novembro, 3898",1,abreviação expandida
endereco,logradouro,"R. XV de Novembro, 3886","Rua Xv de Novembro, 3886",1,abreviação expandida
endereco,logradouro,"R. Brasil, 2118","Rua Brasil, 2118",1,abreviação expandida
endereco,logradouro,"R. Brasil, 2116","Rua Brasil, 2116",1,abreviação expandida
endereco,logradouro,"R. Brasil, 2114","Rua Brasil, 2114",1,abreviação expandida
endereco,logradouro,"R. Brasil, 2107","Rua Brasil, 2107",1,abreviação expandida
endereco,logradouro,"R. Brasil, 2105","Rua Brasil, 2105",1,abreviação expandida
endereco,logradouro,"R. Brasil, 2102","Rua Brasil, 2102",1,abreviação expandida
endereco,logradouro,"R. Brasil, 2100","Rua Brasil, 2100",1,abreviação expandida
endereco,logradouro,"R. Brasil, 21","Rua Brasil, 21",1,abreviação expandida
endereco,logradouro,"R. Brasil, 2083","Rua Brasil, 2083",1,abreviação expandida
endereco,logradouro,"R. Brasil, 2080","Rua Brasil, 2080",1,abreviação expandida
endereco,logradouro,"R. Brasil, 208","Rua Brasil, 208",1,abreviação expandida
endereco,logradouro,"R. Brasil, 2079","Rua Brasil, 2079",1,abreviação expandida
endereco,logradouro,"R. XV de Novembro, 3957","Rua Xv de Novembro, 3957",1,abreviação expandida
endereco,logradouro,"R. XV de Novembro, 3953","Rua Xv de Novembro, 3953",1,abreviação expandida
endereco,logradouro,"R. XV de Novembro, 395","Rua Xv de Novembro, 395",1,abreviação expandida
endereco,logradouro,"R. XV de Novembro, 3943","Rua Xv de Novembro, 3943",1,abreviação expandida
endereco,logradouro,"R. XV de Novembro, 4025","Rua Xv de Novembro, 4025",1,abreviação expandida
endereco,logradouro,"R. XV de Novembro, 402","Rua Xv de Novembro, 402",1,abreviação expandida
endereco,logradouro,"R. XV de Novembro, 4015","Rua Xv de Novembro, 4015",1,abreviação expandida
endereco,logradouro,"R. XV de Novembro, 4011","Rua Xv de Novembro, 4011",1,abreviação expandida
endereco,logradouro,"R. XV de Novembro, 400","Rua Xv de Novembro, 400",1,abreviação expandida
endereco,logradouro,"R. XV de Novembro, 3994","Rua Xv de Novembro, 3994",1,abreviação expandida
endereco,logradouro,"R. XV de Novembro, 3984","Rua Xv de Novembro, 3984",1,abreviação expandida
endereco,logradouro,"R. XV de Novembro, 398","Rua Xv de Novembro, 398",1,abreviação expandida
endereco,logradouro,"R. XV de Novembro, 3976","Rua Xv de Novembro, 3976",1,abreviação expandida
endereco,logradouro,"R. XV de Novembro, 3970","Rua Xv de Novembro, 3970",1,abreviação expandida
endereco,logradouro,"R. XV de Novembro, 3969","Rua Xv de Novembro, 3969",1,abreviação expandida
endereco,logradouro,"R. XV de Novembro, 3961","Rua Xv de Novembro, 3961",1,abreviação expandida
endereco,logradouro,"R. XV de Novembro, 396","Rua Xv de Novembro, 396",1,abreviação expandida
endereco,logradouro,"R. Brasil, 2128","Rua Brasil, 2128",1,abreviação expandida
endereco,logradouro,"R. Brasil, 2121","Rua Brasil, 2121",1,abreviação expandida
endereco,logradouro,"R. Brasil, 2120","Rua Brasil, 2120",1,abreviação expandida
endereco,logradouro,"R. XV de Novembro, 4092","Rua Xv de Novembro, 4092",1,abreviação expandida
endereco,logradouro,"R. XV de Novembro, 4087","Rua Xv de Novembro, 4087",1,abreviação expandida
endereco,logradouro,"R. XV de Novembro, 4086","Rua Xv de Novembro, 4086",1,abreviação expandida
endereco,logradouro,"R. XV de Novembro, 4079","Rua Xv de Novembro, 4079",1,abreviação expandida
endereco,logradouro,"R. XV de Novembro, 4076","Rua Xv de Novembro, 4076",1,abreviação expandida
endereco,logradouro,"R. XV de Novembro, 4074","Rua Xv de Novembro, 4074",1,abreviação expandida
endereco,logradouro,"R. XV de Novembro, 4069","Rua Xv de Novembro, 4069",1,abreviação expandida
endereco,logradouro,"R. XV de Novembro, 4068","Rua Xv de Novembro, 4068",1,abreviação expandida
endereco,logradouro,"R. XV de Novembro, 4064","Rua Xv de Novembro, 4064",1,abreviação expandida
endereco,logradouro,"R. XV de Novembro, 405","Rua Xv de Novembro, 405",1,abreviação expandida
endereco,logradouro,"R. XV de Novembro, 4048","Rua Xv de Novembro, 4048",1,abreviação expandida
endereco,logradouro,"R. XV de Novembro, 4045","Rua Xv de Novembro, 4045",1,abreviação expandida
endereco,logradouro,"R. XV de Novembro, 4042","Rua Xv de Novembro, 4042",1,abreviação expandida
endereco,logradouro,"R. XV de Novembro, 4036","Rua Xv de Novembro, 4036",1,abreviação expandida
endereco,logradouro,"R. XV de Novembro, 4033","Rua Xv de Novembro, 4033",1,abreviação expandida
endereco,logradouro,"R. XV de Novembro, 4030","Rua Xv de Novembro, 4030",1,abreviação expandida
endereco,logradouro,"R. Brasil, 2074","Rua Brasil, 2074",1,abreviação expandida
endereco,logradouro,"R. Brasil, 2065","Rua Brasil, 2065",1,abreviação expandida
endereco,logradouro,"R. Brasil, 2064","Rua Brasil, 2064",1,abreviação expandida
endereco,logradouro,"R. Brasil, 2062","Rua Brasil, 2062",1,abreviação expandida
endereco,logradouro,"R. Brasil, 2059","Rua Brasil, 2059",1,abreviação expandida
endereco,logradouro,"R. Brasil, 2056","Rua Brasil, 2056",1,abreviação expandida
endereco,logradouro,"R. Brasil, 2054","Rua Brasil, 2054",1,abreviação expandida
endereco,logradouro,"R. Brasil, 2050","Rua Brasil, 2050",1,abreviação expandida
endereco,logradouro,"R. Brasil, 2049","Rua Brasil, 2049",1,abreviação expandida
endereco,logradouro,"R. Brasil, 2046","Rua Brasil, 2046",1,abreviação expandida
endereco,logradouro,"R. XV de Novembro, 4111","Rua Xv de Novembro, 4111",1,abreviação expandida
endereco,logradouro,"R. XV de Novembro, 4109","Rua Xv de Novembro, 4109",1,abreviação expandida
endereco,logradouro,"R. XV de Novembro, 4108","Rua Xv de Novembro, 4108",1,abreviação expandida
endereco,logradouro,"R. XV de Novembro, 4105","Rua Xv de Novembro, 4105",1,abreviação expandida
endereco,logradouro,"R. XV de Novembro, 4099","Rua Xv de Novembro, 4099",1,abreviação expandida
endereco,logradouro,"R. XV de Novembro, 4093","Rua Xv de Novembro, 4093",1,abreviação expandida
endereco,logradouro,"R. XV de Novembro, 4153","Rua Xv de Novembro, 4153",1,abreviação expandida
endereco,logradouro,"R. XV de Novembro, 4148","Rua Xv de Novembro, 4148",1,abreviação expandida
endereco,logradouro,"R. XV de Novembro, 4146","Rua Xv de Novembro, 4146",1,abreviação expandida
endereco,logradouro,"R. XV de Novembro, 4145","Rua Xv de Novembro, 4145",1,abreviação expandida
endereco,logradouro,"R. XV de Novembro, 4142","Rua Xv de Novembro, 4142",1,abreviação expandida
endereco,logradouro,"R. XV de Novembro, 4141","Rua Xv de Novembro, 4141",1,abreviação expandida
endereco,logradouro,"R. XV de Novembro, 4140","Rua Xv de Novembro, 4140",1,abreviação expandida
endereco,logradouro,"R. XV de Novembro, 4139","Rua Xv de Novembro, 4139",1,abreviação expandida
endereco,logradouro,"R. XV de Novembro, 413","Rua Xv de Novembro, 413",1,abreviação expandida
endereco,logradouro,"R. XV de Novembro, 4129","Rua Xv de Novembro, 4129",1,abreviação expandida
endereco,logradouro,"R. XV de Novembro, 412","Rua Xv de Novembro, 412",1,abreviação expandida
endereco,logradouro,"R. XV de Novembro, 4117","Rua Xv de Novembro, 4117",1,abreviação expandida
endereco,logradouro,"R. XV de Novembro, 4116","Rua Xv de Novembro, 4116",1,abreviação expandida
endereco,logradouro,"R. XV de Novembro, 4113","Rua Xv de Novembro, 4113",1,abreviação expandida
endereco,logradouro,"R. XV de Novembro, 4112","Rua Xv de Novembro, 4112",1,abreviação expandida
endereco,logradouro,"R. Brasil, 2078","Rua Brasil, 2078",1,abreviação expandida
endereco,logradouro,"R. Brasil, 2004","Rua Brasil, 2004",1,abreviação expandida
endereco,logradouro,"R. Brasil, 2001","Rua Brasil, 2001",1,abreviação expandida
endereco,logradouro,"R. Brasil, 1998","Rua Brasil, 1998",1,abreviação expandida
endereco,logradouro,"R. XV de Novembro, 4186","Rua Xv de Novembro, 4186",1,abreviação expandida
endereco,logradouro,"R. XV de Novembro, 4184","Rua Xv de Novembro, 4184",1,abreviação expandida
endereco,logradouro,"R. XV de Novembro, 4181","Rua Xv de Novembro, 4181",1,abreviação expandida
endereco,logradouro,"R. XV de Novembro, 4178","Rua Xv de Novembro, 4178",1,abreviação expandida
endereco,logradouro,"R. XV de Novembro, 4177","Rua Xv de Novembro, 4177",1,abreviação expandida
endereco,logradouro,"R. XV de Novembro, 4173","Rua Xv de Novembro, 4173",1,abreviação expandida
endereco,logradouro,"R. XV de Novembro, 417","Rua Xv de Novembro, 417",1,abreviação expandida
endereco,logradouro,"R. XV de Novembro, 4169","Rua Xv de Novembro, 4169",1,abreviação expandida
endereco,logradouro,"R. XV de Novembro, 4168","Rua Xv de Novembro, 4168",1,abreviação expandida
endereco,logradouro,"R. XV de Novembro, 4164","Rua Xv de Novembro, 4164",1,abreviação expandida
endereco,logradouro,"R. XV de Novembro, 4162","Rua Xv de Novembro, 4162",1,abreviação expandida
endereco,logradouro,"R. XV de Novembro, 4160","Rua Xv de Novembro, 4160",1,abreviação expandida
endereco,logradouro,"R. XV de Novembro, 4157","Rua Xv de Novembro, 4157",1,abreviação expandida
endereco,logradouro,"R. XV de Novembro, 4245","Rua Xv de Novembro, 4245",1,abreviação expandida
endereco,logradouro,"R. XV de Novembro, 4241","Rua Xv de Novembro, 4241",1,abreviação expandida
endereco,logradouro,"R. XV de Novembro, 4234","Rua Xv de Novembro, 4234",1,abreviação expandida
endereco,logradouro,"R. XV de Novembro, 4232","Rua Xv de Novembro, 4232",1,abreviação expandida
endereco,logradouro,"R. XV de Novembro, 4228","Rua Xv de Novembro, 4228",1,abreviação expandida
endereco,logradouro,"R. XV de Novembro, 4227","Rua Xv de Novembro, 4227",1,abreviação expandida
endereco,logradouro,"R. XV de Novembro, 4224","Rua Xv de Novembro, 4224",1,abreviação expandida
endereco,logradouro,"R. XV de Novembro, 4218","Rua Xv de Novembro, 4218",1,abreviação expandida
endereco,logradouro,"R. XV de Novembro, 4209","Rua Xv de Novembro, 4209",1,abreviação expandida
endereco,logradouro,"R. XV de Novembro, 4198","Rua Xv de Novembro, 4198",1,abreviação expandida
endereco,logradouro,"R. Brasil, 2022","Rua Brasil, 2022",1,abreviação expandida
endereco,logradouro,"R. Brasil, 2021","Rua Brasil, 2021",1,abreviação expandida
endereco,logradouro,"R. Brasil, 2018","Rua Brasil, 2018",1,abreviação expandida
endereco,logradouro,"R. Brasil, 2009","Rua Brasil, 2009",1,abreviação expandida
endereco,logradouro,"R. Brasil, 2007","Rua Brasil, 2007",1,abreviação expandida
endereco,logradouro,"R. Brasil, 2006","Rua Brasil, 2006",1,abreviação expandida
endereco,logradouro,"R. XV de Novembro, 4297","Rua Xv de Novembro, 4297",1,abreviação expandida
endereco,logradouro,"R. XV de Novembro, 4296","Rua Xv de Novembro, 4296",1,abreviação expandida
endereco,logradouro,"R. XV de Novembro, 4292","Rua Xv de Novembro, 4292",1,abreviação expandida
endereco,logradouro,"R. XV de Novembro, 4291","Rua Xv de Novembro, 4291",1,abreviação expandida
endereco,logradouro,"R. XV de Novembro, 4290","Rua Xv de Novembro, 4290",1,abreviação expandida
endereco,logradouro,"R. XV de Novembro, 429","Rua Xv de Novembro, 429",1,abreviação expandida
endereco,logradouro,"R. XV de Novembro, 4286","Rua Xv de Novembro, 4286",1,abreviação expandida
endereco,logradouro,"R. XV de Novembro, 4284","Rua Xv de Novembro, 4284",1,abreviação expandida
endereco,logradouro,"R. XV de Novembro, 4281","Rua Xv de Novembro, 4281",1,abreviação expandida
endereco,logradouro,"R. XV de Novembro, 428","Rua Xv de Novembro, 428",1,abreviação expandida
endereco,logradouro,"R. XV de Novembro, 4274","Rua Xv de Novembro, 4274",1,abreviação expandida
endereco,logradouro,"R. XV de Novembro, 4270","Rua Xv de Novembro, 4270",1,abreviação expandida
endereco,logradouro,"R. XV de Novembro, 4269","Rua Xv de Novembro, 4269",1,abreviação expandida
endereco,logradouro,"R. XV de Novembro, 4266","Rua Xv de Novembro, 4266",1,abreviação expandida
endereco,logradouro,"R. XV de Novembro, 4263","Rua Xv de Novembro, 4263",1,abreviação expandida
endereco,logradouro,"R. XV de Novembro, 4261","Rua Xv de Novembro, 4261",1,abreviação expandida
endereco,logradouro,"R. XV de Novembro, 4353","Rua Xv de Novembro, 4353",1,abreviação expandida
endereco,logradouro,"R. XV de Novembro, 4349","Rua Xv de Novembro, 4349",1,abreviação expandida
endereco,logradouro,"R. XV de Novembro, 4343","Rua Xv de Novembro, 4343",1,abreviação expandida
endereco,logradouro,"R. XV de Novembro, 4342","Rua Xv de Novembro, 4342",1,abreviação expandida
endereco,logradouro,"R. XV de Novembro, 4341","Rua Xv de Novembro, 4341",1,abreviação expandida
endereco,logradouro,"R. XV de Novembro, 4339","Rua Xv de Novembro, 4339",1,abreviação expandida
endereco,logradouro,"R. XV de Novembro, 4337","Rua Xv de Novembro, 4337",1,abreviação expandida
endereco,logradouro,"R. XV de Novembro, 4330","Rua Xv de Novembro, 4330",1,abreviação expandida
endereco,logradouro,"R. XV de Novembro, 433","Rua Xv de Novembro, 433",1,abreviação expandida
endereco,logradouro,"R. XV de Novembro, 4325","Rua Xv de Novembro, 4325",1,abreviação expandida
endereco,logradouro,"R. XV de Novembro, 4323","Rua Xv de Novembro, 4323",1,abreviação expandida
endereco,logradouro,"R. XV de Novembro, 4314","Rua Xv de Novembro, 4314",1,abreviação expandida
endereco,logradouro,"R. XV de Novembro, 4312","Rua Xv de Novembro, 4312",1,abreviação expandida
endereco,logradouro,"R. XV de Novembro, 4306","Rua Xv de Novembro, 4306",1,abreviação expandida
endereco,logradouro,"R. XV de Novembro, 43","Rua Xv de Novembro, 43",1,abreviação expandida
endereco,logradouro,"R. XV de Novembro, 4299","Rua Xv de Novembro, 4299",1,abreviação expandida
endereco,logradouro,"R. XV de Novembro, 4383","Rua Xv de Novembro, 4383",1,abreviação expandida
endereco,logradouro,"R. XV de Novembro, 4381","Rua Xv de Novembro, 4381",1,abreviação expandida
endereco,logradouro,"R. XV de Novembro, 4379","Rua Xv de Novembro, 4379",1,abreviação expandida
endereco,logradouro,"R. XV de Novembro, 4378","Rua Xv de Novembro, 4378",1,abreviação expandida
endereco,logradouro,"R. XV de Novembro, 4377","Rua Xv de Novembro, 4377",1,abreviação expandida
endereco,logradouro,"R. XV de Novembro, 4376","Rua Xv de Novembro, 4376",1,abreviação expandida
endereco,logradouro,"R. XV de Novembro, 4375","Rua Xv de Novembro, 4375",1,abreviação expandida
endereco,logradouro,"R. XV de Novembro, 4373","Rua Xv de Novembro, 4373",1,abreviação expandida
endereco,logradouro,"R. XV de Novembro, 4371","Rua Xv de Novembro, 4371",1,abreviação expandida
endereco,logradouro,"R. XV de Novembro, 4370","Rua Xv de Novembro, 4370",1,abreviação expandida
endereco,logradouro,"R. XV de Novembro, 4369","Rua Xv de Novembro, 4369",1,abreviação expandida
endereco,logradouro,"R. XV de Novembro, 4362","Rua Xv de Novembro, 4362",1,abreviação expandida
endereco,logradouro,"R. XV de Novembro, 4360","Rua Xv de Novembro, 4360",1,abreviação expandida
endereco,logradouro,"R. XV de Novembro, 436","Rua Xv de Novembro, 436",1,abreviação expandida
endereco,logradouro,"R. XV de Novembro, 4359","Rua Xv de Novembro, 4359",1,abreviação expandida
endereco,logradouro,"R. XV de Novembro, 4358","Rua Xv de Novembro, 4358",1,abreviação expandida
endereco,logradouro,"R. XV de Novembro, 4457","Rua Xv de Novembro, 4457",1,abreviação expandida
endereco,logradouro,"R. XV de Novembro, 4452","Rua Xv de Novembro, 4452",1,abreviação expandida
endereco,logradouro,"R. XV de Novembro, 4447","Rua Xv de Novembro, 4447",1,abreviação expandida
endereco,logradouro,"R. XV de Novembro, 4434","Rua Xv de Novembro, 4434",1,abreviação expandida
endereco,logradouro,"R. XV de Novembro, 4429","Rua Xv de Novembro, 4429",1,abreviação expandida
endereco,logradouro,"R. XV de Novembro, 4425","Rua Xv de Novembro, 4425",1,abreviação expandida
endereco,logradouro,"R. XV de Novembro, 4422","Rua Xv de Novembro, 4422",1,abreviação expandida
endereco,logradouro,"R. XV de Novembro, 4417","Rua Xv de Novembro, 4417",1,abreviação expandida
endereco,logradouro,"R. XV de Novembro, 4416","Rua Xv de Novembro, 4416",1,abreviação expandida
endereco,logradouro,"R. XV de Novembro, 441","Rua Xv de Novembro, 441",1,abreviação expandida
endereco,logradouro,"R. XV de Novembro, 4406","Rua Xv de Novembro, 4406",1,abreviação expandida
endereco,logradouro,"R. XV de Novembro, 44","Rua Xv de Novembro, 44",1,abreviação expandida
endereco,logradouro,"R. XV de Novembro, 4398","Rua Xv de Novembro, 4398",1,abreviação expandida
endereco,logradouro,"R. XV de Novembro, 4392","Rua Xv de Novembro, 4392",1,abreviação expandida
endereco,logradouro,"R. XV de Novembro, 4390","Rua Xv de Novembro, 4390",1,abreviação expandida
endereco,logradouro,"R. XV de Novembro, 4386","Rua Xv de Novembro, 4386",1,abreviação expandida
endereco,logradouro,"R. Brasil, 1986","Rua Brasil, 1986",1,abreviação expandida
endereco,logradouro,"R. Brasil, 1981","Rua Brasil, 1981",1,abreviação expandida
endereco,logradouro,"R. Brasil, 1979","Rua Brasil, 1979",1,abreviação expandida
endereco,logradouro,"R. Brasil, 1978","Rua Brasil, 1978",1,abreviação expandida
endereco,logradouro,"R. Brasil, 1975","Rua Brasil, 1975",1,abreviação expandida
endereco,logradouro,"R. Brasil, 1972","Rua Brasil, 1972",1,abreviação expandida
endereco,logradouro,"R. Brasil, 1970","Rua Brasil, 1970",1,abreviação expandida
endereco,logradouro,"R. Brasil, 197","Rua Brasil, 197",1,abreviação expandida
endereco,logradouro,"R. Brasil, 1968","Rua Brasil, 1968",1,abreviação expandida
endereco,logradouro,"R. Brasil, 1964","Rua Brasil, 1964",1,abreviação expandida
endereco,logradouro,"R. Brasil, 1960","Rua Brasil, 1960",1,abreviação expandida
endereco,logradouro,"R. XV de Novembro, 4479","Rua Xv de Novembro, 4479",1,abreviação expandida
endereco,logradouro,"R. XV de Novembro, 4476","Rua Xv de Novembro, 4476",1,abreviação expandida
endereco,logradouro,"R. XV de Novembro, 4473","Rua Xv de Novembro, 4473",1,abreviação expandida
endereco,logradouro,"R. XV de Novembro, 4472","Rua Xv de Novembro, 4472",1,abreviação expandida
endereco,logradouro,"R. XV de Novembro, 4465","Rua Xv de Novembro, 4465",1,abreviação expandida
endereco,logradouro,"R. XV de Novembro, 4522","Rua Xv de Novembro, 4522",1,abreviação expandida
endereco,logradouro,"R. XV de Novembro, 452","Rua Xv de Novembro, 452",1,abreviação expandida
endereco,logradouro,"R. XV de Novembro, 4512","Rua Xv de Novembro, 4512",1,abreviação expandida
endereco,logradouro,"R. XV de Novembro, 4510","Rua Xv de Novembro, 4510",1,abreviação expandida
endereco,logradouro,"R. XV de Novembro, 4500","Rua Xv de Novembro, 4500",1,abreviação expandida
endereco,logradouro,"R. XV de Novembro, 450","Rua Xv de Novembro, 450",1,abreviação expandida
endereco,logradouro,"R. XV de Novembro, 45","Rua Xv de Novembro, 45",1,abreviação expandida
endereco,logradouro,"R. XV de Novembro, 4498","Rua Xv de Novembro, 4498",1,abreviação expandida
endereco,logradouro,"R. XV de Novembro, 4496","Rua Xv de Novembro, 4496",1,abreviação expandida
endereco,logradouro,"R. XV de Novembro, 4494","Rua Xv de Novembro, 4494",1,abreviação expandida
endereco,logradouro,"R. XV de Novembro, 4489","Rua Xv de Novembro, 4489",1,abreviação expandida
endereco,logradouro,"R. XV de Novembro, 4484","Rua Xv de Novembro, 4484",1,abreviação expandida
endereco,logradouro,"R. XV de Novembro, 4481","Rua Xv de Novembro, 4481",1,abreviação expandida
endereco,logradouro,"R. XV de Novembro, 448","Rua Xv de Novembro, 448",1,abreviação expandida
endereco,logradouro,"R. Brasil, 1997","Rua Brasil, 1997",1,abreviação expandida
endereco,logradouro,"R. Brasil, 1989","Rua Brasil, 1989",1,abreviação expandida
endereco,logradouro,"R. XV de Novembro, 4563","Rua Xv de Novembro, 4563",1,abreviação expandida
endereco,logradouro,"R. XV de Novembro, 4554","Rua Xv de Novembro, 4554",1,abreviação expandida
endereco,logradouro,"R. XV de Novembro, 4551","Rua Xv de Novembro, 4551",1,abreviação expandida
endereco,logradouro,"R. XV de Novembro, 4550","Rua Xv de Novembro, 4550",1,abreviação expandida
endereco,logradouro,"R. XV de Novembro, 455","Rua Xv de Novembro, 455",1,abreviação expandida
endereco,logradouro,"R. XV de Novembro, 4549","Rua Xv de Novembro, 4549",1,abreviação expandida
endereco,logradouro,"R. XV de Novembro, 4545","Rua Xv de Novembro, 4545",1,abreviação expandida
endereco,logradouro,"R. XV de Novembro, 4544","Rua Xv de Novembro, 4544",1,abreviação expandida
endereco,logradouro,"R. XV de Novembro, 4541","Rua Xv de Novembro, 4541",1,abreviação expandida
endereco,logradouro,"R. XV de Novembro, 4540","Rua Xv de Novembro, 4540",1,abreviação expandida
endereco,logradouro,"R. XV de Novembro, 454","Rua Xv de Novembro, 454",1,abreviação expandida
endereco,logradouro,"R. XV de Novembro, 4533","Rua Xv de Novembro, 4533",1,abreviação expandida
endereco,logradouro,"R. XV de Novembro, 4532","Rua Xv de Novembro, 4532",1,abreviação expandida
endereco,logradouro,"R. XV de Novembro, 453","Rua Xv de Novembro, 453",1,abreviação expandida
endereco,logradouro,"R. XV de Novembro, 4528","Rua Xv de Novembro, 4528",1,abreviação expandida
endereco,logradouro,"R. XV de Novembro, 4523","Rua Xv de Novembro, 4523",1,abreviação expandida
endereco,logradouro,"R. XV de Novembro, 4618","Rua Xv de Novembro, 4618",1,abreviação expandida
endereco,logradouro,"R. XV de Novembro, 4612","Rua Xv de Novembro, 4612",1,abreviação expandida
endereco,logradouro,"R. XV de Novembro, 4610","Rua Xv de Novembro, 4610",1,abreviação expandida
endereco,logradouro,"R. XV de Novembro, 461","Rua Xv de Novembro, 461",1,abreviação expandida
endereco,logradouro,"R. XV de Novembro, 4609","Rua Xv de Novembro, 4609",1,abreviação expandida
endereco,logradouro,"R. XV de Novembro, 4602","Rua Xv de Novembro, 4602",1,abreviação expandida
endereco,logradouro,"R. XV de Novembro, 4600","Rua Xv de Novembro, 4600",1,abreviação expandida
endereco,logradouro,"R. XV de Novembro, 4596","Rua Xv de Novembro, 4596",1,abreviação expandida
endereco,logradouro,"R. XV de Novembro, 4593","Rua Xv de Novembro, 4593",1,abreviação expandida
endereco,logradouro,"R. XV de Novembro, 4585","Rua Xv de Novembro, 4585",1,abreviação expandida
endereco,logradouro,"R. XV de Novembro, 4578","Rua Xv de Novembro, 4578",1,abreviação expandida
endereco,logradouro,"R. XV de Novembro, 4575","Rua Xv de Novembro, 4575",1,abreviação expandida
endereco,logradouro,"R. XV de Novembro, 4573","Rua Xv de Novembro, 4573",1,abreviação expandida
endereco,logradouro,"R. XV de Novembro, 457","Rua Xv de Novembro, 457",1,abreviação expandida
endereco,logradouro,"R. XV de Novembro, 4566","Rua Xv de Novembro, 4566",1,abreviação expandida
endereco,logradouro,"R. XV de Novembro, 4565","Rua Xv de Novembro, 4565",1,abreviação expandida
endereco,logradouro,"R. Brasil, 1943","Rua Brasil, 1943",1,abreviação expandida
endereco,logradouro,"R. Brasil, 1936","Rua Brasil, 1936",1,abreviação expandida
endereco,logradouro,"R. Brasil, 1935","Rua Brasil, 1935",1,abreviação expandida
endereco,logradouro,"R. Brasil, 1934","Rua Brasil, 1934",1,abreviação expandida
endereco,logradouro,"R. Brasil, 1930","Rua Brasil, 1930",1,abreviação expandida
endereco,logradouro,"R. Brasil, 193","Rua Brasil, 193",1,abreviação expandida
endereco,logradouro,"R. Brasil, 1929","Rua Brasil, 1929",1,abreviação expandida
endereco,logradouro,"R. Brasil, 1928","Rua Brasil, 1928",1,abreviação expandida
endereco,logradouro,"R. Brasil, 1926","Rua Brasil, 1926",1,abreviação expandida
endereco,logradouro,"R. Brasil, 1922","Rua Brasil, 1922",1,abreviação expandida
endereco,logradouro,"R. XV de Novembro, 4640","Rua Xv de Novembro, 4640",1,abreviação expandida
endereco,logradouro,"R. XV de Novembro, 4632","Rua Xv de Novembro, 4632",1,abreviação expandida
endereco,logradouro,"R. XV de Novembro, 463","Rua Xv de Novembro, 463",1,abreviação expandida
endereco,logradouro,"R. XV de Novembro, 4627","Rua Xv de Novembro, 4627",1,abreviação expandida
endereco,logradouro,"R. XV de Novembro, 4626","Rua Xv de Novembro, 4626",1,abreviação expandida
endereco,logradouro,"R. XV de Novembro, 4625","Rua Xv de Novembro, 4625",1,abreviação expandida
endereco,logradouro,"R. XV de Novembro, 4692","Rua Xv de Novembro, 4692",1,abreviação expandida
endereco,logradouro,"R. XV de Novembro, 4676","Rua Xv de Novembro, 4676",1,abreviação expandida
endereco,logradouro,"R. XV de Novembro, 4673","Rua Xv de Novembro, 4673",1,abreviação expandida
endereco,logradouro,"R. XV de Novembro, 4669","Rua Xv de Novembro, 4669",1,abreviação expandida
endereco,logradouro,"R. XV de Novembro, 4661","Rua Xv de Novembro, 4661",1,abreviação expandida
endereco,logradouro,"R. XV de Novembro, 4660","Rua Xv de Novembro, 4660",1,abreviação expandida
endereco,logradouro,"R. XV de Novembro, 466","Rua Xv de Novembro, 466",1,abreviação expandida
endereco,logradouro,"R. XV de Novembro, 4658","Rua Xv de Novembro, 4658",1,abreviação expandida
endereco,logradouro,"R. XV de Novembro, 4653","Rua Xv de Novembro, 4653",1,abreviação expandida
endereco,logradouro,"R. XV de Novembro, 4649","Rua Xv de Novembro, 4649",1,abreviação expandida
endereco,logradouro,"R. XV de Novembro, 4648","Rua Xv de Novembro, 4648",1,abreviação expandida
endereco,logradouro,"R. XV de Novembro, 4641","Rua Xv de Novembro, 4641",1,abreviação expandida
endereco,logradouro,"R. Brasil, 1957","Rua Brasil, 1957",1,abreviação expandida
endereco,logradouro,"R. Brasil, 1956","Rua Brasil, 1956",1,abreviação expandida
endereco,logradouro,"R. Brasil, 1955","Rua Brasil, 1955",1,abreviação expandida
endereco,logradouro,"R. Brasil, 1950","Rua Brasil, 1950",1,abreviação expandida
endereco,logradouro,"R. XV de Novembro, 4742","Rua Xv de Novembro, 4742",1,abreviação expandida
endereco,logradouro,"R. XV de Novembro, 4739","Rua Xv de Novembro, 4739",1,abreviação expandida
endereco,logradouro,"R. XV de Novembro, 4735","Rua Xv de Novembro, 4735",1,abreviação expandida
endereco,logradouro,"R. XV de Novembro, 4728","Rua Xv de Novembro, 4728",1,abreviação expandida
endereco,logradouro,"R. XV de Novembro, 4726","Rua Xv de Novembro, 4726",1,abreviação expandida
endereco,logradouro,"R. XV de Novembro, 4724","Rua Xv de Novembro, 4724",1,abreviação expandida
endereco,logradouro,"R. XV de Novembro, 4718","Rua Xv de Novembro, 4718",1,abreviação expandida
endereco,logradouro,"R. XV de Novembro, 4717","Rua Xv de Novembro, 4717",1,abreviação expandida
endereco,logradouro,"R. XV de Novembro, 4712","Rua Xv de Novembro, 4712",1,abreviação expandida
endereco,logradouro,"R. XV de Novembro, 471","Rua Xv de Novembro, 471",1,abreviação expandida
endereco,logradouro,"R. XV de Novembro, 4708","Rua Xv de Novembro, 4708",1,abreviação expandida
endereco,logradouro,"R. XV de Novembro, 4704","Rua Xv de Novembro, 4704",1,abreviação expandida
endereco,logradouro,"R. XV de Novembro, 4702","Rua Xv de Novembro, 4702",1,abreviação expandida
endereco,logradouro,"R. XV de Novembro, 470","Rua Xv de Novembro, 470",1,abreviação expandida
endereco,logradouro,"R. XV de Novembro, 4697","Rua Xv de Novembro, 4697",1,abreviação expandida
endereco,logradouro,"R. XV de Novembro, 4693","Rua Xv de Novembro, 4693",1,abreviação expandida
endereco,logradouro,"R. XV de Novembro, 4776","Rua Xv de Novembro, 4776",1,abreviação expandida
endereco,logradouro,"R. XV de Novembro, 4770","Rua Xv de Novembro, 4770",1,abreviação expandida
endereco,logradouro,"R. XV de Novembro, 4769","Rua Xv de Novembro, 4769",1,abreviação expandida
endereco,logradouro,"R. XV de Novembro, 4767","Rua Xv de Novembro, 4767",1,abreviação expandida
endereco,logradouro,"R. XV de Novembro, 4766","Rua Xv de Novembro, 4766",1,abreviação expandida
endereco,logradouro,"R. XV de Novembro, 4764","Rua Xv de Novembro, 4764",1,abreviação expandida
endereco,logradouro,"R. XV de Novembro, 4762","Rua Xv de Novembro, 4762",1,abreviação expandida
endereco,logradouro,"R. XV de Novembro, 4761","Rua Xv de Novembro, 4761",1,abreviação expandida
endereco,logradouro,"R. XV de Novembro, 4759","Rua Xv de Novembro, 4759",1,abreviação expandida
endereco,logradouro,"R. XV de Novembro, 4758","Rua Xv de Novembro, 4758",1,abreviação expandida
endereco,logradouro,"R. XV de Novembro, 4755","Rua Xv de Novembro, 4755",1,abreviação expandida
endereco,logradouro,"R. XV de Novembro, 4754","Rua Xv de Novembro, 4754",1,abreviação expandida
endereco,logradouro,"R. XV de Novembro, 4752","Rua Xv de Novembro, 4752",1,abreviação expandida
endereco,logradouro,"R. XV de Novembro, 4751","Rua Xv de Novembro, 4751",1,abreviação expandida
endereco,logradouro,"R. XV de Novembro, 4748","Rua Xv de Novembro, 4748",1,abreviação expandida
endereco,logradouro,"R. XV de Novembro, 4747","Rua Xv de Novembro, 4747",1,abreviação expandida
endereco,logradouro,"R. XV de Novembro, 481","Rua Xv de Novembro, 481",1,abreviação expandida
endereco,logradouro,"R. XV de Novembro, 4808","Rua Xv de Novembro, 4808",1,abreviação expandida
endereco,logradouro,"R. XV de Novembro, 4805","Rua Xv de Novembro, 4805",1,abreviação expandida
endereco,logradouro,"R. XV de Novembro, 4802","Rua Xv de Novembro, 4802",1,abreviação expandida
endereco,logradouro,"R. XV de Novembro, 4801","Rua Xv de Novembro, 4801",1,abreviação expandida
endereco,logradouro,"R. XV de Novembro, 48","Rua Xv de Novembro, 48",1,abreviação expandida
endereco,logradouro,"R. XV de Novembro, 4798","Rua Xv de Novembro, 4798",1,abreviação expandida
endereco,logradouro,"R. XV de Novembro, 4796","Rua Xv de Novembro, 4796",1,abreviação expandida
endereco,logradouro,"R. XV de Novembro, 4795","Rua Xv de Novembro, 4795",1,abreviação expandida
endereco,logradouro,"R. XV de Novembro, 4794","Rua Xv de Novembro, 4794",1,abreviação expandida
endereco,logradouro,"R. XV de Novembro, 479","Rua Xv de Novembro, 479",1,abreviação expandida
endereco,logradouro,"R. XV de Novembro, 4788","Rua Xv de Novembro, 4788",1,abreviação expandida
endereco,logradouro,"R. XV de Novembro, 4786","Rua Xv de Novembro, 4786",1,abreviação expandida
endereco,logradouro,"R. XV de Novembro, 4785","Rua Xv de Novembro, 4785",1,abreviação expandida
endereco,logradouro,"R. XV de Novembro, 4779","Rua Xv de Novembro, 4779",1,abreviação expandida
endereco,logradouro,"R. XV de Novembro, 4778","Rua Xv de Novembro, 4778",1,abreviação expandida
endereco,logradouro,"R. XV de Novembro, 4877","Rua Xv de Novembro, 4877",1,abreviação expandida
endereco,logradouro,"R. XV de Novembro, 4872","Rua Xv de Novembro, 4872",1,abreviação expandida
endereco,logradouro,"R. XV de Novembro, 487","Rua Xv de Novembro, 487",1,abreviação expandida
endereco,logradouro,"R. XV de Novembro, 4869","Rua Xv de Novembro, 4869",1,abreviação expandida
endereco,logradouro,"R. XV de Novembro, 486","Rua Xv de Novembro, 486",1,abreviação expandida
endereco,logradouro,"R. XV de Novembro, 4859","Rua Xv de Novembro, 4859",1,abreviação expandida
endereco,logradouro,"R. XV de Novembro, 4850","Rua Xv de Novembro, 4850",1,abreviação expandida
endereco,logradouro,"R. XV de Novembro, 4847","Rua Xv de Novembro, 4847",1,abreviação expandida
endereco,logradouro,"R. XV de Novembro, 4846","Rua Xv de Novembro, 4846",1,abreviação expandida
endereco,logradouro,"R. XV de Novembro, 4842","Rua Xv de Novembro, 4842",1,abreviação expandida
endereco,logradouro,"R. XV de Novembro, 4836","Rua Xv de Novembro, 4836",1,abreviação expandida
endereco,logradouro,"R. XV de Novembro, 4835","Rua Xv de Novembro, 4835",1,abreviação expandida
endereco,logradouro,"R. XV de Novembro, 4832","Rua Xv de Novembro, 4832",1,abreviação expandida
endereco,logradouro,"R. XV de Novembro, 4831","Rua Xv de Novembro, 4831",1,abreviação expandida
endereco,logradouro,"R. XV de Novembro, 483","Rua Xv de Novembro, 483",1,abreviação expandida
endereco,logradouro,"R. XV de Novembro, 4810","Rua Xv de Novembro, 4810",1,abreviação expandida
endereco,logradouro,"R. XV de Novembro, 4919","Rua Xv de Novembro, 4919",1,abreviação expandida
endereco,logradouro,"R. XV de Novembro, 4913","Rua Xv de Novembro, 4913",1,abreviação expandida
endereco,logradouro,"R. XV de Novembro, 4905","Rua Xv de Novembro, 4905",1,abreviação expandida
endereco,logradouro,"R. XV de Novembro, 4904","Rua Xv de Novembro, 4904",1,abreviação expandida
endereco,logradouro,"R. XV de Novembro, 4903","Rua Xv de Novembro, 4903",1,abreviação expandida
endereco,logradouro,"R. XV de Novembro, 4901","Rua Xv de Novembro, 4901",1,abreviação expandida
endereco,logradouro,"R. XV de Novembro, 4898","Rua Xv de Novembro, 4898",1,abreviação expandida
endereco,logradouro,"R. XV de Novembro, 4896","Rua Xv de Novembro, 4896",1,abreviação expandida
endereco,logradouro,"R. XV de Novembro, 4894","Rua Xv de Novembro, 4894",1,abreviação expandida
endereco,logradouro,"R. XV de Novembro, 4893","Rua Xv de Novembro, 4893",1,abreviação expandida
endereco,logradouro,"R. XV de Novembro, 4891","Rua Xv de Novembro, 4891",1,abreviação expandida
endereco,logradouro,"R. XV de Novembro, 489","Rua Xv de Novembro, 489",1,abreviação expandida
endereco,logradouro,"R. XV de Novembro, 4889","Rua Xv de Novembro, 4889",1,abreviação expandida
endereco,logradouro,"R. XV de Novembro, 4886","Rua Xv de Novembro, 4886",1,abreviação expandida
endereco,logradouro,"R. XV de Novembro, 4881","Rua Xv de Novembro, 4881",1,abreviação expandida
endereco,logradouro,"R. XV de Novembro, 4879","Rua Xv de Novembro, 4879",1,abreviação expandida
endereco,logradouro,"R. Brasil, 1906","Rua Brasil, 1906",1,abreviação expandida
endereco,logradouro,"R. Brasil, 1905","Rua Brasil, 1905",1,abreviação expandida
endereco,logradouro,"R. Brasil, 1902","Rua Brasil, 1902",1,abreviação expandida
endereco,logradouro,"R. Brasil, 1900","Rua Brasil, 1900",1,abreviação expandida
endereco,logradouro,"R. Brasil, 190","Rua Brasil, 190",1,abreviação expandida
endereco,logradouro,"R. Brasil, 1899","Rua Brasil, 1899",1,abreviação expandida
endereco,logradouro,"R. Brasil, 1898","Rua Brasil, 1898",1,abreviação expandida
endereco,logradouro,"R. Brasil, 1895","Rua Brasil, 1895",1,abreviação expandida
endereco,logradouro,"R. Brasil, 1894","Rua Brasil, 1894",1,abreviação expandida
endereco,logradouro,"R. Brasil, 1888","Rua Brasil, 1888",1,abreviação expandida
endereco,logradouro,"R. Brasil, 1885","Rua Brasil, 1885",1,abreviação expandida
endereco,logradouro,"R. Brasil, 1883","Rua Brasil, 1883",1,abreviação expandida
endereco,logradouro,"R. Brasil, 1880","Rua Brasil, 1880",1,abreviação expandida
endereco,logradouro,"R. Brasil, 1872","Rua Brasil, 1872",1,abreviação expandida
endereco,logradouro,"R. Brasil, 1871","Rua Brasil, 1871",1,abreviação expandida
endereco,logradouro,"R. XV de Novembro, 4931","Rua Xv de Novembro, 4931",1,abreviação expandida
endereco,logradouro,"R. XV de Novembro, 4971","Rua Xv de Novembro, 4971",1,abreviação expandida
endereco,logradouro,"R. XV de Novembro, 497","Rua Xv de Novembro, 497",1,abreviação expandida
endereco,logradouro,"R. XV de Novembro, 4963","Rua Xv de Novembro, 4963",1,abreviação expandida
endereco,logradouro,"R. XV de Novembro, 4960","Rua Xv de Novembro, 4960",1,abreviação expandida
endereco,logradouro,"R. XV de Novembro, 4954","Rua Xv de Novembro, 4954",1,abreviação expandida
endereco,logradouro,"R. XV de Novembro, 4953","Rua Xv de Novembro, 4953",1,abreviação expandida
endereco,logradouro,"R. XV de Novembro, 4951","Rua Xv de Novembro, 4951",1,abreviação expandida
endereco,logradouro,"R. XV de Novembro, 4950","Rua Xv de Novembro, 4950",1,abreviação expandida
endereco,logradouro,"R. XV de Novembro, 4948","Rua Xv de Novembro, 4948",1,abreviação expandida
endereco,logradouro,"R. XV de Novembro, 4947","Rua Xv de Novembro, 4947",1,abreviação expandida
endereco,logradouro,"R. XV de Novembro, 4945","Rua Xv de Novembro, 4945",1,abreviação expandida
endereco,logradouro,"R. XV de Novembro, 4944","Rua Xv de Novembro, 4944",1,abreviação expandida
endereco,logradouro,"R. XV de Novembro, 4939","Rua Xv de Novembro, 4939",1,abreviação expandida
endereco,logradouro,"R. XV de Novembro, 4938","Rua Xv de Novembro, 4938",1,abreviação expandida
endereco,logradouro,"R. XV de Novembro, 4934","Rua Xv de Novembro, 4934",1,abreviação expandida
endereco,logradouro,"R. Brasil, 1918","Rua Brasil, 1918",1,abreviação expandida
endereco,logradouro,"R. XV de Novembro, 528","Rua Xv de Novembro, 528",1,abreviação expandida
endereco,logradouro,"R. XV de Novembro, 524","Rua Xv de Novembro, 524",1,abreviação expandida
endereco,logradouro,"R. XV de Novembro, 521","Rua Xv de Novembro, 521",1,abreviação expandida
endereco,logradouro,"R. XV de Novembro, 514","Rua Xv de Novembro, 514",1,abreviação expandida
endereco,logradouro,"R. XV de Novembro, 513","Rua Xv de Novembro, 513",1,abreviação expandida
endereco,logradouro,"R. XV de Novembro, 512","Rua Xv de Novembro, 512",1,abreviação expandida
endereco,logradouro,"R. XV de Novembro, 510","Rua Xv de Novembro, 510",1,abreviação expandida
endereco,logradouro,"R. XV de Novembro, 501","Rua Xv de Novembro, 501",1,abreviação expandida
endereco,logradouro,"R. XV de Novembro, 500","Rua Xv de Novembro, 500",1,abreviação expandida
endereco,logradouro,"R. XV de Novembro, 4997","Rua Xv de Novembro, 4997",1,abreviação expandida
endereco,logradouro,"R. XV de Novembro, 4995","Rua Xv de Novembro, 4995",1,abreviação expandida
endereco,logradouro,"R. XV de Novembro, 4993","Rua Xv de Novembro, 4993",1,abreviação expandida
endereco,logradouro,"R. XV de Novembro, 4992","Rua Xv de Novembro, 4992",1,abreviação expandida
endereco,logradouro,"R. XV de Novembro, 4991","Rua Xv de Novembro, 4991",1,abreviação expandida
endereco,logradouro,"R. XV de Novembro, 4976","Rua Xv de Novembro, 4976",1,abreviação expandida
endereco,logradouro,"R. XV de Novembro, 4975","Rua Xv de Novembro, 4975",1,abreviação expandida
endereco,logradouro,"R. Brasil, 1857","Rua Brasil, 1857",1,abreviação expandida
endereco,logradouro,"R. Brasil, 1853","Rua Brasil, 1853",1,abreviação expandida
endereco,logradouro,"R. Brasil, 1852","Rua Brasil, 1852",1,abreviação expandida
endereco,logradouro,"R. Brasil, 1849","Rua Brasil, 1849",1,abreviação expandida
endereco,logradouro,"R. Brasil, 1847","Rua Brasil, 1847",1,abreviação expandida
endereco,logradouro,"R. Brasil, 1842","Rua Brasil, 1842",1,abreviação expandida
endereco,logradouro,"R. Brasil, 184","Rua Brasil, 184",1,abreviação expandida
endereco,logradouro,"R. Brasil, 1838","Rua Brasil, 1838",1,abreviação expandida
endereco,logradouro,"R. Brasil, 1836","Rua Brasil, 1836",1,abreviação expandida
endereco,logradouro,"R. XV de Novembro, 547","Rua Xv de Novembro, 547",1,abreviação expandida
endereco,logradouro,"R. XV de Novembro, 542","Rua Xv de Novembro, 542",1,abreviação expandida
endereco,logradouro,"R. XV de Novembro, 541","Rua Xv de Novembro, 541",1,abreviação expandida
endereco,logradouro,"R. XV de Novembro, 540","Rua Xv de Novembro, 540",1,abreviação expandida
endereco,logradouro,"R. XV de Novembro, 54","Rua Xv de Novembro, 54",1,abreviação expandida
endereco,logradouro,"R. XV de Novembro, 536","Rua Xv de Novembro, 536",1,abreviação expandida
endereco,logradouro,"R. XV de Novembro, 533","Rua Xv de Novembro, 533",1,abreviação expandida
endereco,logradouro,"R. XV de Novembro, 589","Rua Xv de Novembro, 589",1,abreviação expandida
endereco,logradouro,"R. XV de Novembro, 585","Rua Xv de Novembro, 585",1,abreviação expandida
endereco,logradouro,"R. XV de Novembro, 582","Rua Xv de Novembro, 582",1,abreviação expandida
endereco,logradouro,"R. XV de Novembro, 580","Rua Xv de Novembro, 580",1,abreviação expandida
endereco,logradouro,"R. XV de Novembro, 576","Rua Xv de Novembro, 576",1,abreviação expandida
endereco,logradouro,"R. XV de Novembro, 570","Rua Xv de Novembro, 570",1,abreviação expandida
endereco,logradouro,"R. XV de Novembro, 564","Rua Xv de Novembro, 564",1,abreviação expandida
endereco,logradouro,"R. XV de Novembro, 560","Rua Xv de Novembro, 560",1,abreviação expandida
endereco,logradouro,"R. XV de Novembro, 56","Rua Xv de Novembro, 56",1,abreviação expandida
endereco,logradouro,"R. XV de Novembro, 553","Rua Xv de Novembro, 553",1,abreviação expandida
endereco,logradouro,"R. XV de Novembro, 552","Rua Xv de Novembro, 552",1,abreviação expandida
endereco,logradouro,"R. XV de Novembro, 551","Rua Xv de Novembro, 551",1,abreviação expandida
endereco,logradouro,"R. XV de Novembro, 550","Rua Xv de Novembro, 550",1,abreviação expandida
endereco,logradouro,"R. Brasil, 1866","Rua Brasil, 1866",1,abreviação expandida
endereco,logradouro,"R. Brasil, 1864","Rua Brasil, 1864",1,abreviação expandida
endereco,logradouro,"R. Brasil, 1863","Rua Brasil, 1863",1,abreviação expandida
endereco,logradouro,"R. XV de Novembro, 657","Rua Xv de Novembro, 657",1,abreviação expandida
endereco,logradouro,"R. XV de Novembro, 656","Rua Xv de Novembro, 656",1,abreviação expandida
endereco,logradouro,"R. XV de Novembro, 647","Rua Xv de Novembro, 647",1,abreviação expandida
endereco,logradouro,"R. XV de Novembro, 644","Rua Xv de Novembro, 644",1,abreviação expandida
endereco,logradouro,"R. XV de Novembro, 636","Rua Xv de Novembro, 636",1,abreviação expandida
endereco,logradouro,"R. XV de Novembro, 633","Rua Xv de Novembro, 633",1,abreviação expandida
endereco,logradouro,"R. XV de Novembro, 630","Rua Xv de Novembro, 630",1,abreviação expandida
endereco,logradouro,"R. XV de Novembro, 629","Rua Xv de Novembro, 629",1,abreviação expandida
endereco,logradouro,"R. XV de Novembro, 627","Rua Xv de Novembro, 627",1,abreviação expandida
endereco,logradouro,"R. XV de Novembro, 617","Rua Xv de Novembro, 617",1,abreviação expandida
endereco,logradouro,"R. XV de Novembro, 616","Rua Xv de Novembro, 616",1,abreviação expandida
endereco,logradouro,"R. XV de Novembro, 614","Rua Xv de Novembro, 614",1,abreviação expandida
endereco,logradouro,"R. XV de Novembro, 613","Rua Xv de Novembro, 613",1,abreviação expandida
endereco,logradouro,"R. XV de Novembro, 610","Rua Xv de Novembro, 610",1,abreviação expandida
endereco,logradouro,"R. XV de Novembro, 61","Rua Xv de Novembro, 61",1,abreviação expandida
endereco,logradouro,"R. XV de Novembro, 606","Rua Xv de Novembro, 606",1,abreviação expandida
endereco,logradouro,"R. XV de Novembro, 732","Rua Xv de Novembro, 732",1,abreviação expandida
endereco,logradouro,"R. XV de Novembro, 720","Rua Xv de Novembro, 720",1,abreviação expandida
endereco,logradouro,"R. XV de Novembro, 711","Rua Xv de Novembro, 711",1,abreviação expandida
endereco,logradouro,"R. XV de Novembro, 709","Rua Xv de Novembro, 709",1,abreviação expandida
endereco,logradouro,"R. XV de Novembro, 707","Rua Xv de Novembro, 707",1,abreviação expandida
endereco,logradouro,"R. XV de Novembro, 706","Rua Xv de Novembro, 706",1,abreviação expandida
endereco,logradouro,"R. XV de Novembro, 704","Rua Xv de Novembro, 704",1,abreviação expandida
endereco,logradouro,"R. XV de Novembro, 703","Rua Xv de Novembro, 703",1,abreviação expandida
endereco,logradouro,"R. XV de Novembro, 702","Rua Xv de Novembro, 702",1,abreviação expandida
endereco,logradouro,"R. XV de Novembro, 696","Rua Xv de Novembro, 696",1,abreviação expandida
endereco,logradouro,"R. XV de Novembro, 694","Rua Xv de Novembro, 694",1,abreviação expandida
endereco,logradouro,"R. XV de Novembro, 687","Rua Xv de Novembro, 687",1,abreviação expandida
endereco,logradouro,"R. XV de Novembro, 684","Rua Xv de Novembro, 684",1,abreviação expandida
endereco,logradouro,"R. XV de Novembro, 679","Rua Xv de Novembro, 679",1,abreviação expandida
endereco,logradouro,"R. XV de Novembro, 676","Rua Xv de Novembro, 676",1,abreviação expandida
endereco,logradouro,"R. XV de Novembro, 664","Rua Xv de Novembro, 664",1,abreviação expandida
endereco,logradouro,"R. Brasil, 1833","Rua Brasil, 1833",1,abreviação expandida
endereco,logradouro,"R. Brasil, 1825","Rua Brasil, 1825",1,abreviação expandida
endereco,logradouro,"R. Brasil, 1822","Rua Brasil, 1822",1,abreviação expandida
endereco,logradouro,"R. Brasil, 1821","Rua Brasil, 1821",1,abreviação expandida
endereco,logradouro,"R. Brasil, 182","Rua Brasil, 182",1,abreviação expandida
endereco,logradouro,"R. Brasil, 1815","Rua Brasil, 1815",1,abreviação expandida
endereco,logradouro,"R. Brasil, 1811","Rua Brasil, 1811",1,abreviação expandida
endereco,logradouro,"R. Brasil, 1802","Rua Brasil, 1802",1,abreviação expandida
endereco,logradouro,"R. Brasil, 1800","Rua Brasil, 1800",1,abreviação expandida
endereco,logradouro,"R. Brasil, 180","Rua Brasil, 180",1,abreviação expandida
endereco,logradouro,"R. Brasil, 1791","Rua Brasil, 1791",1,abreviação expandida
endereco,logradouro,"R. Brasil, 1789","Rua Brasil, 1789",1,abreviação expandida
endereco,logradouro,"R. XV de Novembro, 742","Rua Xv de Novembro, 742",1,abreviação expandida
endereco,logradouro,"R. XV de Novembro, 740","Rua Xv de Novembro, 740",1,abreviação expandida
endereco,logradouro,"R. XV de Novembro, 739","Rua Xv de Novembro, 739",1,abreviação expandida
endereco,logradouro,"R. XV de Novembro, 738","Rua Xv de Novembro, 738",1,abreviação expandida
endereco,logradouro,"R. XV de Novembro, 780","Rua Xv de Novembro, 780",1,abreviação expandida
endereco,logradouro,"R. XV de Novembro, 78","Rua Xv de Novembro, 78",1,abreviação expandida
endereco,logradouro,"R. XV de Novembro, 771","Rua Xv de Novembro, 771",1,abreviação expandida
endereco,logradouro,"R. XV de Novembro, 768","Rua Xv de Novembro, 768",1,abreviação expandida
endereco,logradouro,"R. XV de Novembro, 767","Rua Xv de Novembro, 767",1,abreviação expandida
endereco,logradouro,"R. XV de Novembro, 766","Rua Xv de Novembro, 766",1,abreviação expandida
endereco,logradouro,"R. XV de Novembro, 762","Rua Xv de Novembro, 762",1,abreviação expandida
endereco,logradouro,"R. XV de Novembro, 757","Rua Xv de Novembro, 757",1,abreviação expandida
endereco,logradouro,"R. XV de Novembro, 756","Rua Xv de Novembro, 756",1,abreviação expandida
endereco,logradouro,"R. XV de Novembro, 752","Rua Xv de Novembro, 752",1,abreviação expandida
endereco,logradouro,"R. XV de Novembro, 751","Rua Xv de Novembro, 751",1,abreviação expandida
endereco,logradouro,"R. XV de Novembro, 75","Rua Xv de Novembro, 75",1,abreviação expandida
endereco,logradouro,"R. XV de Novembro, 747","Rua Xv de Novembro, 747",1,abreviação expandida
endereco,logradouro,"R. XV de Novembro, 746","Rua Xv de Novembro, 746",1,abreviação expandida
endereco,logradouro,"R. XV de Novembro, 744","Rua Xv de Novembro, 744",1,abreviação expandida
endereco,logradouro,"R. Brasil, 1834","Rua Brasil, 1834",1,abreviação expandida
endereco,logradouro,"R. XV de Novembro, 815","Rua Xv de Novembro, 815",1,abreviação expandida
endereco,logradouro,"R. XV de Novembro, 813","Rua Xv de Novembro, 813",1,abreviação expandida
endereco,logradouro,"R. XV de Novembro, 812","Rua Xv de Novembro, 812",1,abreviação expandida
endereco,logradouro,"R. XV de Novembro, 811","Rua Xv de Novembro, 811",1,abreviação expandida
endereco,logradouro,"R. XV de Novembro, 804","Rua Xv de Novembro, 804",1,abreviação expandida
endereco,logradouro,"R. XV de Novembro, 800","Rua Xv de Novembro, 800",1,abreviação expandida
endereco,logradouro,"R. XV de Novembro, 80","Rua Xv de Novembro, 80",1,abreviação expandida
endereco,logradouro,"R. XV de Novembro, 796","Rua Xv de Novembro, 796",1,abreviação expandida
endereco,logradouro,"R. XV de Novembro, 795","Rua Xv de Novembro, 795",1,abreviação expandida
endereco,logradouro,"R. XV de Novembro, 793","Rua Xv de Novembro, 793",1,abreviação expandida
endereco,logradouro,"R. XV de Novembro, 792","Rua Xv de Novembro, 792",1,abreviação expandida
endereco,logradouro,"R. XV de Novembro, 791","Rua Xv de Novembro, 791",1,abreviação expandida
endereco,logradouro,"R. XV de Novembro, 788","Rua Xv de Novembro, 788",1,abreviação expandida
endereco,logradouro,"R. XV de Novembro, 787","Rua Xv de Novembro, 787",1,abreviação expandida
endereco,logradouro,"R. XV de Novembro, 783","Rua Xv de Novembro, 783",1,abreviação expandida
endereco,logradouro,"R. XV de Novembro, 782","Rua Xv de Novembro, 782",1,abreviação expandida
endereco,logradouro,"R. XV de Novembro, 878","Rua Xv de Novembro, 878",1,abreviação expandida
endereco,logradouro,"R. XV de Novembro, 877","Rua Xv de Novembro, 877",1,abreviação expandida
endereco,logradouro,"R. XV de Novembro, 874","Rua Xv de Novembro, 874",1,abreviação expandida
endereco,logradouro,"R. XV de Novembro, 872","Rua Xv de Novembro, 872",1,abreviação expandida
endereco,logradouro,"R. XV de Novembro, 866","Rua Xv de Novembro, 866",1,abreviação expandida
endereco,logradouro,"R. XV de Novembro, 863","Rua Xv de Novembro, 863",1,abreviação expandida
endereco,logradouro,"R. XV de Novembro, 856","Rua Xv de Novembro, 856",1,abreviação expandida
endereco,logradouro,"R. XV de Novembro, 855","Rua Xv de Novembro, 855",1,abreviação expandida
endereco,logradouro,"R. XV de Novembro, 854","Rua Xv de Novembro, 854",1,abreviação expandida
endereco,logradouro,"R. XV de Novembro, 849","Rua Xv de Novembro, 849",1,abreviação expandida
endereco,logradouro,"R. XV de Novembro, 847","Rua Xv de Novembro, 847",1,abreviação expandida
endereco,logradouro,"R. XV de Novembro, 843","Rua Xv de Novembro, 843",1,abreviação expandida
endereco,logradouro,"R. XV de Novembro, 842","Rua Xv de Novembro, 842",1,abreviação expandida
endereco,logradouro,"R. XV de Novembro, 840","Rua Xv de Novembro, 840",1,abreviação expandida
endereco,logradouro,"R. XV de Novembro, 836","Rua Xv de Novembro, 836",1,abreviação expandida
endereco,logradouro,"R. XV de Novembro, 818","Rua Xv de Novembro, 818",1,abreviação expandida
endereco,logradouro,"R. Brasil, 1782","Rua Brasil, 1782",1,abreviação expandida
endereco,logradouro,"R. Brasil, 1779","Rua Brasil, 1779",1,abreviação expandida
endereco,logradouro,"R. Brasil, 1775","Rua Brasil, 1775",1,abreviação expandida
endereco,logradouro,"R. Brasil, 177","Rua Brasil, 177",1,abreviação expandida
endereco,logradouro,"R. Brasil, 1761","Rua Brasil, 1761",1,abreviação expandida
endereco,logradouro,"R. Brasil, 1760","Rua Brasil, 1760",1,abreviação expandida
endereco,logradouro,"R. Brasil, 176","Rua Brasil, 176",1,abreviação expandida
endereco,logradouro,"R. Brasil, 1759","Rua Brasil, 1759",1,abreviação expandida
endereco,logradouro,"R. Brasil, 1757","Rua Brasil, 1757",1,abreviação expandida
endereco,logradouro,"R. Brasil, 1756","Rua Brasil, 1756",1,abreviação expandida
endereco,logradouro,"R. Brasil, 1754","Rua Brasil, 1754",1,abreviação expandida
endereco,logradouro,"R. XV de Novembro, 907","Rua Xv de Novembro, 907",1,abreviação expandida
endereco,logradouro,"R. XV de Novembro, 899","Rua Xv de Novembro, 899",1,abreviação expandida
endereco,logradouro,"R. XV de Novembro, 896","Rua Xv de Novembro, 896",1,abreviação expandida
endereco,logradouro,"R. XV de Novembro, 885","Rua Xv de Novembro, 885",1,abreviação expandida
endereco,logradouro,"R. XV de Novembro, 881","Rua Xv de Novembro, 881",1,abreviação expandida
endereco,logradouro,"R. XV de Novembro, 970","Rua Xv de Novembro, 970",1,abreviação expandida
endereco,logradouro,"R. XV de Novembro, 964","Rua Xv de Novembro, 964",1,abreviação expandida
endereco,logradouro,"R. XV de Novembro, 958","Rua Xv de Novembro, 958",1,abreviação expandida
endereco,logradouro,"R. XV de Novembro, 95","Rua Xv de Novembro, 95",1,abreviação expandida
endereco,logradouro,"R. XV de Novembro, 949","Rua Xv de Novembro, 949",1,abreviação expandida
endereco,logradouro,"R. XV de Novembro, 948","Rua Xv de Novembro, 948",1,abreviação expandida
endereco,logradouro,"R. XV de Novembro, 943","Rua Xv de Novembro, 943",1,abreviação expandida
endereco,logradouro,"R. XV de Novembro, 940","Rua Xv de Novembro, 940",1,abreviação expandida
endereco,logradouro,"R. XV de Novembro, 937","Rua Xv de Novembro, 937",1,abreviação expandida
endereco,logradouro,"R. XV de Novembro, 93","Rua Xv de Novembro, 93",1,abreviação expandida
endereco,logradouro,"R. XV de Novembro, 923","Rua Xv de Novembro, 923",1,abreviação expandida
endereco,logradouro,"R. XV de Novembro, 922","Rua Xv de Novembro, 922",1,abreviação expandida
endereco,logradouro,"R. XV de Novembro, 918","Rua Xv de Novembro, 918",1,abreviação expandida
endereco,logradouro,"R. XV de Novembro, 912","Rua Xv de Novembro, 912",1,abreviação expandida
endereco,logradouro,"R. XV de Novembro, 909","Rua Xv de Novembro, 909",1,abreviação expandida
endereco,logradouro,"R. Brasil, 1784","Rua Brasil, 1784",1,abreviação expandida
endereco,logradouro,R. das Acácias 4030,Rua das Acácias 4030,1,abreviação expandida
endereco,logradouro,R. das Acácias 3439,Rua das Acácias 3439,1,abreviação expandida
endereco,logradouro,R. das Acácias 2871,Rua das Acácias 2871,1,abreviação expandida
endereco,logradouro,R. das Acácias 2743,Rua das Acácias 2743,1,abreviação expandida
endereco,logradouro,R. das Acácias 2261,Rua das Acácias 2261,1,abreviação expandida
endereco,logradouro,R. das Acácias 1367,Rua das Acácias 1367,1,abreviação expandida
endereco,logradouro,R. das Acácias 1024,Rua das Acácias 1024,1,abreviação expandida
endereco,logradouro,"R. XV de Novembro, 993","Rua Xv de Novembro, 993",1,abreviação expandida
endereco,logradouro,"R. XV de Novembro, 992","Rua Xv de Novembro, 992",1,abreviação expandida
endereco,logradouro,"R. XV de Novembro, 99","Rua Xv de Novembro, 99",1,abreviação expandida
endereco,logradouro,"R. XV de Novembro, 983","Rua Xv de Novembro, 983",1,abreviação expandida
endereco,logradouro,"R. XV de Novembro, 982","Rua Xv de Novembro, 982",1,abreviação expandida
endereco,logradouro,"R. XV de Novembro, 981","Rua Xv de Novembro, 981",1,abreviação expandida
endereco,logradouro,"R. XV de Novembro, 98","Rua Xv de Novembro, 98",1,abreviação expandida
endereco,logradouro,"R. XV de Novembro, 976","Rua Xv de Novembro, 976",1,abreviação expandida
endereco,logradouro,"R. XV de Novembro, 975","Rua Xv de Novembro, 975",1,abreviação expandida
endereco,logradouro,"R. Brasil, 1740","Rua Brasil, 1740",1,abreviação expandida
endereco,logradouro,"R. Brasil, 1732","Rua Brasil, 1732",1,abreviação expandida
endereco,logradouro,"R. Brasil, 1731","Rua Brasil, 1731",1,abreviação expandida
endereco,logradouro,"R. Brasil, 1728","Rua Brasil, 1728",1,abreviação expandida
endereco,logradouro,"R. Brasil, 1725","Rua Brasil, 1725",1,abreviação expandida
endereco,logradouro,"R. Brasil, 1722","Rua Brasil, 1722",1,abreviação expandida
endereco,logradouro,"R. Brasil, 1716","Rua Brasil, 1716",1,abreviação expandida
endereco,logradouro,"R. Brasil, 1714","Rua Brasil, 1714",1,abreviação expandida
endereco,logradouro,"R. das Flores, 1008","Rua das Flores, 1008",1,abreviação expandida
endereco,logradouro,"R. das Flores, 1007","Rua das Flores, 1007",1,abreviação expandida
endereco,logradouro,"R. das Flores, 1002","Rua das Flores, 1002",1,abreviação expandida
endereco,logradouro,"R. das Flores, 100","Rua das Flores, 100",1,abreviação expandida
endereco,logradouro,"R. das Flores, 10","Rua das Flores, 10",1,abreviação expandida
endereco,logradouro,R. das Acácias 507,Rua das Acácias 507,1,abreviação expandida
endereco,logradouro,R. das Acácias 490,Rua das Acácias 490,1,abreviação expandida
endereco,logradouro,R. das Acácias 4484,Rua das Acácias 4484,1,abreviação expandida
endereco,logradouro,"R. das Flores, 1055","Rua das Flores, 1055",1,abreviação expandida
endereco,logradouro,"R. das Flores, 1052","Rua das Flores, 1052",1,abreviação expandida
endereco,logradouro,"R. das Flores, 105","Rua das Flores, 105",1,abreviação expandida
endereco,logradouro,"R. das Flores, 1047","Rua das Flores, 1047",1,abreviação expandida
endereco,logradouro,"R. das Flores, 1046","Rua das Flores, 1046",1,abreviação expandida
endereco,logradouro,"R. das Flores, 1041","Rua das Flores, 1041",1,abreviação expandida
endereco,logradouro,"R. das Flores, 1039","Rua das Flores, 1039",1,abreviação expandida
endereco,logradouro,"R. das Flores, 1036","Rua das Flores, 1036",1,abreviação expandida
endereco,logradouro,"R. das Flores, 1026","Rua das Flores, 1026",1,abreviação expandida
endereco,logradouro,"R. das Flores, 1024","Rua das Flores, 1024",1,abreviação expandida
endereco,logradouro,"R. das Flores, 1012","Rua das Flores, 1012",1,abreviação expandida
endereco,logradouro,"R. das Flores, 101","Rua das Flores, 101",1,abreviação expandida
endereco,logradouro,"R. Brasil, 1753","Rua Brasil, 1753",1,abreviação expandida
endereco,logradouro,"R. Brasil, 1751","Rua Brasil, 1751",1,abreviação expandida
endereco,logradouro,"R. Brasil, 175","Rua Brasil, 175",1,abreviação expandida
endereco,logradouro,"R. Brasil, 1746","Rua Brasil, 1746",1,abreviação expandida
endereco,logradouro,"R. das Flores, 112","Rua das Flores, 112",1,abreviação expandida
endereco,logradouro,"R. das Flores, 1116","Rua das Flores, 1116",1,abreviação expandida
endereco,logradouro,"R. das Flores, 1113","Rua das Flores, 1113",1,abreviação expandida
endereco,logradouro,"R. das Flores, 1110","Rua das Flores, 1110",1,abreviação expandida
endereco,logradouro,"R. das Flores, 1109","Rua das Flores, 1109",1,abreviação expandida
endereco,logradouro,"R. das Flores, 1108","Rua das Flores, 1108",1,abreviação expandida
endereco,logradouro,"R. das Flores, 1106","Rua das Flores, 1106",1,abreviação expandida
endereco,logradouro,"R. das Flores, 1102","Rua das Flores, 1102",1,abreviação expandida
endereco,logradouro,"R. das Flores, 11","Rua das Flores, 11",1,abreviação expandida
endereco,logradouro,"R. das Flores, 1099","Rua das Flores, 1099",1,abreviação expandida
endereco,logradouro,"R. das Flores, 1093","Rua das Flores, 1093",1,abreviação expandida
endereco,logradouro,"R. das Flores, 1088","Rua das Flores, 1088",1,abreviação expandida
endereco,logradouro,"R. das Flores, 1085","Rua das Flores, 1085",1,abreviação expandida
endereco,logradouro,"R. das Flores, 1078","Rua das Flores, 1078",1,abreviação expandida
endereco,logradouro,"R. das Flores, 107","Rua das Flores, 107",1,abreviação expandida
endereco,logradouro,"R. das Flores, 1058","Rua das Flores, 1058",1,abreviação expandida
endereco,logradouro,"R. das Flores, 1170","Rua das Flores, 1170",1,abreviação expandida
endereco,logradouro,"R. das Flores, 117","Rua das Flores, 117",1,abreviação expandida
endereco,logradouro,"R. das Flores, 1165","Rua das Flores, 1165",1,abreviação expandida
endereco,logradouro,"R. das Flores, 1163","Rua das Flores, 1163",1,abreviação expandida
endereco,logradouro,"R. das Flores, 1162","Rua das Flores, 1162",1,abreviação expandida
endereco,logradouro,"R. das Flores, 1160","Rua das Flores, 1160",1,abreviação expandida
endereco,logradouro,"R. das Flores, 1157","Rua das Flores, 1157",1,abreviação expandida
endereco,logradouro,"R. das Flores, 1141","Rua das Flores, 1141",1,abreviação expandida
endereco,logradouro,"R. das Flores, 114","Rua das Flores, 114",1,abreviação expandida
endereco,logradouro,"R. das Flores, 1139","Rua das Flores, 1139",1,abreviação expandida
endereco,logradouro,"R. das Flores, 1138","Rua das Flores, 1138",1,abreviação expandida
endereco,logradouro,"R. das Flores, 1134","Rua das Flores, 1134",1,abreviação expandida
endereco,logradouro,"R. das Flores, 1128","Rua das Flores, 1128",1,abreviação expandida
endereco,logradouro,"R. das Flores, 1126","Rua das Flores, 1126",1,abreviação expandida
endereco,logradouro,"R. das Flores, 1122","Rua das Flores, 1122",1,abreviação expandida
endereco,logradouro,"R. das Flores, 1121","Rua das Flores, 1121",1,abreviação expandida
endereco,logradouro,"R. das Flores, 122","Rua das Flores, 122",1,abreviação expandida
endereco,logradouro,"R. das Flores, 1217","Rua das Flores, 1217",1,abreviação expandida
endereco,logradouro,"R. das Flores, 1213","Rua das Flores, 1213",1,abreviação expandida
endereco,logradouro,"R. das Flores, 121","Rua das Flores, 121",1,abreviação expandida
endereco,logradouro,"R. das Flores, 1208","Rua das Flores, 1208",1,abreviação expandida
endereco,logradouro,"R. das Flores, 1201","Rua das Flores, 1201",1,abreviação expandida
endereco,logradouro,"R. das Flores, 1196","Rua das Flores, 1196",1,abreviação expandida
endereco,logradouro,"R. das Flores, 1194","Rua das Flores, 1194",1,abreviação expandida
endereco,logradouro,"R. das Flores, 1193","Rua das Flores, 1193",1,abreviação expandida
endereco,logradouro,"R. das Flores, 1188","Rua das Flores, 1188",1,abreviação expandida
endereco,logradouro,"R. das Flores, 1187","Rua das Flores, 1187",1,abreviação expandida
endereco,logradouro,"R. das Flores, 1186","Rua das Flores, 1186",1,abreviação expandida
endereco,logradouro,"R. das Flores, 118","Rua das Flores, 118",1,abreviação expandida
endereco,logradouro,"R. das Flores, 1179","Rua das Flores, 1179",1,abreviação expandida
endereco,logradouro,"R. das Flores, 1177","Rua das Flores, 1177",1,abreviação expandida
endereco,logradouro,"R. das Flores, 1173","Rua das Flores, 1173",1,abreviação expandida
endereco,logradouro,"R. Brasil, 1686","Rua Brasil, 1686",1,abreviação expandida
endereco,logradouro,"R. Brasil, 1682","Rua Brasil, 1682",1,abreviação expandida
endereco,logradouro,"R. Brasil, 168","Rua Brasil, 168",1,abreviação expandida
endereco,logradouro,"R. Brasil, 1670","Rua Brasil, 1670",1,abreviação expandida
endereco,logradouro,"R. Brasil, 1669","Rua Brasil, 1669",1,abreviação expandida
endereco,logradouro,"R. Brasil, 1666","Rua Brasil, 1666",1,abreviação expandida
endereco,logradouro,"R. Brasil, 1661","Rua Brasil, 1661",1,abreviação expandida
endereco,logradouro,"R. Brasil, 1658","Rua Brasil, 1658",1,abreviação expandida
endereco,logradouro,"R. das Flores, 1236","Rua das Flores, 1236",1,abreviação expandida
endereco,logradouro,"R. das Flores, 1235","Rua das Flores, 1235",1,abreviação expandida
endereco,logradouro,"R. das Flores, 1234","Rua das Flores, 1234",1,abreviação expandida
endereco,logradouro,"R. das Flores, 1230","Rua das Flores, 1230",1,abreviação expandida
endereco,logradouro,"R. das Flores, 123","Rua das Flores, 123",1,abreviação expandida
endereco,logradouro,"R. das Flores, 1229","Rua das Flores, 1229",1,abreviação expandida
endereco,logradouro,"R. das Flores, 1223","Rua das Flores, 1223",1,abreviação expandida
endereco,logradouro,"R. das Flores, 1221","Rua das Flores, 1221",1,abreviação expandida
endereco,logradouro,"R. das Flores, 1278","Rua das Flores, 1278",1,abreviação expandida
endereco,logradouro,"R. das Flores, 1277","Rua das Flores, 1277",1,abreviação expandida
endereco,logradouro,"R. das Flores, 1272","Rua das Flores, 1272",1,abreviação expandida
endereco,logradouro,"R. das Flores, 1268","Rua das Flores, 1268",1,abreviação expandida
endereco,logradouro,"R. das Flores, 1262","Rua das Flores, 1262",1,abreviação expandida
endereco,logradouro,"R. das Flores, 126","Rua das Flores, 126",1,abreviação expandida
endereco,logradouro,"R. das Flores, 1256","Rua das Flores, 1256",1,abreviação expandida
endereco,logradouro,"R. das Flores, 1255","Rua das Flores, 1255",1,abreviação expandida
endereco,logradouro,"R. das Flores, 1252","Rua das Flores, 1252",1,abreviação expandida
endereco,logradouro,"R. das Flores, 1245","Rua das Flores, 1245",1,abreviação expandida
endereco,logradouro,"R. das Flores, 1242","Rua das Flores, 1242",1,abreviação expandida
endereco,logradouro,"R. das Flores, 1237","Rua das Flores, 1237",1,abreviação expandida
endereco,logradouro,"R. Brasil, 1710","Rua Brasil, 1710",1,abreviação expandida
endereco,logradouro,"R. Brasil, 1703","Rua Brasil, 1703",1,abreviação expandida
endereco,logradouro,"R. Brasil, 1699","Rua Brasil, 1699",1,abreviação expandida
endereco,logradouro,"R. Brasil, 1693","Rua Brasil, 1693",1,abreviação expandida
endereco,logradouro,"R. das Flores, 1346","Rua das Flores, 1346",1,abreviação expandida
endereco,logradouro,"R. das Flores, 1344","Rua das Flores, 1344",1,abreviação expandida
endereco,logradouro,"R. das Flores, 1340","Rua das Flores, 1340",1,abreviação expandida
endereco,logradouro,"R. das Flores, 1338","Rua das Flores, 1338",1,abreviação expandida
endereco,logradouro,"R. das Flores, 1329","Rua das Flores, 1329",1,abreviação expandida
endereco,logradouro,"R. das Flores, 1327","Rua das Flores, 1327",1,abreviação expandida
endereco,logradouro,"R. das Flores, 1326","Rua das Flores, 1326",1,abreviação expandida
endereco,logradouro,"R. das Flores, 1319","Rua das Flores, 1319",1,abreviação expandida
endereco,logradouro,"R. das Flores, 1314","Rua das Flores, 1314",1,abreviação expandida
endereco,logradouro,"R. das Flores, 1309","Rua das Flores, 1309",1,abreviação expandida
endereco,logradouro,"R. das Flores, 1308","Rua das Flores, 1308",1,abreviação expandida
endereco,logradouro,"R. das Flores, 1307","Rua das Flores, 1307",1,abreviação expandida
endereco,logradouro,"R. das Flores, 1297","Rua das Flores, 1297",1,abreviação expandida
endereco,logradouro,"R. das Flores, 1293","Rua das Flores, 1293",1,abreviação expandida
endereco,logradouro,"R. das Flores, 1286","Rua das Flores, 1286",1,abreviação expandida
endereco,logradouro,"R. das Flores, 1281","Rua das Flores, 1281",1,abreviação expandida
endereco,logradouro,"R. das Flores, 1397","Rua das Flores, 1397",1,abreviação expandida
endereco,logradouro,"R. das Flores, 1395","Rua das Flores, 1395",1,abreviação expandida
endereco,logradouro,"R. das Flores, 1391","Rua das Flores, 1391",1,abreviação expandida
endereco,logradouro,"R. das Flores, 1390","Rua das Flores, 1390",1,abreviação expandida
endereco,logradouro,"R. das Flores, 1388","Rua das Flores, 1388",1,abreviação expandida
endereco,logradouro,"R. das Flores, 1386","Rua das Flores, 1386",1,abreviação expandida
endereco,logradouro,"R. das Flores, 1381","Rua das Flores, 1381",1,abreviação expandida
endereco,logradouro,"R. das Flores, 1380","Rua das Flores, 1380",1,abreviação expandida
endereco,logradouro,"R. das Flores, 1378","Rua das Flores, 1378",1,abreviação expandida
endereco,logradouro,"R. das Flores, 1372","Rua das Flores, 1372",1,abreviação expandida
endereco,logradouro,"R. das Flores, 1369","Rua das Flores, 1369",1,abreviação expandida
endereco,logradouro,"R. das Flores, 1366","Rua das Flores, 1366",1,abreviação expandida
endereco,logradouro,"R. das Flores, 1358","Rua das Flores, 1358",1,abreviação expandida
endereco,logradouro,"R. das Flores, 1355","Rua das Flores, 1355",1,abreviação expandida
endereco,logradouro,"R. das Flores, 1350","Rua das Flores, 1350",1,abreviação expandida
endereco,logradouro,"R. das Flores, 135","Rua das Flores, 135",1,abreviação expandida
endereco,logradouro,"R. das Flores, 1455","Rua das Flores, 1455",1,abreviação expandida
endereco,logradouro,"R. das Flores, 1454","Rua das Flores, 1454",1,abreviação expandida
endereco,logradouro,"R. das Flores, 1448","Rua das Flores, 1448",1,abreviação expandida
endereco,logradouro,"R. das Flores, 1445","Rua das Flores, 1445",1,abreviação expandida
endereco,logradouro,"R. das Flores, 144","Rua das Flores, 144",1,abreviação expandida
endereco,logradouro,"R. das Flores, 1437","Rua das Flores, 1437",1,abreviação expandida
endereco,logradouro,"R. das Flores, 1436","Rua das Flores, 1436",1,abreviação expandida
endereco,logradouro,"R. das Flores, 1431","Rua das Flores, 1431",1,abreviação expandida
endereco,logradouro,"R. das Flores, 1427","Rua das Flores, 1427",1,abreviação expandida
endereco,logradouro,"R. das Flores, 1416","Rua das Flores, 1416",1,abreviação expandida
endereco,logradouro,"R. das Flores, 1413","Rua das Flores, 1413",1,abreviação expandida
endereco,logradouro,"R. das Flores, 1412","Rua das Flores, 1412",1,abreviação expandida
endereco,logradouro,"R. das Flores, 1411","Rua das Flores, 1411",1,abreviação expandida
endereco,logradouro,"R. das Flores, 1401","Rua das Flores, 1401",1,abreviação expandida
endereco,logradouro,"R. das Flores, 140","Rua das Flores, 140",1,abreviação expandida
endereco,logradouro,"R. das Flores, 1398","Rua das Flores, 1398",1,abreviação expandida
endereco,logradouro,"R. Brasil, 1641","Rua Brasil, 1641",1,abreviação expandida
endereco,logradouro,"R. Brasil, 164","Rua Brasil, 164",1,abreviação expandida
endereco,logradouro,"R. Brasil, 1639","Rua Brasil, 1639",1,abreviação expandida
endereco,logradouro,"R. Brasil, 1638","Rua Brasil, 1638",1,abreviação expandida
endereco,logradouro,"R. Brasil, 1633","Rua Brasil, 1633",1,abreviação expandida
endereco,logradouro,"R. Brasil, 1628","Rua Brasil, 1628",1,abreviação expandida
endereco,logradouro,"R. Brasil, 1622","Rua Brasil, 1622",1,abreviação expandida
endereco,logradouro,"R. Brasil, 1620","Rua Brasil, 1620",1,abreviação expandida
endereco,logradouro,"R. Brasil, 162","Rua Brasil, 162",1,abreviação expandida
endereco,logradouro,"R. Brasil, 1618","Rua Brasil, 1618",1,abreviação expandida
endereco,logradouro,"R. Brasil, 1615","Rua Brasil, 1615",1,abreviação expandida
endereco,logradouro,"R. Brasil, 1612","Rua Brasil, 1612",1,abreviação expandida
endereco,logradouro,"R. Brasil, 161","Rua Brasil, 161",1,abreviação expandida
endereco,logradouro,"R. das Flores, 1464","Rua das Flores, 1464",1,abreviação expandida
endereco,logradouro,"R. das Flores, 1461","Rua das Flores, 1461",1,abreviação expandida
endereco,logradouro,"R. das Flores, 1457","Rua das Flores, 1457",1,abreviação expandida
endereco,logradouro,"R. das Flores, 1509","Rua das Flores, 1509",1,abreviação expandida
endereco,logradouro,"R. das Flores, 150","Rua das Flores, 150",1,abreviação expandida
endereco,logradouro,"R. das Flores, 15","Rua das Flores, 15",1,abreviação expandida
endereco,logradouro,"R. das Flores, 1497","Rua das Flores, 1497",1,abreviação expandida
endereco,logradouro,"R. das Flores, 1496","Rua das Flores, 1496",1,abreviação expandida
endereco,logradouro,"R. das Flores, 1495","Rua das Flores, 1495",1,abreviação expandida
endereco,logradouro,"R. das Flores, 1487","Rua das Flores, 1487",1,abreviação expandida
endereco,logradouro,"R. das Flores, 1481","Rua das Flores, 1481",1,abreviação expandida
endereco,logradouro,"R. das Flores, 1478","Rua das Flores, 1478",1,abreviação expandida
endereco,logradouro,"R. das Flores, 1477","Rua das Flores, 1477",1,abreviação expandida
endereco,logradouro,"R. das Flores, 1471","Rua das Flores, 1471",1,abreviação expandida
endereco,logradouro,"R. das Flores, 1470","Rua das Flores, 1470",1,abreviação expandida
endereco,logradouro,"R. das Flores, 147","Rua das Flores, 147",1,abreviação expandida
endereco,logradouro,"R. das Flores, 1469","Rua das Flores, 1469",1,abreviação expandida
endereco,logradouro,"R. das Flores, 1465","Rua das Flores, 1465",1,abreviação expandida
endereco,logradouro,"R. Brasil, 1649","Rua Brasil, 1649",1,abreviação expandida
endereco,logradouro,"R. das Flores, 1555","Rua das Flores, 1555",1,abreviação expandida
endereco,logradouro,"R. das Flores, 1548","Rua das Flores, 1548",1,abreviação expandida
endereco,logradouro,"R. das Flores, 1547","Rua das Flores, 1547",1,abreviação expandida
endereco,logradouro,"R. das Flores, 1543","Rua das Flores, 1543",1,abreviação expandida
endereco,logradouro,"R. das Flores, 1542","Rua das Flores, 1542",1,abreviação expandida
endereco,logradouro,"R. das Flores, 1536","Rua das Flores, 1536",1,abreviação expandida
endereco,logradouro,"R. das Flores, 1534","Rua das Flores, 1534",1,abreviação expandida
endereco,logradouro,"R. das Flores, 1533","Rua das Flores, 1533",1,abreviação expandida
endereco,logradouro,"R. das Flores, 1532","Rua das Flores, 1532",1,abreviação expandida
endereco,logradouro,"R. das Flores, 153","Rua das Flores, 153",1,abreviação expandida
endereco,logradouro,"R. das Flores, 1527","Rua das Flores, 1527",1,abreviação expandida
endereco,logradouro,"R. das Flores, 1526","Rua das Flores, 1526",1,abreviação expandida
endereco,logradouro,"R. das Flores, 1523","Rua das Flores, 1523",1,abreviação expandida
endereco,logradouro,"R. das Flores, 1522","Rua das Flores, 1522",1,abreviação expandida
endereco,logradouro,"R. das Flores, 1516","Rua das Flores, 1516",1,abreviação expandida
endereco,logradouro,"R. das Flores, 1510","Rua das Flores, 1510",1,abreviação expandida
endereco,logradouro,"R. das Flores, 1617","Rua das Flores, 1617",1,abreviação expandida
endereco,logradouro,"R. das Flores, 1612","Rua das Flores, 1612",1,abreviação expandida
endereco,logradouro,"R. das Flores, 161","Rua das Flores, 161",1,abreviação expandida
endereco,logradouro,"R. das Flores, 1607","Rua das Flores, 1607",1,abreviação expandida
endereco,logradouro,"R. das Flores, 160","Rua das Flores, 160",1,abreviação expandida
endereco,logradouro,"R. das Flores, 16","Rua das Flores, 16",1,abreviação expandida
endereco,logradouro,"R. das Flores, 1598","Rua das Flores, 1598",1,abreviação expandida
endereco,logradouro,"R. das Flores, 1596","Rua das Flores, 1596",1,abreviação expandida
endereco,logradouro,"R. das Flores, 1585","Rua das Flores, 1585",1,abreviação expandida
endereco,logradouro,"R. das Flores, 1583","Rua das Flores, 1583",1,abreviação expandida
endereco,logradouro,"R. das Flores, 1575","Rua das Flores, 1575",1,abreviação expandida
endereco,logradouro,"R. das Flores, 1571","Rua das Flores, 1571",1,abreviação expandida
endereco,logradouro,"R. das Flores, 1565","Rua das Flores, 1565",1,abreviação expandida
endereco,logradouro,"R. das Flores, 1563","Rua das Flores, 1563",1,abreviação expandida
endereco,logradouro,"R. das Flores, 1558","Rua das Flores, 1558",1,abreviação expandida
endereco,logradouro,"R. das Flores, 1557","Rua das Flores, 1557",1,abreviação expandida
endereco,logradouro,"R. das Flores, 1666","Rua das Flores, 1666",1,abreviação expandida
endereco,logradouro,"R. das Flores, 1664","Rua das Flores, 1664",1,abreviação expandida
endereco,logradouro,"R. das Flores, 1661","Rua das Flores, 1661",1,abreviação expandida
endereco,logradouro,"R. das Flores, 1658","Rua das Flores, 1658",1,abreviação expandida
endereco,logradouro,"R. das Flores, 1657","Rua das Flores, 1657",1,abreviação expandida
endereco,logradouro,"R. das Flores, 1645","Rua das Flores, 1645",1,abreviação expandida
endereco,logradouro,"R. das Flores, 1643","Rua das Flores, 1643",1,abreviação expandida
endereco,logradouro,"R. das Flores, 1637","Rua das Flores, 1637",1,abreviação expandida
endereco,logradouro,"R. das Flores, 1635","Rua das Flores, 1635",1,abreviação expandida
endereco,logradouro,"R. das Flores, 1631","Rua das Flores, 1631",1,abreviação expandida
endereco,logradouro,"R. das Flores, 1628","Rua das Flores, 1628",1,abreviação expandida
endereco,logradouro,"R. das Flores, 1626","Rua das Flores, 1626",1,abreviação expandida
endereco,logradouro,"R. das Flores, 1622","Rua das Flores, 1622",1,abreviação expandida
endereco,logradouro,"R. das Flores, 1621","Rua das Flores, 1621",1,abreviação expandida
endereco,logradouro,"R. das Flores, 1619","Rua das Flores, 1619",1,abreviação expandida
endereco,logradouro,"R. das Flores, 1618","Rua das Flores, 1618",1,abreviação expandida
endereco,logradouro,"R. das Flores, 1711","Rua das Flores, 1711",1,abreviação expandida
endereco,logradouro,"R. das Flores, 1710","Rua das Flores, 1710",1,abreviação expandida
endereco,logradouro,"R. das Flores, 1702","Rua das Flores, 1702",1,abreviação expandida
endereco,logradouro,"R. das Flores, 1701","Rua das Flores, 1701",1,abreviação expandida
endereco,logradouro,"R. das Flores, 170","Rua das Flores, 170",1,abreviação expandida
endereco,logradouro,"R. das Flores, 1696","Rua das Flores, 1696",1,abreviação expandida
endereco,logradouro,"R. das Flores, 1693","Rua das Flores, 1693",1,abreviação expandida
endereco,logradouro,"R. das Flores, 1690","Rua das Flores, 1690",1,abreviação expandida
endereco,logradouro,"R. das Flores, 1683","Rua das Flores, 1683",1,abreviação expandida
endereco,logradouro,"R. das Flores, 1680","Rua das Flores, 1680",1,abreviação expandida
endereco,logradouro,"R. das Flores, 168","Rua das Flores, 168",1,abreviação expandida
endereco,logradouro,"R. das Flores, 1677","Rua das Flores, 1677",1,abreviação expandida
endereco,logradouro,"R. das Flores, 1675","Rua das Flores, 1675",1,abreviação expandida
endereco,logradouro,"R. das Flores, 1672","Rua das Flores, 1672",1,abreviação expandida
endereco,logradouro,"R. das Flores, 1668","Rua das Flores, 1668",1,abreviação expandida
endereco,logradouro,"R. das Flores, 1667","Rua das Flores, 1667",1,abreviação expandida
endereco,logradouro,"R. das Flores, 1744","Rua das Flores, 1744",1,abreviação expandida
endereco,logradouro,"R. das Flores, 1741","Rua das Flores, 1741",1,abreviação expandida
endereco,logradouro,"R. das Flores, 1735","Rua das Flores, 1735",1,abreviação expandida
endereco,logradouro,"R. das Flores, 1730","Rua das Flores, 1730",1,abreviação expandida
endereco,logradouro,"R. das Flores, 173","Rua das Flores, 173",1,abreviação expandida
endereco,logradouro,"R. das Flores, 1728","Rua das Flores, 1728",1,abreviação expandida
endereco,logradouro,"R. das Flores, 1726","Rua das Flores, 1726",1,abreviação expandida
endereco,logradouro,"R. das Flores, 1725","Rua das Flores, 1725",1,abreviação expandida
endereco,logradouro,"R. das Flores, 1723","Rua das Flores, 1723",1,abreviação expandida
endereco,logradouro,"R. das Flores, 1722","Rua das Flores, 1722",1,abreviação expandida
endereco,logradouro,"R. das Flores, 1721","Rua das Flores, 1721",1,abreviação expandida
endereco,logradouro,"R. das Flores, 1719","Rua das Flores, 1719",1,abreviação expandida
endereco,logradouro,"R. das Flores, 1718","Rua das Flores, 1718",1,abreviação expandida
endereco,logradouro,"R. das Flores, 1717","Rua das Flores, 1717",1,abreviação expandida
endereco,logradouro,"R. das Flores, 1716","Rua das Flores, 1716",1,abreviação expandida
endereco,logradouro,"R. das Flores, 1712","Rua das Flores, 1712",1,abreviação expandida
endereco,logradouro,"R. Brasil, 1607","Rua Brasil, 1607",1,abreviação expandida
endereco,logradouro,"R. Brasil, 1604","Rua Brasil, 1604",1,abreviação expandida
endereco,logradouro,"R. Brasil, 1602","Rua Brasil, 1602",1,abreviação expandida
endereco,logradouro,"R. Brasil, 1601","Rua Brasil, 1601",1,abreviação expandida
endereco,logradouro,"R. Brasil, 1599","Rua Brasil, 1599",1,abreviação expandida
endereco,logradouro,"R. Brasil, 1598","Rua Brasil, 1598",1,abreviação expandida
endereco,logradouro,"R. Brasil, 1596","Rua Brasil, 1596",1,abreviação expandida
endereco,logradouro,"R. Brasil, 1594","Rua Brasil, 1594",1,abreviação expandida
endereco,logradouro,"R. Brasil, 1583","Rua Brasil, 1583",1,abreviação expandida
endereco,logradouro,"R. Brasil, 1582","Rua Brasil, 1582",1,abreviação expandida
endereco,logradouro,"R. Brasil, 1581","Rua Brasil, 1581",1,abreviação expandida
endereco,logradouro,"R. Brasil, 1575","Rua Brasil, 1575",1,abreviação expandida
endereco,logradouro,"R. Brasil, 1574","Rua Brasil, 1574",1,abreviação expandida
endereco,logradouro,"R. das Flores, 1758","Rua das Flores, 1758",1,abreviação expandida
endereco,logradouro,"R. das Flores, 175","Rua das Flores, 175",1,abreviação expandida
endereco,logradouro,"R. das Flores, 1748","Rua das Flores, 1748",1,abreviação expandida
endereco,logradouro,"R. das Flores, 1808","Rua das Flores, 1808",1,abreviação expandida
endereco,logradouro,"R. das Flores, 1806","Rua das Flores, 1806",1,abreviação expandida
endereco,logradouro,"R. das Flores, 1803","Rua das Flores, 1803",1,abreviação expandida
endereco,logradouro,"R. das Flores, 18","Rua das Flores, 18",1,abreviação expandida
endereco,logradouro,"R. das Flores, 1796","Rua das Flores, 1796",1,abreviação expandida
endereco,logradouro,"R. das Flores, 1792","Rua das Flores, 1792",1,abreviação expandida
endereco,logradouro,"R. das Flores, 1791","Rua das Flores, 1791",1,abreviação expandida
endereco,logradouro,"R. das Flores, 179","Rua das Flores, 179",1,abreviação expandida
endereco,logradouro,"R. das Flores, 1789","Rua das Flores, 1789",1,abreviação expandida
endereco,logradouro,"R. das Flores, 1786","Rua das Flores, 1786",1,abreviação expandida
endereco,logradouro,"R. das Flores, 1783","Rua das Flores, 1783",1,abreviação expandida
endereco,logradouro,"R. das Flores, 1777","Rua das Flores, 1777",1,abreviação expandida
endereco,logradouro,"R. das Flores, 177","Rua das Flores, 177",1,abreviação expandida
endereco,logradouro,"R. das Flores, 1762","Rua das Flores, 1762",1,abreviação expandida
endereco,logradouro,"R. das Flores, 176","Rua das Flores, 176",1,abreviação expandida
endereco,logradouro,"R. Brasil, 1608","Rua Brasil, 1608",1,abreviação expandida
endereco,logradouro,"R. das Flores, 184","Rua das Flores, 184",1,abreviação expandida
endereco,logradouro,"R. das Flores, 1839","Rua das Flores, 1839",1,abreviação expandida
endereco,logradouro,"R. das Flores, 1836","Rua das Flores, 1836",1,abreviação expandida
endereco,logradouro,"R. das Flores, 1834","Rua das Flores, 1834",1,abreviação expandida
endereco,logradouro,"R. das Flores, 1828","Rua das Flores, 1828",1,abreviação expandida
endereco,logradouro,"R. das Flores, 1824","Rua das Flores, 1824",1,abreviação expandida
endereco,logradouro,"R. das Flores, 1823","Rua das Flores, 1823",1,abreviação expandida
endereco,logradouro,"R. das Flores, 1821","Rua das Flores, 1821",1,abreviação expandida
endereco,logradouro,"R. das Flores, 1820","Rua das Flores, 1820",1,abreviação expandida
endereco,logradouro,"R. das Flores, 182","Rua das Flores, 182",1,abreviação expandida
endereco,logradouro,"R. das Flores, 1817","Rua das Flores, 1817",1,abreviação expandida
endereco,logradouro,"R. das Flores, 1813","Rua das Flores, 1813",1,abreviação expandida
endereco,logradouro,"R. das Flores, 1812","Rua das Flores, 1812",1,abreviação expandida
endereco,logradouro,"R. das Flores, 1811","Rua das Flores, 1811",1,abreviação expandida
endereco,logradouro,"R. das Flores, 1810","Rua das Flores, 1810",1,abreviação expandida
endereco,logradouro,"R. das Flores, 1809","Rua das Flores, 1809",1,abreviação expandida
endereco,logradouro,"R. Brasil, 1558","Rua Brasil, 1558",1,abreviação expandida
endereco,logradouro,"R. Brasil, 1555","Rua Brasil, 1555",1,abreviação expandida
endereco,logradouro,"R. Brasil, 1554","Rua Brasil, 1554",1,abreviação expandida
endereco,logradouro,"R. Brasil, 1551","Rua Brasil, 1551",1,abreviação expandida
endereco,logradouro,"R. Brasil, 1537","Rua Brasil, 1537",1,abreviação expandida
endereco,logradouro,"R. Brasil, 1533","Rua Brasil, 1533",1,abreviação expandida
endereco,logradouro,"R. Brasil, 1531","Rua Brasil, 1531",1,abreviação expandida
endereco,logradouro,"R. Brasil, 153","Rua Brasil, 153",1,abreviação expandida
endereco,logradouro,"R. Brasil, 1529","Rua Brasil, 1529",1,abreviação expandida
endereco,logradouro,"R. Brasil, 1528","Rua Brasil, 1528",1,abreviação expandida
endereco,logradouro,"R. Brasil, 1527","Rua Brasil, 1527",1,abreviação expandida
endereco,logradouro,"R. das Flores, 1860","Rua das Flores, 1860",1,abreviação expandida
endereco,logradouro,"R. das Flores, 1858","Rua das Flores, 1858",1,abreviação expandida
endereco,logradouro,"R. das Flores, 1854","Rua das Flores, 1854",1,abreviação expandida
endereco,logradouro,"R. das Flores, 1852","Rua das Flores, 1852",1,abreviação expandida
endereco,logradouro,"R. das Flores, 1842","Rua das Flores, 1842",1,abreviação expandida
endereco,logradouro,"R. das Flores, 1896","Rua das Flores, 1896",1,abreviação expandida
endereco,logradouro,"R. das Flores, 1895","Rua das Flores, 1895",1,abreviação expandida
endereco,logradouro,"R. das Flores, 189","Rua das Flores, 189",1,abreviação expandida
endereco,logradouro,"R. das Flores, 1889","Rua das Flores, 1889",1,abreviação expandida
endereco,logradouro,"R. das Flores, 1887","Rua das Flores, 1887",1,abreviação expandida
endereco,logradouro,"R. das Flores, 1883","Rua das Flores, 1883",1,abreviação expandida
endereco,logradouro,"R. das Flores, 188","Rua das Flores, 188",1,abreviação expandida
endereco,logradouro,"R. das Flores, 1875","Rua das Flores, 1875",1,abreviação expandida
endereco,logradouro,"R. das Flores, 1874","Rua das Flores, 1874",1,abreviação expandida
endereco,logradouro,"R. das Flores, 1873","Rua das Flores, 1873",1,abreviação expandida
endereco,logradouro,"R. das Flores, 1872","Rua das Flores, 1872",1,abreviação expandida
endereco,logradouro,"R. das Flores, 1871","Rua das Flores, 1871",1,abreviação expandida
endereco,logradouro,"R. das Flores, 1869","Rua das Flores, 1869",1,abreviação expandida
endereco,logradouro,"R. Brasil, 1568","Rua Brasil, 1568",1,abreviação expandida
endereco,logradouro,"R. Brasil, 1562","Rua Brasil, 1562",1,abreviação expandida
endereco,logradouro,"R. Brasil, 1561","Rua Brasil, 1561",1,abreviação expandida
endereco,logradouro,"R. das Flores, 1943","Rua das Flores, 1943",1,abreviação expandida
endereco,logradouro,"R. das Flores, 1941","Rua das Flores, 1941",1,abreviação expandida
endereco,logradouro,"R. das Flores, 194","Rua das Flores, 194",1,abreviação expandida
endereco,logradouro,"R. das Flores, 1939","Rua das Flores, 1939",1,abreviação expandida
endereco,logradouro,"R. das Flores, 1933","Rua das Flores, 1933",1,abreviação expandida
endereco,logradouro,"R. das Flores, 193","Rua das Flores, 193",1,abreviação expandida
endereco,logradouro,"R. das Flores, 1924","Rua das Flores, 1924",1,abreviação expandida
endereco,logradouro,"R. das Flores, 192","Rua das Flores, 192",1,abreviação expandida
endereco,logradouro,"R. das Flores, 1919","Rua das Flores, 1919",1,abreviação expandida
endereco,logradouro,"R. das Flores, 1916","Rua das Flores, 1916",1,abreviação expandida
endereco,logradouro,"R. das Flores, 1913","Rua das Flores, 1913",1,abreviação expandida
endereco,logradouro,"R. das Flores, 1906","Rua das Flores, 1906",1,abreviação expandida
endereco,logradouro,"R. das Flores, 1903","Rua das Flores, 1903",1,abreviação expandida
endereco,logradouro,"R. das Flores, 1899","Rua das Flores, 1899",1,abreviação expandida
endereco,logradouro,"R. das Flores, 1898","Rua das Flores, 1898",1,abreviação expandida
endereco,logradouro,"R. das Flores, 1897","Rua das Flores, 1897",1,abreviação expandida
endereco,logradouro,"R. Brasil, 1488","Rua Brasil, 1488",1,abreviação expandida
endereco,logradouro,"R. Brasil, 1484","Rua Brasil, 1484",1,abreviação expandida
endereco,logradouro,"R. Brasil, 1482","Rua Brasil, 1482",1,abreviação expandida
endereco,logradouro,"R. Brasil, 1477","Rua Brasil, 1477",1,abreviação expandida
endereco,logradouro,"R. Brasil, 1473","Rua Brasil, 1473",1,abreviação expandida
endereco,logradouro,"R. Brasil, 1470","Rua Brasil, 1470",1,abreviação expandida
endereco,logradouro,"R. Brasil, 147","Rua Brasil, 147",1,abreviação expandida
endereco,logradouro,"R. Brasil, 146","Rua Brasil, 146",1,abreviação expandida
endereco,logradouro,"R. das Flores, 1970","Rua das Flores, 1970",1,abreviação expandida
endereco,logradouro,"R. das Flores, 1966","Rua das Flores, 1966",1,abreviação expandida
endereco,logradouro,"R. das Flores, 1965","Rua das Flores, 1965",1,abreviação expandida
endereco,logradouro,"R. das Flores, 1960","Rua das Flores, 1960",1,abreviação expandida
endereco,logradouro,"R. das Flores, 1956","Rua das Flores, 1956",1,abreviação expandida
endereco,logradouro,"R. das Flores, 1954","Rua das Flores, 1954",1,abreviação expandida
endereco,logradouro,"R. das Flores, 1950","Rua das Flores, 1950",1,abreviação expandida
endereco,logradouro,"R. das Flores, 1946","Rua das Flores, 1946",1,abreviação expandida
endereco,logradouro,"R. das Flores, 2006","Rua das Flores, 2006",1,abreviação expandida
endereco,logradouro,"R. das Flores, 2004","Rua das Flores, 2004",1,abreviação expandida
endereco,logradouro,"R. das Flores, 2002","Rua das Flores, 2002",1,abreviação expandida
endereco,logradouro,"R. das Flores, 20","Rua das Flores, 20",1,abreviação expandida
endereco,logradouro,"R. das Flores, 1999","Rua das Flores, 1999",1,abreviação expandida
endereco,logradouro,"R. das Flores, 1996","Rua das Flores, 1996",1,abreviação expandida
endereco,logradouro,"R. das Flores, 1995","Rua das Flores, 1995",1,abreviação expandida
endereco,logradouro,"R. das Flores, 1994","Rua das Flores, 1994",1,abreviação expandida
endereco,logradouro,"R. das Flores, 1993","Rua das Flores, 1993",1,abreviação expandida
endereco,logradouro,"R. das Flores, 199","Rua das Flores, 199",1,abreviação expandida
endereco,logradouro,"R. das Flores, 1985","Rua das Flores, 1985",1,abreviação expandida
endereco,logradouro,"R. das Flores, 1976","Rua das Flores, 1976",1,abreviação expandida
endereco,logradouro,"R. das Flores, 1975","Rua das Flores, 1975",1,abreviação expandida
endereco,logradouro,"R. Brasil, 152","Rua Brasil, 152",1,abreviação expandida
endereco,logradouro,"R. Brasil, 1512","Rua Brasil, 1512",1,abreviação expandida
endereco,logradouro,"R. Brasil, 1501","Rua Brasil, 1501",1,abreviação expandida
endereco,logradouro,"R. das Flores, 2054","Rua das Flores, 2054",1,abreviação expandida
endereco,logradouro,"R. das Flores, 2053","Rua das Flores, 2053",1,abreviação expandida
endereco,logradouro,"R. das Flores, 205","Rua das Flores, 205",1,abreviação expandida
endereco,logradouro,"R. das Flores, 2045","Rua das Flores, 2045",1,abreviação expandida
endereco,logradouro,"R. das Flores, 2042","Rua das Flores, 2042",1,abreviação expandida
endereco,logradouro,"R. das Flores, 2040","Rua das Flores, 2040",1,abreviação expandida
endereco,logradouro,"R. das Flores, 2039","Rua das Flores, 2039",1,abreviação expandida
endereco,logradouro,"R. das Flores, 2038","Rua das Flores, 2038",1,abreviação expandida
endereco,logradouro,"R. das Flores, 2026","Rua das Flores, 2026",1,abreviação expandida
endereco,logradouro,"R. das Flores, 2024","Rua das Flores, 2024",1,abreviação expandida
endereco,logradouro,"R. das Flores, 2022","Rua das Flores, 2022",1,abreviação expandida
endereco,logradouro,"R. das Flores, 202","Rua das Flores, 202",1,abreviação expandida
endereco,logradouro,"R. das Flores, 2019","Rua das Flores, 2019",1,abreviação expandida
endereco,logradouro,"R. das Flores, 2018","Rua das Flores, 2018",1,abreviação expandida
endereco,logradouro,"R. das Flores, 2016","Rua das Flores, 2016",1,abreviação expandida
endereco,logradouro,"R. das Flores, 2007","Rua das Flores, 2007",1,abreviação expandida
endereco,logradouro,"R. Brasil, 1430","Rua Brasil, 1430",1,abreviação expandida
endereco,logradouro,"R. Brasil, 143","Rua Brasil, 143",1,abreviação expandida
endereco,logradouro,"R. Brasil, 1429","Rua Brasil, 1429",1,abreviação expandida
endereco,logradouro,"R. Brasil, 1428","Rua Brasil, 1428",1,abreviação expandida
endereco,logradouro,"R. Brasil, 1425","Rua Brasil, 1425",1,abreviação expandida
endereco,logradouro,"R. Brasil, 1420","Rua Brasil, 1420",1,abreviação expandida
endereco,logradouro,"R. Brasil, 142","Rua Brasil, 142",1,abreviação expandida
endereco,logradouro,"R. Brasil, 1413","Rua Brasil, 1413",1,abreviação expandida
endereco,logradouro,"R. Brasil, 1405","Rua Brasil, 1405",1,abreviação expandida
endereco,logradouro,"R. das Flores, 2101","Rua das Flores, 2101",1,abreviação expandida
endereco,logradouro,"R. das Flores, 2083","Rua das Flores, 2083",1,abreviação expandida
endereco,logradouro,"R. das Flores, 2082","Rua das Flores, 2082",1,abreviação expandida
endereco,logradouro,"R. das Flores, 2076","Rua das Flores, 2076",1,abreviação expandida
endereco,logradouro,"R. das Flores, 2066","Rua das Flores, 2066",1,abreviação expandida
endereco,logradouro,"R. das Flores, 2065","Rua das Flores, 2065",1,abreviação expandida
endereco,logradouro,"R. das Flores, 206","Rua das Flores, 206",1,abreviação expandida
endereco,logradouro,"R. das Flores, 2145","Rua das Flores, 2145",1,abreviação expandida
endereco,logradouro,"R. das Flores, 2142","Rua das Flores, 2142",1,abreviação expandida
endereco,logradouro,"R. das Flores, 2140","Rua das Flores, 2140",1,abreviação expandida
endereco,logradouro,"R. das Flores, 214","Rua das Flores, 214",1,abreviação expandida
endereco,logradouro,"R. das Flores, 2138","Rua das Flores, 2138",1,abreviação expandida
endereco,logradouro,"R. das Flores, 2137","Rua das Flores, 2137",1,abreviação expandida
endereco,logradouro,"R. das Flores, 2131","Rua das Flores, 2131",1,abreviação expandida
endereco,logradouro,"R. das Flores, 2125","Rua das Flores, 2125",1,abreviação expandida
endereco,logradouro,"R. das Flores, 2123","Rua das Flores, 2123",1,abreviação expandida
endereco,logradouro,"R. das Flores, 2121","Rua das Flores, 2121",1,abreviação expandida
endereco,logradouro,"R. das Flores, 212","Rua das Flores, 212",1,abreviação expandida
endereco,logradouro,"R. das Flores, 2113","Rua das Flores, 2113",1,abreviação expandida
endereco,logradouro,"R. das Flores, 2104","Rua das Flores, 2104",1,abreviação expandida
endereco,logradouro,"R. das Flores, 2102","Rua das Flores, 2102",1,abreviação expandida
endereco,logradouro,"R. Brasil, 1457","Rua Brasil, 1457",1,abreviação expandida
endereco,logradouro,"R. Brasil, 1456","Rua Brasil, 1456",1,abreviação expandida
endereco,logradouro,"R. das Flores, 219","Rua das Flores, 219",1,abreviação expandida
endereco,logradouro,"R. das Flores, 2186","Rua das Flores, 2186",1,abreviação expandida
endereco,logradouro,"R. das Flores, 2185","Rua das Flores, 2185",1,abreviação expandida
endereco,logradouro,"R. das Flores, 2183","Rua das Flores, 2183",1,abreviação expandida
endereco,logradouro,"R. das Flores, 218","Rua das Flores, 218",1,abreviação expandida
endereco,logradouro,"R. das Flores, 2178","Rua das Flores, 2178",1,abreviação expandida
endereco,logradouro,"R. das Flores, 2176","Rua das Flores, 2176",1,abreviação expandida
endereco,logradouro,"R. das Flores, 2172","Rua das Flores, 2172",1,abreviação expandida
endereco,logradouro,"R. das Flores, 217","Rua das Flores, 217",1,abreviação expandida
endereco,logradouro,"R. das Flores, 2167","Rua das Flores, 2167",1,abreviação expandida
endereco,logradouro,"R. das Flores, 2162","Rua das Flores, 2162",1,abreviação expandida
endereco,logradouro,"R. das Flores, 216","Rua das Flores, 216",1,abreviação expandida
endereco,logradouro,"R. das Flores, 2155","Rua das Flores, 2155",1,abreviação expandida
endereco,logradouro,"R. das Flores, 2154","Rua das Flores, 2154",1,abreviação expandida
endereco,logradouro,"R. das Flores, 2152","Rua das Flores, 2152",1,abreviação expandida
endereco,logradouro,"R. das Flores, 2150","Rua das Flores, 2150",1,abreviação expandida
endereco,logradouro,"R. das Flores, 2232","Rua das Flores, 2232",1,abreviação expandida
endereco,logradouro,"R. das Flores, 223","Rua das Flores, 223",1,abreviação expandida
endereco,logradouro,"R. das Flores, 2229","Rua das Flores, 2229",1,abreviação expandida
endereco,logradouro,"R. das Flores, 2222","Rua das Flores, 2222",1,abreviação expandida
endereco,logradouro,"R. das Flores, 2221","Rua das Flores, 2221",1,abreviação expandida
endereco,logradouro,"R. das Flores, 222","Rua das Flores, 222",1,abreviação expandida
endereco,logradouro,"R. das Flores, 2219","Rua das Flores, 2219",1,abreviação expandida
endereco,logradouro,"R. das Flores, 2214","Rua das Flores, 2214",1,abreviação expandida
endereco,logradouro,"R. das Flores, 2209","Rua das Flores, 2209",1,abreviação expandida
endereco,logradouro,"R. das Flores, 2207","Rua das Flores, 2207",1,abreviação expandida
endereco,logradouro,"R. das Flores, 2206","Rua das Flores, 2206",1,abreviação expandida
endereco,logradouro,"R. das Flores, 2204","Rua das Flores, 2204",1,abreviação expandida
endereco,logradouro,"R. das Flores, 2202","Rua das Flores, 2202",1,abreviação expandida
endereco,logradouro,"R. das Flores, 2199","Rua das Flores, 2199",1,abreviação expandida
endereco,logradouro,"R. das Flores, 2193","Rua das Flores, 2193",1,abreviação expandida
endereco,logradouro,"R. das Flores, 2192","Rua das Flores, 2192",1,abreviação expandida
endereco,logradouro,"R. Brasil, 1400","Rua Brasil, 1400",1,abreviação expandida
endereco,logradouro,"R. Brasil, 14","Rua Brasil, 14",1,abreviação expandida
endereco,logradouro,"R. Brasil, 1397","Rua Brasil, 1397",1,abreviação expandida
endereco,logradouro,"R. Brasil, 1396","Rua Brasil, 1396",1,abreviação expandida
endereco,logradouro,"R. Brasil, 1394","Rua Brasil, 1394",1,abreviação expandida
endereco,logradouro,"R. Brasil, 139","Rua Brasil, 139",1,abreviação expandida
endereco,logradouro,"R. Brasil, 1387","Rua Brasil, 1387",1,abreviação expandida
endereco,logradouro,"R. Brasil, 138","Rua Brasil, 138",1,abreviação expandida
endereco,logradouro,"R. Brasil, 1374","Rua Brasil, 1374",1,abreviação expandida
endereco,logradouro,"R. Brasil, 1373","Rua Brasil, 1373",1,abreviação expandida
endereco,logradouro,"R. das Flores, 2255","Rua das Flores, 2255",1,abreviação expandida
endereco,logradouro,"R. das Flores, 2254","Rua das Flores, 2254",1,abreviação expandida
endereco,logradouro,"R. das Flores, 2251","Rua das Flores, 2251",1,abreviação expandida
endereco,logradouro,"R. das Flores, 225","Rua das Flores, 225",1,abreviação expandida
endereco,logradouro,"R. das Flores, 2245","Rua das Flores, 2245",1,abreviação expandida
endereco,logradouro,"R. das Flores, 2238","Rua das Flores, 2238",1,abreviação expandida
endereco,logradouro,"R. das Flores, 23","Rua das Flores, 23",1,abreviação expandida
endereco,logradouro,"R. das Flores, 2298","Rua das Flores, 2298",1,abreviação expandida
endereco,logradouro,"R. das Flores, 2297","Rua das Flores, 2297",1,abreviação expandida
endereco,logradouro,"R. das Flores, 2294","Rua das Flores, 2294",1,abreviação expandida
endereco,logradouro,"R. das Flores, 2293","Rua das Flores, 2293",1,abreviação expandida
endereco,logradouro,"R. das Flores, 2292","Rua das Flores, 2292",1,abreviação expandida
endereco,logradouro,"R. das Flores, 2291","Rua das Flores, 2291",1,abreviação expandida
endereco,logradouro,"R. das Flores, 2289","Rua das Flores, 2289",1,abreviação expandida
endereco,logradouro,"R. das Flores, 2286","Rua das Flores, 2286",1,abreviação expandida
endereco,logradouro,"R. das Flores, 2285","Rua das Flores, 2285",1,abreviação expandida
endereco,logradouro,"R. das Flores, 2284","Rua das Flores, 2284",1,abreviação expandida
endereco,logradouro,"R. das Flores, 2274","Rua das Flores, 2274",1,abreviação expandida
endereco,logradouro,"R. das Flores, 2273","Rua das Flores, 2273",1,abreviação expandida
endereco,logradouro,"R. das Flores, 2267","Rua das Flores, 2267",1,abreviação expandida
endereco,logradouro,"R. das Flores, 2258","Rua das Flores, 2258",1,abreviação expandida
endereco,logradouro,"R. Brasil, 1402","Rua Brasil, 1402",1,abreviação expandida
endereco,logradouro,"R. das Flores, 2346","Rua das Flores, 2346",1,abreviação expandida
endereco,logradouro,"R. das Flores, 2336","Rua das Flores, 2336",1,abreviação expandida
endereco,logradouro,"R. das Flores, 2335","Rua das Flores, 2335",1,abreviação expandida
endereco,logradouro,"R. das Flores, 2332","Rua das Flores, 2332",1,abreviação expandida
endereco,logradouro,"R. das Flores, 2331","Rua das Flores, 2331",1,abreviação expandida
endereco,logradouro,"R. das Flores, 2330","Rua das Flores, 2330",1,abreviação expandida
endereco,logradouro,"R. das Flores, 2329","Rua das Flores, 2329",1,abreviação expandida
endereco,logradouro,"R. das Flores, 2325","Rua das Flores, 2325",1,abreviação expandida
endereco,logradouro,"R. das Flores, 232","Rua das Flores, 232",1,abreviação expandida
endereco,logradouro,"R. das Flores, 2318","Rua das Flores, 2318",1,abreviação expandida
endereco,logradouro,"R. das Flores, 2315","Rua das Flores, 2315",1,abreviação expandida
endereco,logradouro,"R. das Flores, 2310","Rua das Flores, 2310",1,abreviação expandida
endereco,logradouro,"R. das Flores, 2309","Rua das Flores, 2309",1,abreviação expandida
endereco,logradouro,"R. das Flores, 2308","Rua das Flores, 2308",1,abreviação expandida
endereco,logradouro,"R. das Flores, 2305","Rua das Flores, 2305",1,abreviação expandida
endereco,logradouro,"R. das Flores, 2304","Rua das Flores, 2304",1,abreviação expandida
endereco,logradouro,"R. das Flores, 2377","Rua das Flores, 2377",1,abreviação expandida
endereco,logradouro,"R. das Flores, 2375","Rua das Flores, 2375",1,abreviação expandida
endereco,logradouro,"R. das Flores, 2373","Rua das Flores, 2373",1,abreviação expandida
endereco,logradouro,"R. das Flores, 2368","Rua das Flores, 2368",1,abreviação expandida
endereco,logradouro,"R. das Flores, 2365","Rua das Flores, 2365",1,abreviação expandida
endereco,logradouro,"R. das Flores, 2363","Rua das Flores, 2363",1,abreviação expandida
endereco,logradouro,"R. das Flores, 2362","Rua das Flores, 2362",1,abreviação expandida
endereco,logradouro,"R. das Flores, 2361","Rua das Flores, 2361",1,abreviação expandida
endereco,logradouro,"R. das Flores, 236","Rua das Flores, 236",1,abreviação expandida
endereco,logradouro,"R. das Flores, 2358","Rua das Flores, 2358",1,abreviação expandida
endereco,logradouro,"R. das Flores, 2354","Rua das Flores, 2354",1,abreviação expandida
endereco,logradouro,"R. das Flores, 2353","Rua das Flores, 2353",1,abreviação expandida
endereco,logradouro,"R. das Flores, 2352","Rua das Flores, 2352",1,abreviação expandida
endereco,logradouro,"R. das Flores, 2350","Rua das Flores, 2350",1,abreviação expandida
endereco,logradouro,"R. das Flores, 2349","Rua das Flores, 2349",1,abreviação expandida
endereco,logradouro,"R. das Flores, 2348","Rua das Flores, 2348",1,abreviação expandida
endereco,logradouro,"R. das Flores, 2429","Rua das Flores, 2429",1,abreviação expandida
endereco,logradouro,"R. das Flores, 2425","Rua das Flores, 2425",1,abreviação expandida
endereco,logradouro,"R. das Flores, 2423","Rua das Flores, 2423",1,abreviação expandida
endereco,logradouro,"R. das Flores, 2421","Rua das Flores, 2421",1,abreviação expandida
endereco,logradouro,"R. das Flores, 242","Rua das Flores, 242",1,abreviação expandida
endereco,logradouro,"R. das Flores, 2418","Rua das Flores, 2418",1,abreviação expandida
endereco,logradouro,"R. das Flores, 2417","Rua das Flores, 2417",1,abreviação expandida
endereco,logradouro,"R. das Flores, 2414","Rua das Flores, 2414",1,abreviação expandida
endereco,logradouro,"R. das Flores, 241","Rua das Flores, 241",1,abreviação expandida
endereco,logradouro,"R. das Flores, 2409","Rua das Flores, 2409",1,abreviação expandida
endereco,logradouro,"R. das Flores, 2404","Rua das Flores, 2404",1,abreviação expandida
endereco,logradouro,"R. das Flores, 2401","Rua das Flores, 2401",1,abreviação expandida
endereco,logradouro,"R. das Flores, 2399","Rua das Flores, 2399",1,abreviação expandida
endereco,logradouro,"R. das Flores, 2389","Rua das Flores, 2389",1,abreviação expandida
endereco,logradouro,"R. das Flores, 2387","Rua das Flores, 2387",1,abreviação expandida
endereco,logradouro,"R. das Flores, 238","Rua das Flores, 238",1,abreviação expandida
endereco,logradouro,"R. das Flores, 2480","Rua das Flores, 2480",1,abreviação expandida
endereco,logradouro,"R. das Flores, 247","Rua das Flores, 247",1,abreviação expandida
endereco,logradouro,"R. das Flores, 2466","Rua das Flores, 2466",1,abreviação expandida
endereco,logradouro,"R. das Flores, 2463","Rua das Flores, 2463",1,abreviação expandida
endereco,logradouro,"R. das Flores, 2461","Rua das Flores, 2461",1,abreviação expandida
endereco,logradouro,"R. das Flores, 2460","Rua das Flores, 2460",1,abreviação expandida
endereco,logradouro,"R. das Flores, 2459","Rua das Flores, 2459",1,abreviação expandida
endereco,logradouro,"R. das Flores, 2458","Rua das Flores, 2458",1,abreviação expandida
endereco,logradouro,"R. das Flores, 2452","Rua das Flores, 2452",1,abreviação expandida
endereco,logradouro,"R. das Flores, 2448","Rua das Flores, 2448",1,abreviação expandida
endereco,logradouro,"R. das Flores, 2447","Rua das Flores, 2447",1,abreviação expandida
endereco,logradouro,"R. das Flores, 2436","Rua das Flores, 2436",1,abreviação expandida
endereco,logradouro,"R. das Flores, 2435","Rua das Flores, 2435",1,abreviação expandida
endereco,logradouro,"R. das Flores, 2434","Rua das Flores, 2434",1,abreviação expandida
endereco,logradouro,"R. das Flores, 2431","Rua das Flores, 2431",1,abreviação expandida
endereco,logradouro,"R. das Flores, 2430","Rua das Flores, 2430",1,abreviação expandida
endereco,logradouro,"R. Brasil, 1370","Rua Brasil, 1370",1,abreviação expandida
endereco,logradouro,"R. Brasil, 137","Rua Brasil, 137",1,abreviação expandida
endereco,logradouro,"R. Brasil, 1369","Rua Brasil, 1369",1,abreviação expandida
endereco,logradouro,"R. Brasil, 1361","Rua Brasil, 1361",1,abreviação expandida
endereco,logradouro,"R. Brasil, 1359","Rua Brasil, 1359",1,abreviação expandida
endereco,logradouro,"R. Brasil, 1358","Rua Brasil, 1358",1,abreviação expandida
endereco,logradouro,"R. Brasil, 1357","Rua Brasil, 1357",1,abreviação expandida
endereco,logradouro,"R. Brasil, 1353","Rua Brasil, 1353",1,abreviação expandida
endereco,logradouro,"R. Brasil, 1350","Rua Brasil, 1350",1,abreviação expandida
endereco,logradouro,"R. Brasil, 135","Rua Brasil, 135",1,abreviação expandida
endereco,logradouro,"R. Brasil, 1343","Rua Brasil, 1343",1,abreviação expandida
endereco,logradouro,"R. Brasil, 1340","Rua Brasil, 1340",1,abreviação expandida
endereco,logradouro,"R. das Flores, 2490","Rua das Flores, 2490",1,abreviação expandida
endereco,logradouro,"R. das Flores, 2486","Rua das Flores, 2486",1,abreviação expandida
endereco,logradouro,"R. das Flores, 2484","Rua das Flores, 2484",1,abreviação expandida
endereco,logradouro,"R. das Flores, 2483","Rua das Flores, 2483",1,abreviação expandida
endereco,logradouro,"R. das Flores, 2543","Rua das Flores, 2543",1,abreviação expandida
endereco,logradouro,"R. das Flores, 2542","Rua das Flores, 2542",1,abreviação expandida
endereco,logradouro,"R. das Flores, 253","Rua das Flores, 253",1,abreviação expandida
endereco,logradouro,"R. das Flores, 2526","Rua das Flores, 2526",1,abreviação expandida
endereco,logradouro,"R. das Flores, 2525","Rua das Flores, 2525",1,abreviação expandida
endereco,logradouro,"R. das Flores, 2524","Rua das Flores, 2524",1,abreviação expandida
endereco,logradouro,"R. das Flores, 2523","Rua das Flores, 2523",1,abreviação expandida
endereco,logradouro,"R. das Flores, 2512","Rua das Flores, 2512",1,abreviação expandida
endereco,logradouro,"R. das Flores, 2511","Rua das Flores, 2511",1,abreviação expandida
endereco,logradouro,"R. das Flores, 2507","Rua das Flores, 2507",1,abreviação expandida
endereco,logradouro,"R. das Flores, 2504","Rua das Flores, 2504",1,abreviação expandida
endereco,logradouro,"R. das Flores, 2503","Rua das Flores, 2503",1,abreviação expandida
endereco,logradouro,"R. das Flores, 25","Rua das Flores, 25",1,abreviação expandida
endereco,logradouro,"R. das Flores, 2498","Rua das Flores, 2498",1,abreviação expandida
endereco,logradouro,"R. das Flores, 2491","Rua das Flores, 2491",1,abreviação expandida
endereco,logradouro,"R. Brasil, 1372","Rua Brasil, 1372",1,abreviação expandida
endereco,logradouro,"R. das Flores, 2597","Rua das Flores, 2597",1,abreviação expandida
endereco,logradouro,"R. das Flores, 2595","Rua das Flores, 2595",1,abreviação expandida
endereco,logradouro,"R. das Flores, 2591","Rua das Flores, 2591",1,abreviação expandida
endereco,logradouro,"R. das Flores, 2590","Rua das Flores, 2590",1,abreviação expandida
endereco,logradouro,"R. das Flores, 2587","Rua das Flores, 2587",1,abreviação expandida
endereco,logradouro,"R. das Flores, 2580","Rua das Flores, 2580",1,abreviação expandida
endereco,logradouro,"R. das Flores, 2578","Rua das Flores, 2578",1,abreviação expandida
endereco,logradouro,"R. das Flores, 2576","Rua das Flores, 2576",1,abreviação expandida
endereco,logradouro,"R. das Flores, 2572","Rua das Flores, 2572",1,abreviação expandida
endereco,logradouro,"R. das Flores, 2571","Rua das Flores, 2571",1,abreviação expandida
endereco,logradouro,"R. das Flores, 2568","Rua das Flores, 2568",1,abreviação expandida
endereco,logradouro,"R. das Flores, 2562","Rua das Flores, 2562",1,abreviação expandida
endereco,logradouro,"R. das Flores, 2561","Rua das Flores, 2561",1,abreviação expandida
endereco,logradouro,"R. das Flores, 256","Rua das Flores, 256",1,abreviação expandida
endereco,logradouro,"R. das Flores, 2555","Rua das Flores, 2555",1,abreviação expandida
endereco,logradouro,"R. das Flores, 2547","Rua das Flores, 2547",1,abreviação expandida
endereco,logradouro,"R. Brasil, 1338","Rua Brasil, 1338",1,abreviação expandida
endereco,logradouro,"R. Brasil, 133","Rua Brasil, 133",1,abreviação expandida
endereco,logradouro,"R. Brasil, 1328","Rua Brasil, 1328",1,abreviação expandida
endereco,logradouro,"R. Brasil, 1321","Rua Brasil, 1321",1,abreviação expandida
endereco,logradouro,"R. Brasil, 1319","Rua Brasil, 1319",1,abreviação expandida
endereco,logradouro,"R. Brasil, 1305","Rua Brasil, 1305",1,abreviação expandida
endereco,logradouro,"R. Brasil, 1304","Rua Brasil, 1304",1,abreviação expandida
endereco,logradouro,"R. Brasil, 1302","Rua Brasil, 1302",1,abreviação expandida
endereco,logradouro,"R. Brasil, 1300","Rua Brasil, 1300",1,abreviação expandida
endereco,logradouro,"R. Brasil, 13","Rua Brasil, 13",1,abreviação expandida
endereco,logradouro,"R. Brasil, 1298","Rua Brasil, 1298",1,abreviação expandida
endereco,logradouro,"R. das Flores, 2613","Rua das Flores, 2613",1,abreviação expandida
endereco,logradouro,"R. das Flores, 2609","Rua das Flores, 2609",1,abreviação expandida
endereco,logradouro,"R. das Flores, 2608","Rua das Flores, 2608",1,abreviação expandida
endereco,logradouro,"R. das Flores, 2606","Rua das Flores, 2606",1,abreviação expandida
endereco,logradouro,"R. das Flores, 2603","Rua das Flores, 2603",1,abreviação expandida
endereco,logradouro,"R. das Flores, 2661","Rua das Flores, 2661",1,abreviação expandida
endereco,logradouro,"R. das Flores, 2660","Rua das Flores, 2660",1,abreviação expandida
endereco,logradouro,"R. das Flores, 2654","Rua das Flores, 2654",1,abreviação expandida
endereco,logradouro,"R. das Flores, 2651","Rua das Flores, 2651",1,abreviação expandida
endereco,logradouro,"R. das Flores, 2650","Rua das Flores, 2650",1,abreviação expandida
endereco,logradouro,"R. das Flores, 2649","Rua das Flores, 2649",1,abreviação expandida
endereco,logradouro,"R. das Flores, 2648","Rua das Flores, 2648",1,abreviação expandida
endereco,logradouro,"R. das Flores, 2644","Rua das Flores, 2644",1,abreviação expandida
endereco,logradouro,"R. das Flores, 2643","Rua das Flores, 2643",1,abreviação expandida
endereco,logradouro,"R. das Flores, 2642","Rua das Flores, 2642",1,abreviação expandida
endereco,logradouro,"R. das Flores, 264","Rua das Flores, 264",1,abreviação expandida
endereco,logradouro,"R. das Flores, 2639","Rua das Flores, 2639",1,abreviação expandida
endereco,logradouro,"R. das Flores, 2624","Rua das Flores, 2624",1,abreviação expandida
endereco,logradouro,"R. das Flores, 2619","Rua das Flores, 2619",1,abreviação expandida
endereco,logradouro,"R. das Flores, 2616","Rua das Flores, 2616",1,abreviação expandida
endereco,logradouro,"R. Brasil, 134","Rua Brasil, 134",1,abreviação expandida
endereco,logradouro,"R. das Flores, 2720","Rua das Flores, 2720",1,abreviação expandida
endereco,logradouro,"R. das Flores, 2719","Rua das Flores, 2719",1,abreviação expandida
endereco,logradouro,"R. das Flores, 2715","Rua das Flores, 2715",1,abreviação expandida
endereco,logradouro,"R. das Flores, 2710","Rua das Flores, 2710",1,abreviação expandida
endereco,logradouro,"R. das Flores, 2702","Rua das Flores, 2702",1,abreviação expandida
endereco,logradouro,"R. das Flores, 270","Rua das Flores, 270",1,abreviação expandida
endereco,logradouro,"R. das Flores, 27","Rua das Flores, 27",1,abreviação expandida
endereco,logradouro,"R. das Flores, 2693","Rua das Flores, 2693",1,abreviação expandida
endereco,logradouro,"R. das Flores, 2691","Rua das Flores, 2691",1,abreviação expandida
endereco,logradouro,"R. das Flores, 269","Rua das Flores, 269",1,abreviação expandida
endereco,logradouro,"R. das Flores, 2683","Rua das Flores, 2683",1,abreviação expandida
endereco,logradouro,"R. das Flores, 2682","Rua das Flores, 2682",1,abreviação expandida
endereco,logradouro,"R. das Flores, 2681","Rua das Flores, 2681",1,abreviação expandida
endereco,logradouro,"R. das Flores, 2678","Rua das Flores, 2678",1,abreviação expandida
endereco,logradouro,"R. das Flores, 2664","Rua das Flores, 2664",1,abreviação expandida
endereco,logradouro,"R. das Flores, 2663","Rua das Flores, 2663",1,abreviação expandida
endereco,logradouro,"R. das Flores, 2790","Rua das Flores, 2790",1,abreviação expandida
endereco,logradouro,"R. das Flores, 2785","Rua das Flores, 2785",1,abreviação expandida
endereco,logradouro,"R. das Flores, 2783","Rua das Flores, 2783",1,abreviação expandida
endereco,logradouro,"R. das Flores, 2780","Rua das Flores, 2780",1,abreviação expandida
endereco,logradouro,"R. das Flores, 2773","Rua das Flores, 2773",1,abreviação expandida
endereco,logradouro,"R. das Flores, 2771","Rua das Flores, 2771",1,abreviação expandida
endereco,logradouro,"R. das Flores, 2766","Rua das Flores, 2766",1,abreviação expandida
endereco,logradouro,"R. das Flores, 2760","Rua das Flores, 2760",1,abreviação expandida
endereco,logradouro,"R. das Flores, 2748","Rua das Flores, 2748",1,abreviação expandida
endereco,logradouro,"R. das Flores, 2747","Rua das Flores, 2747",1,abreviação expandida
endereco,logradouro,"R. das Flores, 2743","Rua das Flores, 2743",1,abreviação expandida
endereco,logradouro,"R. das Flores, 2740","Rua das Flores, 2740",1,abreviação expandida
endereco,logradouro,"R. das Flores, 2734","Rua das Flores, 2734",1,abreviação expandida
endereco,logradouro,"R. das Flores, 2730","Rua das Flores, 2730",1,abreviação expandida
endereco,logradouro,"R. das Flores, 2727","Rua das Flores, 2727",1,abreviação expandida
endereco,logradouro,"R. das Flores, 2726","Rua das Flores, 2726",1,abreviação expandida
endereco,logradouro,"R. Brasil, 1296","Rua Brasil, 1296",1,abreviação expandida
endereco,logradouro,"R. Brasil, 1295","Rua Brasil, 1295",1,abreviação expandida
endereco,logradouro,"R. Brasil, 1290","Rua Brasil, 1290",1,abreviação expandida
endereco,logradouro,"R. Brasil, 1287","Rua Brasil, 1287",1,abreviação expandida
endereco,logradouro,"R. Brasil, 1286","Rua Brasil, 1286",1,abreviação expandida
endereco,logradouro,"R. Brasil, 1283","Rua Brasil, 1283",1,abreviação expandida
endereco,logradouro,"R. Brasil, 1268","Rua Brasil, 1268",1,abreviação expandida
endereco,logradouro,"R. Brasil, 1258","Rua Brasil, 1258",1,abreviação expandida
endereco,logradouro,"R. Brasil, 1246","Rua Brasil, 1246",1,abreviação expandida
endereco,logradouro,"R. Brasil, 1244","Rua Brasil, 1244",1,abreviação expandida
endereco,logradouro,"R. Brasil, 1243","Rua Brasil, 1243",1,abreviação expandida
endereco,logradouro,"R. das Flores, 281","Rua das Flores, 281",1,abreviação expandida
endereco,logradouro,"R. das Flores, 2809","Rua das Flores, 2809",1,abreviação expandida
endereco,logradouro,"R. das Flores, 280","Rua das Flores, 280",1,abreviação expandida
endereco,logradouro,"R. das Flores, 2793","Rua das Flores, 2793",1,abreviação expandida
endereco,logradouro,"R. das Flores, 2792","Rua das Flores, 2792",1,abreviação expandida
endereco,logradouro,"R. das Flores, 2853","Rua das Flores, 2853",1,abreviação expandida
endereco,logradouro,"R. das Flores, 2850","Rua das Flores, 2850",1,abreviação expandida
endereco,logradouro,"R. das Flores, 2842","Rua das Flores, 2842",1,abreviação expandida
endereco,logradouro,"R. das Flores, 2838","Rua das Flores, 2838",1,abreviação expandida
endereco,logradouro,"R. das Flores, 2836","Rua das Flores, 2836",1,abreviação expandida
endereco,logradouro,"R. das Flores, 2834","Rua das Flores, 2834",1,abreviação expandida
endereco,logradouro,"R. das Flores, 2833","Rua das Flores, 2833",1,abreviação expandida
endereco,logradouro,"R. das Flores, 2830","Rua das Flores, 2830",1,abreviação expandida
endereco,logradouro,"R. das Flores, 283","Rua das Flores, 283",1,abreviação expandida
endereco,logradouro,"R. das Flores, 2823","Rua das Flores, 2823",1,abreviação expandida
endereco,logradouro,"R. das Flores, 2822","Rua das Flores, 2822",1,abreviação expandida
endereco,logradouro,"R. das Flores, 282","Rua das Flores, 282",1,abreviação expandida
endereco,logradouro,"R. das Flores, 2817","Rua das Flores, 2817",1,abreviação expandida
endereco,logradouro,"R. das Flores, 2815","Rua das Flores, 2815",1,abreviação expandida
endereco,logradouro,"R. das Flores, 2813","Rua das Flores, 2813",1,abreviação expandida
endereco,logradouro,"R. Brasil, 1297","Rua Brasil, 1297",1,abreviação expandida
endereco,logradouro,"R. das Flores, 2895","Rua das Flores, 2895",1,abreviação expandida
endereco,logradouro,"R. das Flores, 2890","Rua das Flores, 2890",1,abreviação expandida
endereco,logradouro,"R. das Flores, 2889","Rua das Flores, 2889",1,abreviação expandida
endereco,logradouro,"R. das Flores, 2882","Rua das Flores, 2882",1,abreviação expandida
endereco,logradouro,"R. das Flores, 2880","Rua das Flores, 2880",1,abreviação expandida
endereco,logradouro,"R. das Flores, 288","Rua das Flores, 288",1,abreviação expandida
endereco,logradouro,"R. das Flores, 2879","Rua das Flores, 2879",1,abreviação expandida
endereco,logradouro,"R. das Flores, 2876","Rua das Flores, 2876",1,abreviação expandida
endereco,logradouro,"R. das Flores, 2875","Rua das Flores, 2875",1,abreviação expandida
endereco,logradouro,"R. das Flores, 2873","Rua das Flores, 2873",1,abreviação expandida
endereco,logradouro,"R. das Flores, 2870","Rua das Flores, 2870",1,abreviação expandida
endereco,logradouro,"R. das Flores, 2861","Rua das Flores, 2861",1,abreviação expandida
endereco,logradouro,"R. das Flores, 2860","Rua das Flores, 2860",1,abreviação expandida
endereco,logradouro,"R. das Flores, 286","Rua das Flores, 286",1,abreviação expandida
endereco,logradouro,"R. das Flores, 2858","Rua das Flores, 2858",1,abreviação expandida
endereco,logradouro,"R. das Flores, 2854","Rua das Flores, 2854",1,abreviação expandida
endereco,logradouro,"R. das Flores, 2946","Rua das Flores, 2946",1,abreviação expandida
endereco,logradouro,"R. das Flores, 2944","Rua das Flores, 2944",1,abreviação expandida
endereco,logradouro,"R. das Flores, 2943","Rua das Flores, 2943",1,abreviação expandida
endereco,logradouro,"R. das Flores, 2937","Rua das Flores, 2937",1,abreviação expandida
endereco,logradouro,"R. das Flores, 2932","Rua das Flores, 2932",1,abreviação expandida
endereco,logradouro,"R. das Flores, 293","Rua das Flores, 293",1,abreviação expandida
endereco,logradouro,"R. das Flores, 2921","Rua das Flores, 2921",1,abreviação expandida
endereco,logradouro,"R. das Flores, 2919","Rua das Flores, 2919",1,abreviação expandida
endereco,logradouro,"R. das Flores, 2918","Rua das Flores, 2918",1,abreviação expandida
endereco,logradouro,"R. das Flores, 2914","Rua das Flores, 2914",1,abreviação expandida
endereco,logradouro,"R. das Flores, 2910","Rua das Flores, 2910",1,abreviação expandida
endereco,logradouro,"R. das Flores, 2906","Rua das Flores, 2906",1,abreviação expandida
endereco,logradouro,"R. das Flores, 2902","Rua das Flores, 2902",1,abreviação expandida
endereco,logradouro,"R. das Flores, 290","Rua das Flores, 290",1,abreviação expandida
endereco,logradouro,"R. das Flores, 29","Rua das Flores, 29",1,abreviação expandida
endereco,logradouro,"R. das Flores, 2896","Rua das Flores, 2896",1,abreviação expandida
endereco,logradouro,"R. Brasil, 124","Rua Brasil, 124",1,abreviação expandida
endereco,logradouro,"R. Brasil, 1234","Rua Brasil, 1234",1,abreviação expandida
endereco,logradouro,"R. Brasil, 123","Rua Brasil, 123",1,abreviação expandida
endereco,logradouro,"R. Brasil, 1222","Rua Brasil, 1222",1,abreviação expandida
endereco,logradouro,"R. Brasil, 1214","Rua Brasil, 1214",1,abreviação expandida
endereco,logradouro,"R. Brasil, 1211","Rua Brasil, 1211",1,abreviação expandida
endereco,logradouro,"R. Brasil, 1210","Rua Brasil, 1210",1,abreviação expandida
endereco,logradouro,"R. Brasil, 121","Rua Brasil, 121",1,abreviação expandida
endereco,logradouro,"R. Brasil, 1207","Rua Brasil, 1207",1,abreviação expandida
endereco,logradouro,"R. Brasil, 120","Rua Brasil, 120",1,abreviação expandida
endereco,logradouro,"R. Brasil, 1198","Rua Brasil, 1198",1,abreviação expandida
endereco,logradouro,"R. das Flores, 2955","Rua das Flores, 2955",1,abreviação expandida
endereco,logradouro,"R. das Flores, 2952","Rua das Flores, 2952",1,abreviação expandida
endereco,logradouro,"R. das Flores, 2950","Rua das Flores, 2950",1,abreviação expandida
endereco,logradouro,"R. das Flores, 295","Rua das Flores, 295",1,abreviação expandida
endereco,logradouro,"R. das Flores, 2948","Rua das Flores, 2948",1,abreviação expandida
endereco,logradouro,"R. das Flores, 2992","Rua das Flores, 2992",1,abreviação expandida
endereco,logradouro,"R. das Flores, 2990","Rua das Flores, 2990",1,abreviação expandida
endereco,logradouro,"R. das Flores, 299","Rua das Flores, 299",1,abreviação expandida
endereco,logradouro,"R. das Flores, 2989","Rua das Flores, 2989",1,abreviação expandida
endereco,logradouro,"R. das Flores, 2988","Rua das Flores, 2988",1,abreviação expandida
endereco,logradouro,"R. das Flores, 2987","Rua das Flores, 2987",1,abreviação expandida
endereco,logradouro,"R. das Flores, 2985","Rua das Flores, 2985",1,abreviação expandida
endereco,logradouro,"R. das Flores, 2983","Rua das Flores, 2983",1,abreviação expandida
endereco,logradouro,"R. das Flores, 2977","Rua das Flores, 2977",1,abreviação expandida
endereco,logradouro,"R. das Flores, 2968","Rua das Flores, 2968",1,abreviação expandida
endereco,logradouro,"R. das Flores, 2965","Rua das Flores, 2965",1,abreviação expandida
endereco,logradouro,"R. das Flores, 2960","Rua das Flores, 2960",1,abreviação expandida
endereco,logradouro,"R. das Flores, 2957","Rua das Flores, 2957",1,abreviação expandida
endereco,logradouro,"R. das Flores, 2956","Rua das Flores, 2956",1,abreviação expandida
endereco,logradouro,"R. Brasil, 1242","Rua Brasil, 1242",1,abreviação expandida
endereco,logradouro,"R. Brasil, 1240","Rua Brasil, 1240",1,abreviação expandida
endereco,logradouro,"R. das Flores, 3055","Rua das Flores, 3055",1,abreviação expandida
endereco,logradouro,"R. das Flores, 3054","Rua das Flores, 3054",1,abreviação expandida
endereco,logradouro,"R. das Flores, 3053","Rua das Flores, 3053",1,abreviação expandida
endereco,logradouro,"R. das Flores, 3052","Rua das Flores, 3052",1,abreviação expandida
endereco,logradouro,"R. das Flores, 3048","Rua das Flores, 3048",1,abreviação expandida
endereco,logradouro,"R. das Flores, 3042","Rua das Flores, 3042",1,abreviação expandida
endereco,logradouro,"R. das Flores, 3033","Rua das Flores, 3033",1,abreviação expandida
endereco,logradouro,"R. das Flores, 303","Rua das Flores, 303",1,abreviação expandida
endereco,logradouro,"R. das Flores, 3027","Rua das Flores, 3027",1,abreviação expandida
endereco,logradouro,"R. das Flores, 3026","Rua das Flores, 3026",1,abreviação expandida
endereco,logradouro,"R. das Flores, 3023","Rua das Flores, 3023",1,abreviação expandida
endereco,logradouro,"R. das Flores, 3021","Rua das Flores, 3021",1,abreviação expandida
endereco,logradouro,"R. das Flores, 3015","Rua das Flores, 3015",1,abreviação expandida
endereco,logradouro,"R. das Flores, 3011","Rua das Flores, 3011",1,abreviação expandida
endereco,logradouro,"R. das Flores, 3008","Rua das Flores, 3008",1,abreviação expandida
endereco,logradouro,"R. das Flores, 3002","Rua das Flores, 3002",1,abreviação expandida
endereco,logradouro,"R. das Flores, 3110","Rua das Flores, 3110",1,abreviação expandida
endereco,logradouro,"R. das Flores, 3107","Rua das Flores, 3107",1,abreviação expandida
endereco,logradouro,"R. das Flores, 3105","Rua das Flores, 3105",1,abreviação expandida
endereco,logradouro,"R. das Flores, 3100","Rua das Flores, 3100",1,abreviação expandida
endereco,logradouro,"R. das Flores, 310","Rua das Flores, 310",1,abreviação expandida
endereco,logradouro,"R. das Flores, 3095","Rua das Flores, 3095",1,abreviação expandida
endereco,logradouro,"R. das Flores, 3089","Rua das Flores, 3089",1,abreviação expandida
endereco,logradouro,"R. das Flores, 3088","Rua das Flores, 3088",1,abreviação expandida
endereco,logradouro,"R. das Flores, 3085","Rua das Flores, 3085",1,abreviação expandida
endereco,logradouro,"R. das Flores, 3082","Rua das Flores, 3082",1,abreviação expandida
endereco,logradouro,"R. das Flores, 3072","Rua das Flores, 3072",1,abreviação expandida
endereco,logradouro,"R. das Flores, 3069","Rua das Flores, 3069",1,abreviação expandida
endereco,logradouro,"R. das Flores, 3065","Rua das Flores, 3065",1,abreviação expandida
endereco,logradouro,"R. das Flores, 3062","Rua das Flores, 3062",1,abreviação expandida
endereco,logradouro,"R. das Flores, 3060","Rua das Flores, 3060",1,abreviação expandida
endereco,logradouro,"R. das Flores, 3059","Rua das Flores, 3059",1,abreviação expandida
endereco,logradouro,"R. Brasil, 1185","Rua Brasil, 1185",1,abreviação expandida
endereco,logradouro,"R. Brasil, 1180","Rua Brasil, 1180",1,abreviação expandida
endereco,logradouro,"R. Brasil, 118","Rua Brasil, 118",1,abreviação expandida
endereco,logradouro,"R. Brasil, 1176","Rua Brasil, 1176",1,abreviação expandida
endereco,logradouro,"R. Brasil, 1174","Rua Brasil, 1174",1,abreviação expandida
endereco,logradouro,"R. Brasil, 1170","Rua Brasil, 1170",1,abreviação expandida
endereco,logradouro,"R. Brasil, 1168","Rua Brasil, 1168",1,abreviação expandida
endereco,logradouro,"R. Brasil, 1162","Rua Brasil, 1162",1,abreviação expandida
endereco,logradouro,"R. Brasil, 1161","Rua Brasil, 1161",1,abreviação expandida
endereco,logradouro,"R. Brasil, 1158","Rua Brasil, 1158",1,abreviação expandida
endereco,logradouro,"R. Brasil, 1156","Rua Brasil, 1156",1,abreviação expandida
endereco,logradouro,"R. das Flores, 3138","Rua das Flores, 3138",1,abreviação expandida
endereco,logradouro,"R. das Flores, 3132","Rua das Flores, 3132",1,abreviação expandida
endereco,logradouro,"R. das Flores, 3131","Rua das Flores, 3131",1,abreviação expandida
endereco,logradouro,"R. das Flores, 3114","Rua das Flores, 3114",1,abreviação expandida
endereco,logradouro,"R. das Flores, 3111","Rua das Flores, 3111",1,abreviação expandida
endereco,logradouro,"R. das Flores, 3170","Rua das Flores, 3170",1,abreviação expandida
endereco,logradouro,"R. das Flores, 317","Rua das Flores, 317",1,abreviação expandida
endereco,logradouro,"R. das Flores, 3168","Rua das Flores, 3168",1,abreviação expandida
endereco,logradouro,"R. das Flores, 3165","Rua das Flores, 3165",1,abreviação expandida
endereco,logradouro,"R. das Flores, 3164","Rua das Flores, 3164",1,abreviação expandida
endereco,logradouro,"R. das Flores, 3163","Rua das Flores, 3163",1,abreviação expandida
endereco,logradouro,"R. das Flores, 316","Rua das Flores, 316",1,abreviação expandida
endereco,logradouro,"R. das Flores, 3156","Rua das Flores, 3156",1,abreviação expandida
endereco,logradouro,"R. das Flores, 3154","Rua das Flores, 3154",1,abreviação expandida
endereco,logradouro,"R. das Flores, 3153","Rua das Flores, 3153",1,abreviação expandida
endereco,logradouro,"R. das Flores, 3152","Rua das Flores, 3152",1,abreviação expandida
endereco,logradouro,"R. das Flores, 3149","Rua das Flores, 3149",1,abreviação expandida
endereco,logradouro,"R. das Flores, 3145","Rua das Flores, 3145",1,abreviação expandida
endereco,logradouro,"R. das Flores, 3143","Rua das Flores, 3143",1,abreviação expandida
endereco,logradouro,"R. Brasil, 1192","Rua Brasil, 1192",1,abreviação expandida
endereco,logradouro,"R. Brasil, 1187","Rua Brasil, 1187",1,abreviação expandida
endereco,logradouro,"R. das Flores, 3210","Rua das Flores, 3210",1,abreviação expandida
endereco,logradouro,"R. das Flores, 3209","Rua das Flores, 3209",1,abreviação expandida
endereco,logradouro,"R. das Flores, 3206","Rua das Flores, 3206",1,abreviação expandida
endereco,logradouro,"R. das Flores, 3205","Rua das Flores, 3205",1,abreviação expandida
endereco,logradouro,"R. das Flores, 3203","Rua das Flores, 3203",1,abreviação expandida
endereco,logradouro,"R. das Flores, 3201","Rua das Flores, 3201",1,abreviação expandida
endereco,logradouro,"R. das Flores, 3199","Rua das Flores, 3199",1,abreviação expandida
endereco,logradouro,"R. das Flores, 3197","Rua das Flores, 3197",1,abreviação expandida
endereco,logradouro,"R. das Flores, 3195","Rua das Flores, 3195",1,abreviação expandida
endereco,logradouro,"R. das Flores, 3192","Rua das Flores, 3192",1,abreviação expandida
endereco,logradouro,"R. das Flores, 3186","Rua das Flores, 3186",1,abreviação expandida
endereco,logradouro,"R. das Flores, 3180","Rua das Flores, 3180",1,abreviação expandida
endereco,logradouro,"R. das Flores, 3179","Rua das Flores, 3179",1,abreviação expandida
endereco,logradouro,"R. das Flores, 3177","Rua das Flores, 3177",1,abreviação expandida
endereco,logradouro,"R. das Flores, 3175","Rua das Flores, 3175",1,abreviação expandida
endereco,logradouro,"R. das Flores, 3174","Rua das Flores, 3174",1,abreviação expandida
endereco,logradouro,"R. das Flores, 3246","Rua das Flores, 3246",1,abreviação expandida
endereco,logradouro,"R. das Flores, 3241","Rua das Flores, 3241",1,abreviação expandida
endereco,logradouro,"R. das Flores, 3239","Rua das Flores, 3239",1,abreviação expandida
endereco,logradouro,"R. das Flores, 3237","Rua das Flores, 3237",1,abreviação expandida
endereco,logradouro,"R. das Flores, 3235","Rua das Flores, 3235",1,abreviação expandida
endereco,logradouro,"R. das Flores, 3234","Rua das Flores, 3234",1,abreviação expandida
endereco,logradouro,"R. das Flores, 3230","Rua das Flores, 3230",1,abreviação expandida
endereco,logradouro,"R. das Flores, 3227","Rua das Flores, 3227",1,abreviação expandida
endereco,logradouro,"R. das Flores, 3225","Rua das Flores, 3225",1,abreviação expandida
endereco,logradouro,"R. das Flores, 3223","Rua das Flores, 3223",1,abreviação expandida
endereco,logradouro,"R. das Flores, 3220","Rua das Flores, 3220",1,abreviação expandida
endereco,logradouro,"R. das Flores, 3219","Rua das Flores, 3219",1,abreviação expandida
endereco,logradouro,"R. das Flores, 3218","Rua das Flores, 3218",1,abreviação expandida
endereco,logradouro,"R. das Flores, 3217","Rua das Flores, 3217",1,abreviação expandida
endereco,logradouro,"R. das Flores, 3216","Rua das Flores, 3216",1,abreviação expandida
endereco,logradouro,"R. das Flores, 3213","Rua das Flores, 3213",1,abreviação expandida
endereco,logradouro,"R. das Flores, 33","Rua das Flores, 33",1,abreviação expandida
endereco,logradouro,"R. das Flores, 3296","Rua das Flores, 3296",1,abreviação expandida
endereco,logradouro,"R. das Flores, 3294","Rua das Flores, 3294",1,abreviação expandida
endereco,logradouro,"R. das Flores, 3286","Rua das Flores, 3286",1,abreviação expandida
endereco,logradouro,"R. das Flores, 3285","Rua das Flores, 3285",1,abreviação expandida
endereco,logradouro,"R. das Flores, 3279","Rua das Flores, 3279",1,abreviação expandida
endereco,logradouro,"R. das Flores, 3278","Rua das Flores, 3278",1,abreviação expandida
endereco,logradouro,"R. das Flores, 3277","Rua das Flores, 3277",1,abreviação expandida
endereco,logradouro,"R. das Flores, 3274","Rua das Flores, 3274",1,abreviação expandida
endereco,logradouro,"R. das Flores, 3272","Rua das Flores, 3272",1,abreviação expandida
endereco,logradouro,"R. das Flores, 3271","Rua das Flores, 3271",1,abreviação expandida
endereco,logradouro,"R. das Flores, 3266","Rua das Flores, 3266",1,abreviação expandida
endereco,logradouro,"R. das Flores, 3264","Rua das Flores, 3264",1,abreviação expandida
endereco,logradouro,"R. das Flores, 3263","Rua das Flores, 3263",1,abreviação expandida
endereco,logradouro,"R. das Flores, 3256","Rua das Flores, 3256",1,abreviação expandida
endereco,logradouro,"R. das Flores, 3253","Rua das Flores, 3253",1,abreviação expandida
endereco,logradouro,"R. das Flores, 3367","Rua das Flores, 3367",1,abreviação expandida
endereco,logradouro,"R. das Flores, 3361","Rua das Flores, 3361",1,abreviação expandida
endereco,logradouro,"R. das Flores, 3356","Rua das Flores, 3356",1,abreviação expandida
endereco,logradouro,"R. das Flores, 3353","Rua das Flores, 3353",1,abreviação expandida
endereco,logradouro,"R. das Flores, 3342","Rua das Flores, 3342",1,abreviação expandida
endereco,logradouro,"R. das Flores, 3340","Rua das Flores, 3340",1,abreviação expandida
endereco,logradouro,"R. das Flores, 3338","Rua das Flores, 3338",1,abreviação expandida
endereco,logradouro,"R. das Flores, 333","Rua das Flores, 333",1,abreviação expandida
endereco,logradouro,"R. das Flores, 3325","Rua das Flores, 3325",1,abreviação expandida
endereco,logradouro,"R. das Flores, 3319","Rua das Flores, 3319",1,abreviação expandida
endereco,logradouro,"R. das Flores, 3317","Rua das Flores, 3317",1,abreviação expandida
endereco,logradouro,"R. das Flores, 3315","Rua das Flores, 3315",1,abreviação expandida
endereco,logradouro,"R. das Flores, 3312","Rua das Flores, 3312",1,abreviação expandida
endereco,logradouro,"R. das Flores, 3310","Rua das Flores, 3310",1,abreviação expandida
endereco,logradouro,"R. das Flores, 3308","Rua das Flores, 3308",1,abreviação expandida
endereco,logradouro,"R. das Flores, 3301","Rua das Flores, 3301",1,abreviação expandida
endereco,logradouro,"R. Brasil, 1150","Rua Brasil, 1150",1,abreviação expandida
endereco,logradouro,"R. Brasil, 1149","Rua Brasil, 1149",1,abreviação expandida
endereco,logradouro,"R. Brasil, 1147","Rua Brasil, 1147",1,abreviação expandida
endereco,logradouro,"R. Brasil, 1140","Rua Brasil, 1140",1,abreviação expandida
endereco,logradouro,"R. Brasil, 1131","Rua Brasil, 1131",1,abreviação expandida
endereco,logradouro,"R. Brasil, 1129","Rua Brasil, 1129",1,abreviação expandida
endereco,logradouro,"R. Brasil, 1126","Rua Brasil, 1126",1,abreviação expandida
endereco,logradouro,"R. Brasil, 1123","Rua Brasil, 1123",1,abreviação expandida
endereco,logradouro,"R. Brasil, 1121","Rua Brasil, 1121",1,abreviação expandida
endereco,logradouro,"R. Brasil, 1120","Rua Brasil, 1120",1,abreviação expandida
endereco,logradouro,"R. Brasil, 112","Rua Brasil, 112",1,abreviação expandida
endereco,logradouro,"R. Brasil, 1119","Rua Brasil, 1119",1,abreviação expandida
endereco,logradouro,"R. Brasil, 1113","Rua Brasil, 1113",1,abreviação expandida
endereco,logradouro,"R. das Flores, 3371","Rua das Flores, 3371",1,abreviação expandida
endereco,logradouro,"R. das Flores, 337","Rua das Flores, 337",1,abreviação expandida
endereco,logradouro,"R. das Flores, 3369","Rua das Flores, 3369",1,abreviação expandida
endereco,logradouro,"R. das Flores, 3421","Rua das Flores, 3421",1,abreviação expandida
endereco,logradouro,"R. das Flores, 342","Rua das Flores, 342",1,abreviação expandida
endereco,logradouro,"R. das Flores, 3417","Rua das Flores, 3417",1,abreviação expandida
endereco,logradouro,"R. das Flores, 3416","Rua das Flores, 3416",1,abreviação expandida
endereco,logradouro,"R. das Flores, 3415","Rua das Flores, 3415",1,abreviação expandida
endereco,logradouro,"R. das Flores, 3412","Rua das Flores, 3412",1,abreviação expandida
endereco,logradouro,"R. das Flores, 3409","Rua das Flores, 3409",1,abreviação expandida
endereco,logradouro,"R. das Flores, 3401","Rua das Flores, 3401",1,abreviação expandida
endereco,logradouro,"R. das Flores, 340","Rua das Flores, 340",1,abreviação expandida
endereco,logradouro,"R. das Flores, 34","Rua das Flores, 34",1,abreviação expandida
endereco,logradouro,"R. das Flores, 3393","Rua das Flores, 3393",1,abreviação expandida
endereco,logradouro,"R. das Flores, 3390","Rua das Flores, 3390",1,abreviação expandida
endereco,logradouro,"R. das Flores, 3388","Rua das Flores, 3388",1,abreviação expandida
endereco,logradouro,"R. das Flores, 3380","Rua das Flores, 3380",1,abreviação expandida
endereco,logradouro,"R. das Flores, 3375","Rua das Flores, 3375",1,abreviação expandida
endereco,logradouro,"R. Brasil, 1151","Rua Brasil, 1151",1,abreviação expandida
endereco,logradouro,"R. das Flores, 3458","Rua das Flores, 3458",1,abreviação expandida
endereco,logradouro,"R. das Flores, 3456","Rua das Flores, 3456",1,abreviação expandida
endereco,logradouro,"R. das Flores, 3455","Rua das Flores, 3455",1,abreviação expandida
endereco,logradouro,"R. das Flores, 3454","Rua das Flores, 3454",1,abreviação expandida
endereco,logradouro,"R. das Flores, 3453","Rua das Flores, 3453",1,abreviação expandida
endereco,logradouro,"R. das Flores, 3452","Rua das Flores, 3452",1,abreviação expandida
endereco,logradouro,"R. das Flores, 3451","Rua das Flores, 3451",1,abreviação expandida
endereco,logradouro,"R. das Flores, 3450","Rua das Flores, 3450",1,abreviação expandida
endereco,logradouro,"R. das Flores, 345","Rua das Flores, 345",1,abreviação expandida
endereco,logradouro,"R. das Flores, 3448","Rua das Flores, 3448",1,abreviação expandida
endereco,logradouro,"R. das Flores, 3446","Rua das Flores, 3446",1,abreviação expandida
endereco,logradouro,"R. das Flores, 3434","Rua das Flores, 3434",1,abreviação expandida
endereco,logradouro,"R. das Flores, 343","Rua das Flores, 343",1,abreviação expandida
endereco,logradouro,"R. das Flores, 3429","Rua das Flores, 3429",1,abreviação expandida
endereco,logradouro,"R. das Flores, 3426","Rua das Flores, 3426",1,abreviação expandida
endereco,logradouro,"R. das Flores, 3424","Rua das Flores, 3424",1,abreviação expandida
endereco,logradouro,"R. das Flores, 3506","Rua das Flores, 3506",1,abreviação expandida
endereco,logradouro,"R. das Flores, 3505","Rua das Flores, 3505",1,abreviação expandida
endereco,logradouro,"R. das Flores, 3501","Rua das Flores, 3501",1,abreviação expandida
endereco,logradouro,"R. das Flores, 3500","Rua das Flores, 3500",1,abreviação expandida
endereco,logradouro,"R. das Flores, 35","Rua das Flores, 35",1,abreviação expandida
endereco,logradouro,"R. das Flores, 3496","Rua das Flores, 3496",1,abreviação expandida
endereco,logradouro,"R. das Flores, 3491","Rua das Flores, 3491",1,abreviação expandida
endereco,logradouro,"R. das Flores, 349","Rua das Flores, 349",1,abreviação expandida
endereco,logradouro,"R. das Flores, 3484","Rua das Flores, 3484",1,abreviação expandida
endereco,logradouro,"R. das Flores, 3483","Rua das Flores, 3483",1,abreviação expandida
endereco,logradouro,"R. das Flores, 3481","Rua das Flores, 3481",1,abreviação expandida
endereco,logradouro,"R. das Flores, 3478","Rua das Flores, 3478",1,abreviação expandida
endereco,logradouro,"R. das Flores, 3473","Rua das Flores, 3473",1,abreviação expandida
endereco,logradouro,"R. das Flores, 3471","Rua das Flores, 3471",1,abreviação expandida
endereco,logradouro,"R. das Flores, 3462","Rua das Flores, 3462",1,abreviação expandida
endereco,logradouro,"R. das Flores, 346","Rua das Flores, 346",1,abreviação expandida
endereco,logradouro,"R. Brasil, 1105","Rua Brasil, 1105",1,abreviação expandida
endereco,logradouro,"R. Brasil, 1101","Rua Brasil, 1101",1,abreviação expandida
endereco,logradouro,"R. Brasil, 1100","Rua Brasil, 1100",1,abreviação expandida
endereco,logradouro,"R. Brasil, 1098","Rua Brasil, 1098",1,abreviação expandida
endereco,logradouro,"R. Brasil, 1091","Rua Brasil, 1091",1,abreviação expandida
endereco,logradouro,"R. Brasil, 109","Rua Brasil, 109",1,abreviação expandida
endereco,logradouro,"R. Brasil, 1088","Rua Brasil, 1088",1,abreviação expandida
endereco,logradouro,"R. Brasil, 1085","Rua Brasil, 1085",1,abreviação expandida
endereco,logradouro,"R. Brasil, 1081","Rua Brasil, 1081",1,abreviação expandida
endereco,logradouro,"R. Brasil, 1065","Rua Brasil, 1065",1,abreviação expandida
endereco,logradouro,"R. Brasil, 1064","Rua Brasil, 1064",1,abreviação expandida
endereco,logradouro,"R. das Flores, 3526","Rua das Flores, 3526",1,abreviação expandida
endereco,logradouro,"R. das Flores, 3521","Rua das Flores, 3521",1,abreviação expandida
endereco,logradouro,"R. das Flores, 3520","Rua das Flores, 3520",1,abreviação expandida
endereco,logradouro,"R. das Flores, 3515","Rua das Flores, 3515",1,abreviação expandida
endereco,logradouro,"R. das Flores, 351","Rua das Flores, 351",1,abreviação expandida
endereco,logradouro,"R. das Flores, 3568","Rua das Flores, 3568",1,abreviação expandida
endereco,logradouro,"R. das Flores, 3558","Rua das Flores, 3558",1,abreviação expandida
endereco,logradouro,"R. das Flores, 3550","Rua das Flores, 3550",1,abreviação expandida
endereco,logradouro,"R. das Flores, 3548","Rua das Flores, 3548",1,abreviação expandida
endereco,logradouro,"R. das Flores, 3547","Rua das Flores, 3547",1,abreviação expandida
endereco,logradouro,"R. das Flores, 3542","Rua das Flores, 3542",1,abreviação expandida
endereco,logradouro,"R. das Flores, 3541","Rua das Flores, 3541",1,abreviação expandida
endereco,logradouro,"R. das Flores, 3538","Rua das Flores, 3538",1,abreviação expandida
endereco,logradouro,"R. das Flores, 3537","Rua das Flores, 3537",1,abreviação expandida
endereco,logradouro,"R. das Flores, 3536","Rua das Flores, 3536",1,abreviação expandida
endereco,logradouro,"R. das Flores, 3534","Rua das Flores, 3534",1,abreviação expandida
endereco,logradouro,"R. das Flores, 3533","Rua das Flores, 3533",1,abreviação expandida
endereco,logradouro,"R. das Flores, 3531","Rua das Flores, 3531",1,abreviação expandida
endereco,logradouro,"R. Brasil, 111","Rua Brasil, 111",1,abreviação expandida
endereco,logradouro,"R. Brasil, 1108","Rua Brasil, 1108",1,abreviação expandida
endereco,logradouro,"R. Brasil, 1106","Rua Brasil, 1106",1,abreviação expandida
endereco,logradouro,"R. das Flores, 3621","Rua das Flores, 3621",1,abreviação expandida
endereco,logradouro,"R. das Flores, 362","Rua das Flores, 362",1,abreviação expandida
endereco,logradouro,"R. das Flores, 3618","Rua das Flores, 3618",1,abreviação expandida
endereco,logradouro,"R. das Flores, 3615","Rua das Flores, 3615",1,abreviação expandida
endereco,logradouro,"R. das Flores, 3610","Rua das Flores, 3610",1,abreviação expandida
endereco,logradouro,"R. das Flores, 3608","Rua das Flores, 3608",1,abreviação expandida
endereco,logradouro,"R. das Flores, 3604","Rua das Flores, 3604",1,abreviação expandida
endereco,logradouro,"R. das Flores, 3595","Rua das Flores, 3595",1,abreviação expandida
endereco,logradouro,"R. das Flores, 3587","Rua das Flores, 3587",1,abreviação expandida
endereco,logradouro,"R. das Flores, 3585","Rua das Flores, 3585",1,abreviação expandida
endereco,logradouro,"R. das Flores, 3582","Rua das Flores, 3582",1,abreviação expandida
endereco,logradouro,"R. das Flores, 3581","Rua das Flores, 3581",1,abreviação expandida
endereco,logradouro,"R. das Flores, 3575","Rua das Flores, 3575",1,abreviação expandida
endereco,logradouro,"R. das Flores, 3574","Rua das Flores, 3574",1,abreviação expandida
endereco,logradouro,"R. das Flores, 3570","Rua das Flores, 3570",1,abreviação expandida
endereco,logradouro,"R. das Flores, 357","Rua das Flores, 357",1,abreviação expandida
endereco,logradouro,"R. Brasil, 1048","Rua Brasil, 1048",1,abreviação expandida
endereco,logradouro,"R. Brasil, 104","Rua Brasil, 104",1,abreviação expandida
endereco,logradouro,"R. Brasil, 1035","Rua Brasil, 1035",1,abreviação expandida
endereco,logradouro,"R. Brasil, 1031","Rua Brasil, 1031",1,abreviação expandida
endereco,logradouro,"R. Brasil, 1025","Rua Brasil, 1025",1,abreviação expandida
endereco,logradouro,"R. Brasil, 1022","Rua Brasil, 1022",1,abreviação expandida
endereco,logradouro,"R. Brasil, 1016","Rua Brasil, 1016",1,abreviação expandida
endereco,logradouro,"R. Brasil, 1015","Rua Brasil, 1015",1,abreviação expandida
endereco,logradouro,"R. das Flores, 3645","Rua das Flores, 3645",1,abreviação expandida
endereco,logradouro,"R. das Flores, 3643","Rua das Flores, 3643",1,abreviação expandida
endereco,logradouro,"R. das Flores, 3641","Rua das Flores, 3641",1,abreviação expandida
endereco,logradouro,"R. das Flores, 3632","Rua das Flores, 3632",1,abreviação expandida
endereco,logradouro,"R. das Flores, 3631","Rua das Flores, 3631",1,abreviação expandida
endereco,logradouro,"R. das Flores, 3630","Rua das Flores, 3630",1,abreviação expandida
endereco,logradouro,"R. das Flores, 3627","Rua das Flores, 3627",1,abreviação expandida
endereco,logradouro,"R. das Flores, 3622","Rua das Flores, 3622",1,abreviação expandida
endereco,logradouro,"R. das Flores, 3706","Rua das Flores, 3706",1,abreviação expandida
endereco,logradouro,"R. das Flores, 3701","Rua das Flores, 3701",1,abreviação expandida
endereco,logradouro,"R. das Flores, 3700","Rua das Flores, 3700",1,abreviação expandida
endereco,logradouro,"R. das Flores, 3696","Rua das Flores, 3696",1,abreviação expandida
endereco,logradouro,"R. das Flores, 3693","Rua das Flores, 3693",1,abreviação expandida
endereco,logradouro,"R. das Flores, 3690","Rua das Flores, 3690",1,abreviação expandida
endereco,logradouro,"R. das Flores, 369","Rua das Flores, 369",1,abreviação expandida
endereco,logradouro,"R. das Flores, 3681","Rua das Flores, 3681",1,abreviação expandida
endereco,logradouro,"R. das Flores, 3677","Rua das Flores, 3677",1,abreviação expandida
endereco,logradouro,"R. das Flores, 3664","Rua das Flores, 3664",1,abreviação expandida
endereco,logradouro,"R. das Flores, 3659","Rua das Flores, 3659",1,abreviação expandida
endereco,logradouro,"R. das Flores, 3656","Rua das Flores, 3656",1,abreviação expandida
endereco,logradouro,"R. das Flores, 365","Rua das Flores, 365",1,abreviação expandida
endereco,logradouro,"R. das Flores, 3648","Rua das Flores, 3648",1,abreviação expandida
endereco,logradouro,"R. Brasil, 1062","Rua Brasil, 1062",1,abreviação expandida
endereco,logradouro,"R. Brasil, 1061","Rua Brasil, 1061",1,abreviação expandida
endereco,logradouro,"R. das Flores, 3772","Rua das Flores, 3772",1,abreviação expandida
endereco,logradouro,"R. das Flores, 3770","Rua das Flores, 3770",1,abreviação expandida
endereco,logradouro,"R. das Flores, 3764","Rua das Flores, 3764",1,abreviação expandida
endereco,logradouro,"R. das Flores, 3762","Rua das Flores, 3762",1,abreviação expandida
endereco,logradouro,"R. das Flores, 3761","Rua das Flores, 3761",1,abreviação expandida
endereco,logradouro,"R. das Flores, 3751","Rua das Flores, 3751",1,abreviação expandida
endereco,logradouro,"R. das Flores, 3750","Rua das Flores, 3750",1,abreviação expandida
endereco,logradouro,"R. das Flores, 3735","Rua das Flores, 3735",1,abreviação expandida
endereco,logradouro,"R. das Flores, 3732","Rua das Flores, 3732",1,abreviação expandida
endereco,logradouro,"R. das Flores, 3731","Rua das Flores, 3731",1,abreviação expandida
endereco,logradouro,"R. das Flores, 3728","Rua das Flores, 3728",1,abreviação expandida
endereco,logradouro,"R. das Flores, 3726","Rua das Flores, 3726",1,abreviação expandida
endereco,logradouro,"R. das Flores, 3720","Rua das Flores, 3720",1,abreviação expandida
endereco,logradouro,"R. das Flores, 3717","Rua das Flores, 3717",1,abreviação expandida
endereco,logradouro,"R. das Flores, 3716","Rua das Flores, 3716",1,abreviação expandida
endereco,logradouro,"R. das Flores, 3709","Rua das Flores, 3709",1,abreviação expandida
endereco,logradouro,"R. das Flores, 3821","Rua das Flores, 3821",1,abreviação expandida
endereco,logradouro,"R. das Flores, 3819","Rua das Flores, 3819",1,abreviação expandida
endereco,logradouro,"R. das Flores, 3816","Rua das Flores, 3816",1,abreviação expandida
endereco,logradouro,"R. das Flores, 3810","Rua das Flores, 3810",1,abreviação expandida
endereco,logradouro,"R. das Flores, 3805","Rua das Flores, 3805",1,abreviação expandida
endereco,logradouro,"R. das Flores, 3803","Rua das Flores, 3803",1,abreviação expandida
endereco,logradouro,"R. das Flores, 3801","Rua das Flores, 3801",1,abreviação expandida
endereco,logradouro,"R. das Flores, 3795","Rua das Flores, 3795",1,abreviação expandida
endereco,logradouro,"R. das Flores, 3791","Rua das Flores, 3791",1,abreviação expandida
endereco,logradouro,"R. das Flores, 379","Rua das Flores, 379",1,abreviação expandida
endereco,logradouro,"R. das Flores, 3789","Rua das Flores, 3789",1,abreviação expandida
endereco,logradouro,"R. das Flores, 3787","Rua das Flores, 3787",1,abreviação expandida
endereco,logradouro,"R. das Flores, 3780","Rua das Flores, 3780",1,abreviação expandida
endereco,logradouro,"R. das Flores, 378","Rua das Flores, 378",1,abreviação expandida
endereco,logradouro,"R. das Flores, 3777","Rua das Flores, 3777",1,abreviação expandida
endereco,logradouro,"R. das Flores, 3774","Rua das Flores, 3774",1,abreviação expandida
endereco,logradouro,"R. Brasil, 1003","Rua Brasil, 1003",1,abreviação expandida
endereco,logradouro,"R. Brasil, 100","Rua Brasil, 100",1,abreviação expandida
endereco,logradouro,"R. BRASIL, 989","Rua Brasil, 989",1,caixa alta corrigida
endereco,logradouro,"R. BRASIL, 969","Rua Brasil, 969",1,caixa alta corrigida
endereco,logradouro,"R. BRASIL, 961","Rua Brasil, 961",1,caixa alta corrigida
endereco,logradouro,"R. BRASIL, 957","Rua Brasil, 957",1,caixa alta corrigida
endereco,logradouro,"R. BRASIL, 951","Rua Brasil, 951",1,caixa alta corrigida
endereco,logradouro,"R. BRASIL, 933","Rua Brasil, 933",1,caixa alta corrigida
endereco,logradouro,"R. BRASIL, 925","Rua Brasil, 925",1,caixa alta corrigida
endereco,logradouro,"R. BRASIL, 917","Rua Brasil, 917",1,caixa alta corrigida
endereco,logradouro,"R. BRASIL, 915","Rua Brasil, 915",1,caixa alta corrigida
endereco,logradouro,"R. BRASIL, 877","Rua Brasil, 877",1,caixa alta corrigida
endereco,logradouro,"R. BRASIL, 875","Rua Brasil, 875",1,caixa alta corrigida
endereco,logradouro,"R. BRASIL, 870","Rua Brasil, 870",1,caixa alta corrigida
endereco,logradouro,"R. das Flores, 3829","Rua das Flores, 3829",1,abreviação expandida
endereco,logradouro,"R. das Flores, 3827","Rua das Flores, 3827",1,abreviação expandida
endereco,logradouro,"R. das Flores, 3860","Rua das Flores, 3860",1,abreviação expandida
endereco,logradouro,"R. das Flores, 386","Rua das Flores, 386",1,abreviação expandida
endereco,logradouro,"R. das Flores, 3857","Rua das Flores, 3857",1,abreviação expandida
endereco,logradouro,"R. das Flores, 3855","Rua das Flores, 3855",1,abreviação expandida
endereco,logradouro,"R. das Flores, 3854","Rua das Flores, 3854",1,abreviação expandida
endereco,logradouro,"R. das Flores, 3849","Rua das Flores, 3849",1,abreviação expandida
endereco,logradouro,"R. das Flores, 3848","Rua das Flores, 3848",1,abreviação expandida
endereco,logradouro,"R. das Flores, 3847","Rua das Flores, 3847",1,abreviação expandida
endereco,logradouro,"R. das Flores, 3845","Rua das Flores, 3845",1,abreviação expandida
endereco,logradouro,"R. das Flores, 3842","Rua das Flores, 3842",1,abreviação expandida
endereco,logradouro,"R. das Flores, 384","Rua das Flores, 384",1,abreviação expandida
endereco,logradouro,"R. das Flores, 3838","Rua das Flores, 3838",1,abreviação expandida
endereco,logradouro,"R. das Flores, 3837","Rua das Flores, 3837",1,abreviação expandida
endereco,logradouro,"R. das Flores, 3833","Rua das Flores, 3833",1,abreviação expandida
endereco,logradouro,"R. das Flores, 383","Rua das Flores, 383",1,abreviação expandida
endereco,logradouro,"R. Brasil, 1005","Rua Brasil, 1005",1,abreviação expandida
endereco,logradouro,"R. das Flores, 3905","Rua das Flores, 3905",1,abreviação expandida
endereco,logradouro,"R. das Flores, 3900","Rua das Flores, 3900",1,abreviação expandida
endereco,logradouro,"R. das Flores, 3898","Rua das Flores, 3898",1,abreviação expandida
endereco,logradouro,"R. das Flores, 3896","Rua das Flores, 3896",1,abreviação expandida
endereco,logradouro,"R. das Flores, 3893","Rua das Flores, 3893",1,abreviação expandida
endereco,logradouro,"R. das Flores, 3892","Rua das Flores, 3892",1,abreviação expandida
endereco,logradouro,"R. das Flores, 3888","Rua das Flores, 3888",1,abreviação expandida
endereco,logradouro,"R. das Flores, 3882","Rua das Flores, 3882",1,abreviação expandida
endereco,logradouro,"R. das Flores, 388","Rua das Flores, 388",1,abreviação expandida
endereco,logradouro,"R. das Flores, 3879","Rua das Flores, 3879",1,abreviação expandida
endereco,logradouro,"R. das Flores, 3876","Rua das Flores, 3876",1,abreviação expandida
endereco,logradouro,"R. das Flores, 3871","Rua das Flores, 3871",1,abreviação expandida
endereco,logradouro,"R. das Flores, 3870","Rua das Flores, 3870",1,abreviação expandida
endereco,logradouro,"R. das Flores, 387","Rua das Flores, 387",1,abreviação expandida
endereco,logradouro,"R. das Flores, 3869","Rua das Flores, 3869",1,abreviação expandida
endereco,logradouro,"R. das Flores, 3866","Rua das Flores, 3866",1,abreviação expandida
endereco,logradouro,"R. das Flores, 3950","Rua das Flores, 3950",1,abreviação expandida
endereco,logradouro,"R. das Flores, 3946","Rua das Flores, 3946",1,abreviação expandida
endereco,logradouro,"R. das Flores, 3944","Rua das Flores, 3944",1,abreviação expandida
endereco,logradouro,"R. das Flores, 3940","Rua das Flores, 3940",1,abreviação expandida
endereco,logradouro,"R. das Flores, 394","Rua das Flores, 394",1,abreviação expandida
endereco,logradouro,"R. das Flores, 3938","Rua das Flores, 3938",1,abreviação expandida
endereco,logradouro,"R. das Flores, 3935","Rua das Flores, 3935",1,abreviação expandida
endereco,logradouro,"R. das Flores, 3934","Rua das Flores, 3934",1,abreviação expandida
endereco,logradouro,"R. das Flores, 3933","Rua das Flores, 3933",1,abreviação expandida
endereco,logradouro,"R. das Flores, 3927","Rua das Flores, 3927",1,abreviação expandida
endereco,logradouro,"R. das Flores, 3925","Rua das Flores, 3925",1,abreviação expandida
endereco,logradouro,"R. das Flores, 3922","Rua das Flores, 3922",1,abreviação expandida
endereco,logradouro,"R. das Flores, 392","Rua das Flores, 392",1,abreviação expandida
endereco,logradouro,"R. das Flores, 3915","Rua das Flores, 3915",1,abreviação expandida
endereco,logradouro,"R. das Flores, 391","Rua das Flores, 391",1,abreviação expandida
endereco,logradouro,"R. das Flores, 3908","Rua das Flores, 3908",1,abreviação expandida
endereco,logradouro,"R. das Flores, 4000","Rua das Flores, 4000",1,abreviação expandida
endereco,logradouro,"R. das Flores, 400","Rua das Flores, 400",1,abreviação expandida
endereco,logradouro,"R. das Flores, 3998","Rua das Flores, 3998",1,abreviação expandida
endereco,logradouro,"R. das Flores, 3997","Rua das Flores, 3997",1,abreviação expandida
endereco,logradouro,"R. das Flores, 3993","Rua das Flores, 3993",1,abreviação expandida
endereco,logradouro,"R. das Flores, 3990","Rua das Flores, 3990",1,abreviação expandida
endereco,logradouro,"R. das Flores, 3980","Rua das Flores, 3980",1,abreviação expandida
endereco,logradouro,"R. das Flores, 398","Rua das Flores, 398",1,abreviação expandida
endereco,logradouro,"R. das Flores, 3979","Rua das Flores, 3979",1,abreviação expandida
endereco,logradouro,"R. das Flores, 3977","Rua das Flores, 3977",1,abreviação expandida
endereco,logradouro,"R. das Flores, 3975","Rua das Flores, 3975",1,abreviação expandida
endereco,logradouro,"R. das Flores, 3972","Rua das Flores, 3972",1,abreviação expandida
endereco,logradouro,"R. das Flores, 3969","Rua das Flores, 3969",1,abreviação expandida
endereco,logradouro,"R. das Flores, 3968","Rua das Flores, 3968",1,abreviação expandida
endereco,logradouro,"R. das Flores, 3963","Rua das Flores, 3963",1,abreviação expandida
endereco,logradouro,"R. das Flores, 3961","Rua das Flores, 3961",1,abreviação expandida
endereco,logradouro,"R. das Flores, 4049","Rua das Flores, 4049",1,abreviação expandida
endereco,logradouro,"R. das Flores, 4045","Rua das Flores, 4045",1,abreviação expandida
endereco,logradouro,"R. das Flores, 4043","Rua das Flores, 4043",1,abreviação expandida
endereco,logradouro,"R. das Flores, 4042","Rua das Flores, 4042",1,abreviação expandida
endereco,logradouro,"R. das Flores, 4038","Rua das Flores, 4038",1,abreviação expandida
endereco,logradouro,"R. das Flores, 4036","Rua das Flores, 4036",1,abreviação expandida
endereco,logradouro,"R. das Flores, 4034","Rua das Flores, 4034",1,abreviação expandida
endereco,logradouro,"R. das Flores, 4025","Rua das Flores, 4025",1,abreviação expandida
endereco,logradouro,"R. das Flores, 4024","Rua das Flores, 4024",1,abreviação expandida
endereco,logradouro,"R. das Flores, 4019","Rua das Flores, 4019",1,abreviação expandida
endereco,logradouro,"R. das Flores, 4015","Rua das Flores, 4015",1,abreviação expandida
endereco,logradouro,"R. das Flores, 4014","Rua das Flores, 4014",1,abreviação expandida
endereco,logradouro,"R. das Flores, 4006","Rua das Flores, 4006",1,abreviação expandida
endereco,logradouro,"R. das Flores, 4003","Rua das Flores, 4003",1,abreviação expandida
endereco,logradouro,"R. das Flores, 4002","Rua das Flores, 4002",1,abreviação expandida
endereco,logradouro,"R. das Flores, 4001","Rua das Flores, 4001",1,abreviação expandida
endereco,logradouro,"R. das Flores, 4099","Rua das Flores, 4099",1,abreviação expandida
endereco,logradouro,"R. das Flores, 4096","Rua das Flores, 4096",1,abreviação expandida
endereco,logradouro,"R. das Flores, 4095","Rua das Flores, 4095",1,abreviação expandida
endereco,logradouro,"R. das Flores, 409","Rua das Flores, 409",1,abreviação expandida
endereco,logradouro,"R. das Flores, 4089","Rua das Flores, 4089",1,abreviação expandida
endereco,logradouro,"R. das Flores, 4088","Rua das Flores, 4088",1,abreviação expandida
endereco,logradouro,"R. das Flores, 4084","Rua das Flores, 4084",1,abreviação expandida
endereco,logradouro,"R. das Flores, 4081","Rua das Flores, 4081",1,abreviação expandida
endereco,logradouro,"R. das Flores, 4071","Rua das Flores, 4071",1,abreviação expandida
endereco,logradouro,"R. das Flores, 4070","Rua das Flores, 4070",1,abreviação expandida
endereco,logradouro,"R. das Flores, 4068","Rua das Flores, 4068",1,abreviação expandida
endereco,logradouro,"R. das Flores, 4064","Rua das Flores, 4064",1,abreviação expandida
endereco,logradouro,"R. das Flores, 406","Rua das Flores, 406",1,abreviação expandida
endereco,logradouro,"R. das Flores, 4059","Rua das Flores, 4059",1,abreviação expandida
endereco,logradouro,"R. das Flores, 4053","Rua das Flores, 4053",1,abreviação expandida
endereco,logradouro,"R. das Flores, 4052","Rua das Flores, 4052",1,abreviação expandida
endereco,logradouro,"R. BRASIL, 793","Rua Brasil, 793",1,caixa alta corrigida
endereco,logradouro,"R. BRASIL, 752","Rua Brasil, 752",1,caixa alta corrigida
endereco,logradouro,"R. BRASIL, 726","Rua Brasil, 726",1,caixa alta corrigida
endereco,logradouro,"R. BRASIL, 703","Rua Brasil, 703",1,caixa alta corrigida
endereco,logradouro,"R. BRASIL, 687","Rua Brasil, 687",1,caixa alta corrigida
endereco,logradouro,"R. BRASIL, 660","Rua Brasil, 660",1,caixa alta corrigida
endereco,logradouro,"R. BRASIL, 627","Rua Brasil, 627",1,caixa alta corrigida
endereco,logradouro,"R. BRASIL, 603","Rua Brasil, 603",1,caixa alta corrigida
endereco,logradouro,"R. BRASIL, 577","Rua Brasil, 577",1,caixa alta corrigida
endereco,logradouro,"R. BRASIL, 562","Rua Brasil, 562",1,caixa alta corrigida
endereco,logradouro,"R. BRASIL, 561","Rua Brasil, 561",1,caixa alta corrigida
endereco,logradouro,"R. BRASIL, 560","Rua Brasil, 560",1,caixa alta corrigida
endereco,logradouro,"R. BRASIL, 555","Rua Brasil, 555",1,caixa alta corrigida
endereco,logradouro,"R. BRASIL, 552","Rua Brasil, 552",1,caixa alta corrigida
endereco,logradouro,"R. das Flores, 4103","Rua das Flores, 4103",1,abreviação expandida
endereco,logradouro,"R. das Flores, 4101","Rua das Flores, 4101",1,abreviação expandida
endereco,logradouro,"R. das Flores, 4177","Rua das Flores, 4177",1,abreviação expandida
endereco,logradouro,"R. das Flores, 4167","Rua das Flores, 4167",1,abreviação expandida
endereco,logradouro,"R. das Flores, 416","Rua das Flores, 416",1,abreviação expandida
endereco,logradouro,"R. das Flores, 4159","Rua das Flores, 4159",1,abreviação expandida
endereco,logradouro,"R. das Flores, 4155","Rua das Flores, 4155",1,abreviação expandida
endereco,logradouro,"R. das Flores, 4151","Rua das Flores, 4151",1,abreviação expandida
endereco,logradouro,"R. das Flores, 4149","Rua das Flores, 4149",1,abreviação expandida
endereco,logradouro,"R. das Flores, 4138","Rua das Flores, 4138",1,abreviação expandida
endereco,logradouro,"R. das Flores, 4133","Rua das Flores, 4133",1,abreviação expandida
endereco,logradouro,"R. das Flores, 4131","Rua das Flores, 4131",1,abreviação expandida
endereco,logradouro,"R. das Flores, 4128","Rua das Flores, 4128",1,abreviação expandida
endereco,logradouro,"R. das Flores, 4117","Rua das Flores, 4117",1,abreviação expandida
endereco,logradouro,"R. das Flores, 4114","Rua das Flores, 4114",1,abreviação expandida
endereco,logradouro,"R. das Flores, 4110","Rua das Flores, 4110",1,abreviação expandida
endereco,logradouro,"R. das Flores, 4107","Rua das Flores, 4107",1,abreviação expandida
endereco,logradouro,"R. BRASIL, 809","Rua Brasil, 809",1,caixa alta corrigida
endereco,logradouro,"R. das Flores, 4243","Rua das Flores, 4243",1,abreviação expandida
endereco,logradouro,"R. das Flores, 4231","Rua das Flores, 4231",1,abreviação expandida
endereco,logradouro,"R. das Flores, 4230","Rua das Flores, 4230",1,abreviação expandida
endereco,logradouro,"R. das Flores, 4229","Rua das Flores, 4229",1,abreviação expandida
endereco,logradouro,"R. das Flores, 4215","Rua das Flores, 4215",1,abreviação expandida
endereco,logradouro,"R. das Flores, 4213","Rua das Flores, 4213",1,abreviação expandida
endereco,logradouro,"R. das Flores, 421","Rua das Flores, 421",1,abreviação expandida
endereco,logradouro,"R. das Flores, 4207","Rua das Flores, 4207",1,abreviação expandida
endereco,logradouro,"R. das Flores, 4204","Rua das Flores, 4204",1,abreviação expandida
endereco,logradouro,"R. das Flores, 4203","Rua das Flores, 4203",1,abreviação expandida
endereco,logradouro,"R. das Flores, 4201","Rua das Flores, 4201",1,abreviação expandida
endereco,logradouro,"R. das Flores, 4199","Rua das Flores, 4199",1,abreviação expandida
endereco,logradouro,"R. das Flores, 4192","Rua das Flores, 4192",1,abreviação expandida
endereco,logradouro,"R. das Flores, 4186","Rua das Flores, 4186",1,abreviação expandida
endereco,logradouro,"R. das Flores, 4185","Rua das Flores, 4185",1,abreviação expandida
endereco,logradouro,"R. das Flores, 4179","Rua das Flores, 4179",1,abreviação expandida
endereco,logradouro,"R. BRASIL, 502","Rua Brasil, 502",1,caixa alta corrigida
endereco,logradouro,"R. BRASIL, 4995","Rua Brasil, 4995",1,caixa alta corrigida
endereco,logradouro,"R. BRASIL, 4982","Rua Brasil, 4982",1,caixa alta corrigida
endereco,logradouro,"R. BRASIL, 4952","Rua Brasil, 4952",1,caixa alta corrigida
endereco,logradouro,"R. BRASIL, 4951","Rua Brasil, 4951",1,caixa alta corrigida
endereco,logradouro,"R. BRASIL, 4949","Rua Brasil, 4949",1,caixa alta corrigida
endereco,logradouro,"R. BRASIL, 494","Rua Brasil, 494",1,caixa alta corrigida
endereco,logradouro,"R. BRASIL, 4923","Rua Brasil, 4923",1,caixa alta corrigida
endereco,logradouro,"R. BRASIL, 4910","Rua Brasil, 4910",1,caixa alta corrigida
endereco,logradouro,"R. BRASIL, 4909","Rua Brasil, 4909",1,caixa alta corrigida
endereco,logradouro,"R. BRASIL, 4894","Rua Brasil, 4894",1,caixa alta corrigida
endereco,logradouro,"R. BRASIL, 4890","Rua Brasil, 4890",1,caixa alta corrigida
endereco,logradouro,"R. BRASIL, 4889","Rua Brasil, 4889",1,caixa alta corrigida
endereco,logradouro,"R. das Flores, 4250","Rua das Flores, 4250",1,abreviação expandida
endereco,logradouro,"R. das Flores, 425","Rua das Flores, 425",1,abreviação expandida
endereco,logradouro,"R. das Flores, 4246","Rua das Flores, 4246",1,abreviação expandida
endereco,logradouro,"R. das Flores, 4289","Rua das Flores, 4289",1,abreviação expandida
endereco,logradouro,"R. das Flores, 4287","Rua das Flores, 4287",1,abreviação expandida
endereco,logradouro,"R. das Flores, 4283","Rua das Flores, 4283",1,abreviação expandida
endereco,logradouro,"R. das Flores, 4281","Rua das Flores, 4281",1,abreviação expandida
endereco,logradouro,"R. das Flores, 4275","Rua das Flores, 4275",1,abreviação expandida
endereco,logradouro,"R. das Flores, 4274","Rua das Flores, 4274",1,abreviação expandida
endereco,logradouro,"R. das Flores, 4271","Rua das Flores, 4271",1,abreviação expandida
endereco,logradouro,"R. das Flores, 4270","Rua das Flores, 4270",1,abreviação expandida
endereco,logradouro,"R. das Flores, 4268","Rua das Flores, 4268",1,abreviação expandida
endereco,logradouro,"R. das Flores, 4266","Rua das Flores, 4266",1,abreviação expandida
endereco,logradouro,"R. das Flores, 4261","Rua das Flores, 4261",1,abreviação expandida
endereco,logradouro,"R. das Flores, 4257","Rua das Flores, 4257",1,abreviação expandida
endereco,logradouro,"R. das Flores, 4253","Rua das Flores, 4253",1,abreviação expandida
endereco,logradouro,"R. BRASIL, 53","Rua Brasil, 53",1,caixa alta corrigida
endereco,logradouro,"R. BRASIL, 515","Rua Brasil, 515",1,caixa alta corrigida
endereco,logradouro,"R. BRASIL, 510","Rua Brasil, 510",1,caixa alta corrigida
endereco,logradouro,"R. das Flores, 4339","Rua das Flores, 4339",1,abreviação expandida
endereco,logradouro,"R. das Flores, 4335","Rua das Flores, 4335",1,abreviação expandida
endereco,logradouro,"R. das Flores, 4332","Rua das Flores, 4332",1,abreviação expandida
endereco,logradouro,"R. das Flores, 4329","Rua das Flores, 4329",1,abreviação expandida
endereco,logradouro,"R. das Flores, 4324","Rua das Flores, 4324",1,abreviação expandida
endereco,logradouro,"R. das Flores, 432","Rua das Flores, 432",1,abreviação expandida
endereco,logradouro,"R. das Flores, 4319","Rua das Flores, 4319",1,abreviação expandida
endereco,logradouro,"R. das Flores, 4309","Rua das Flores, 4309",1,abreviação expandida
endereco,logradouro,"R. das Flores, 4304","Rua das Flores, 4304",1,abreviação expandida
endereco,logradouro,"R. das Flores, 4302","Rua das Flores, 4302",1,abreviação expandida
endereco,logradouro,"R. das Flores, 430","Rua das Flores, 430",1,abreviação expandida
endereco,logradouro,"R. das Flores, 4297","Rua das Flores, 4297",1,abreviação expandida
endereco,logradouro,"R. das Flores, 4296","Rua das Flores, 4296",1,abreviação expandida
endereco,logradouro,"R. das Flores, 4295","Rua das Flores, 4295",1,abreviação expandida
endereco,logradouro,"R. das Flores, 4294","Rua das Flores, 4294",1,abreviação expandida
endereco,logradouro,"R. das Flores, 4290","Rua das Flores, 4290",1,abreviação expandida
endereco,logradouro,"R. das Flores, 4385","Rua das Flores, 4385",1,abreviação expandida
endereco,logradouro,"R. das Flores, 4382","Rua das Flores, 4382",1,abreviação expandida
endereco,logradouro,"R. das Flores, 4375","Rua das Flores, 4375",1,abreviação expandida
endereco,logradouro,"R. das Flores, 4372","Rua das Flores, 4372",1,abreviação expandida
endereco,logradouro,"R. das Flores, 4370","Rua das Flores, 4370",1,abreviação expandida
endereco,logradouro,"R. das Flores, 4368","Rua das Flores, 4368",1,abreviação expandida
endereco,logradouro,"R. das Flores, 4365","Rua das Flores, 4365",1,abreviação expandida
endereco,logradouro,"R. das Flores, 4359","Rua das Flores, 4359",1,abreviação expandida
endereco,logradouro,"R. das Flores, 4358","Rua das Flores, 4358",1,abreviação expandida
endereco,logradouro,"R. das Flores, 4356","Rua das Flores, 4356",1,abreviação expandida
endereco,logradouro,"R. das Flores, 4354","Rua das Flores, 4354",1,abreviação expandida
endereco,logradouro,"R. das Flores, 4353","Rua das Flores, 4353",1,abreviação expandida
endereco,logradouro,"R. das Flores, 4350","Rua das Flores, 4350",1,abreviação expandida
endereco,logradouro,"R. das Flores, 4347","Rua das Flores, 4347",1,abreviação expandida
endereco,logradouro,"R. das Flores, 4342","Rua das Flores, 4342",1,abreviação expandida
endereco,logradouro,"R. das Flores, 4340","Rua das Flores, 4340",1,abreviação expandida
endereco,logradouro,"R. das Flores, 4452","Rua das Flores, 4452",1,abreviação expandida
endereco,logradouro,"R. das Flores, 4450","Rua das Flores, 4450",1,abreviação expandida
endereco,logradouro,"R. das Flores, 4448","Rua das Flores, 4448",1,abreviação expandida
endereco,logradouro,"R. das Flores, 4447","Rua das Flores, 4447",1,abreviação expandida
endereco,logradouro,"R. das Flores, 4441","Rua das Flores, 4441",1,abreviação expandida
endereco,logradouro,"R. das Flores, 4434","Rua das Flores, 4434",1,abreviação expandida
endereco,logradouro,"R. das Flores, 4430","Rua das Flores, 4430",1,abreviação expandida
endereco,logradouro,"R. das Flores, 4425","Rua das Flores, 4425",1,abreviação expandida
endereco,logradouro,"R. das Flores, 4417","Rua das Flores, 4417",1,abreviação expandida
endereco,logradouro,"R. das Flores, 4413","Rua das Flores, 4413",1,abreviação expandida
endereco,logradouro,"R. das Flores, 4407","Rua das Flores, 4407",1,abreviação expandida
endereco,logradouro,"R. das Flores, 4400","Rua das Flores, 4400",1,abreviação expandida
endereco,logradouro,"R. das Flores, 4398","Rua das Flores, 4398",1,abreviação expandida
endereco,logradouro,"R. das Flores, 4397","Rua das Flores, 4397",1,abreviação expandida
endereco,logradouro,"R. das Flores, 4392","Rua das Flores, 4392",1,abreviação expandida
endereco,logradouro,"R. das Flores, 4389","Rua das Flores, 4389",1,abreviação expandida
endereco,logradouro,"R. BRASIL, 4869","Rua Brasil, 4869",1,caixa alta corrigida
endereco,logradouro,"R. BRASIL, 4856","Rua Brasil, 4856",1,caixa alta corrigida
endereco,logradouro,"R. BRASIL, 4846","Rua Brasil, 4846",1,caixa alta corrigida
endereco,logradouro,"R. BRASIL, 4844","Rua Brasil, 4844",1,caixa alta corrigida
endereco,logradouro,"R. BRASIL, 483","Rua Brasil, 483",1,caixa alta corrigida
endereco,logradouro,"R. BRASIL, 4826","Rua Brasil, 4826",1,caixa alta corrigida
endereco,logradouro,"R. BRASIL, 4825","Rua Brasil, 4825",1,caixa alta corrigida
endereco,logradouro,"R. BRASIL, 4824","Rua Brasil, 4824",1,caixa alta corrigida
endereco,logradouro,"R. BRASIL, 4809","Rua Brasil, 4809",1,caixa alta corrigida
endereco,logradouro,"R. BRASIL, 4808","Rua Brasil, 4808",1,caixa alta corrigida
endereco,logradouro,"R. BRASIL, 4804","Rua Brasil, 4804",1,caixa alta corrigida
endereco,logradouro,"R. BRASIL, 479","Rua Brasil, 479",1,caixa alta corrigida
endereco,logradouro,"R. BRASIL, 4788","Rua Brasil, 4788",1,caixa alta corrigida
endereco,logradouro,"R. das Flores, 4462","Rua das Flores, 4462",1,abreviação expandida
endereco,logradouro,"R. das Flores, 4461","Rua das Flores, 4461",1,abreviação expandida
endereco,logradouro,"R. das Flores, 4457","Rua das Flores, 4457",1,abreviação expandida
endereco,logradouro,"R. das Flores, 4531","Rua das Flores, 4531",1,abreviação expandida
endereco,logradouro,"R. das Flores, 4529","Rua das Flores, 4529",1,abreviação expandida
endereco,logradouro,"R. das Flores, 4526","Rua das Flores, 4526",1,abreviação expandida
endereco,logradouro,"R. das Flores, 4517","Rua das Flores, 4517",1,abreviação expandida
endereco,logradouro,"R. das Flores, 4511","Rua das Flores, 4511",1,abreviação expandida
endereco,logradouro,"R. das Flores, 4510","Rua das Flores, 4510",1,abreviação expandida
endereco,logradouro,"R. das Flores, 451","Rua das Flores, 451",1,abreviação expandida
endereco,logradouro,"R. das Flores, 4499","Rua das Flores, 4499",1,abreviação expandida
endereco,logradouro,"R. das Flores, 4498","Rua das Flores, 4498",1,abreviação expandida
endereco,logradouro,"R. das Flores, 4496","Rua das Flores, 4496",1,abreviação expandida
endereco,logradouro,"R. das Flores, 4494","Rua das Flores, 4494",1,abreviação expandida
endereco,logradouro,"R. das Flores, 4485","Rua das Flores, 4485",1,abreviação expandida
endereco,logradouro,"R. das Flores, 4475","Rua das Flores, 4475",1,abreviação expandida
endereco,logradouro,"R. BRASIL, 4887","Rua Brasil, 4887",1,caixa alta corrigida
endereco,logradouro,"R. BRASIL, 4886","Rua Brasil, 4886",1,caixa alta corrigida
endereco,logradouro,"R. BRASIL, 4875","Rua Brasil, 4875",1,caixa alta corrigida
endereco,logradouro,"R. das Flores, 4589","Rua das Flores, 4589",1,abreviação expandida
endereco,logradouro,"R. das Flores, 4588","Rua das Flores, 4588",1,abreviação expandida
endereco,logradouro,"R. das Flores, 4587","Rua das Flores, 4587",1,abreviação expandida
endereco,logradouro,"R. das Flores, 4582","Rua das Flores, 4582",1,abreviação expandida
endereco,logradouro,"R. das Flores, 4581","Rua das Flores, 4581",1,abreviação expandida
endereco,logradouro,"R. das Flores, 4580","Rua das Flores, 4580",1,abreviação expandida
endereco,logradouro,"R. das Flores, 458","Rua das Flores, 458",1,abreviação expandida
endereco,logradouro,"R. das Flores, 4579","Rua das Flores, 4579",1,abreviação expandida
endereco,logradouro,"R. das Flores, 4565","Rua das Flores, 4565",1,abreviação expandida
endereco,logradouro,"R. das Flores, 4561","Rua das Flores, 4561",1,abreviação expandida
endereco,logradouro,"R. das Flores, 4560","Rua das Flores, 4560",1,abreviação expandida
endereco,logradouro,"R. das Flores, 4557","Rua das Flores, 4557",1,abreviação expandida
endereco,logradouro,"R. das Flores, 4541","Rua das Flores, 4541",1,abreviação expandida
endereco,logradouro,"R. das Flores, 454","Rua das Flores, 454",1,abreviação expandida
endereco,logradouro,"R. das Flores, 4538","Rua das Flores, 4538",1,abreviação expandida
endereco,logradouro,"R. das Flores, 4534","Rua das Flores, 4534",1,abreviação expandida
endereco,logradouro,"R. BRASIL, 4742","Rua Brasil, 4742",1,caixa alta corrigida
endereco,logradouro,"R. BRASIL, 4733","Rua Brasil, 4733",1,caixa alta corrigida
endereco,logradouro,"R. BRASIL, 4721","Rua Brasil, 4721",1,caixa alta corrigida
endereco,logradouro,"R. BRASIL, 4701","Rua Brasil, 4701",1,caixa alta corrigida
endereco,logradouro,"R. BRASIL, 4693","Rua Brasil, 4693",1,caixa alta corrigida
endereco,logradouro,"R. BRASIL, 4689","Rua Brasil, 4689",1,caixa alta corrigida
endereco,logradouro,"R. BRASIL, 4672","Rua Brasil, 4672",1,caixa alta corrigida
endereco,logradouro,"R. BRASIL, 4668","Rua Brasil, 4668",1,caixa alta corrigida
endereco,logradouro,"R. BRASIL, 4661","Rua Brasil, 4661",1,caixa alta corrigida
endereco,logradouro,"R. BRASIL, 4658","Rua Brasil, 4658",1,caixa alta corrigida
endereco,logradouro,"R. BRASIL, 4653","Rua Brasil, 4653",1,caixa alta corrigida
endereco,logradouro,"R. BRASIL, 4648","Rua Brasil, 4648",1,caixa alta corrigida
endereco,logradouro,"R. das Flores, 4603","Rua das Flores, 4603",1,abreviação expandida
endereco,logradouro,"R. das Flores, 46","Rua das Flores, 46",1,abreviação expandida
endereco,logradouro,"R. das Flores, 4597","Rua das Flores, 4597",1,abreviação expandida
endereco,logradouro,"R. das Flores, 4595","Rua das Flores, 4595",1,abreviação expandida
endereco,logradouro,"R. das Flores, 4632","Rua das Flores, 4632",1,abreviação expandida
endereco,logradouro,"R. das Flores, 4631","Rua das Flores, 4631",1,abreviação expandida
endereco,logradouro,"R. das Flores, 463","Rua das Flores, 463",1,abreviação expandida
endereco,logradouro,"R. das Flores, 4629","Rua das Flores, 4629",1,abreviação expandida
endereco,logradouro,"R. das Flores, 4628","Rua das Flores, 4628",1,abreviação expandida
endereco,logradouro,"R. das Flores, 4627","Rua das Flores, 4627",1,abreviação expandida
endereco,logradouro,"R. das Flores, 4626","Rua das Flores, 4626",1,abreviação expandida
endereco,logradouro,"R. das Flores, 4621","Rua das Flores, 4621",1,abreviação expandida
endereco,logradouro,"R. das Flores, 4620","Rua das Flores, 4620",1,abreviação expandida
endereco,logradouro,"R. das Flores, 462","Rua das Flores, 462",1,abreviação expandida
endereco,logradouro,"R. das Flores, 4615","Rua das Flores, 4615",1,abreviação expandida
endereco,logradouro,"R. das Flores, 4611","Rua das Flores, 4611",1,abreviação expandida
endereco,logradouro,"R. das Flores, 4609","Rua das Flores, 4609",1,abreviação expandida
endereco,logradouro,"R. das Flores, 4606","Rua das Flores, 4606",1,abreviação expandida
endereco,logradouro,"R. BRASIL, 4783","Rua Brasil, 4783",1,caixa alta corrigida
endereco,logradouro,"R. BRASIL, 4747","Rua Brasil, 4747",1,caixa alta corrigida
endereco,logradouro,"R. das Flores, 4690","Rua das Flores, 4690",1,abreviação expandida
endereco,logradouro,"R. das Flores, 469","Rua das Flores, 469",1,abreviação expandida
endereco,logradouro,"R. das Flores, 4687","Rua das Flores, 4687",1,abreviação expandida
endereco,logradouro,"R. das Flores, 4679","Rua das Flores, 4679",1,abreviação expandida
endereco,logradouro,"R. das Flores, 4670","Rua das Flores, 4670",1,abreviação expandida
endereco,logradouro,"R. das Flores, 4668","Rua das Flores, 4668",1,abreviação expandida
endereco,logradouro,"R. das Flores, 4666","Rua das Flores, 4666",1,abreviação expandida
endereco,logradouro,"R. das Flores, 4665","Rua das Flores, 4665",1,abreviação expandida
endereco,logradouro,"R. das Flores, 4655","Rua das Flores, 4655",1,abreviação expandida
endereco,logradouro,"R. das Flores, 4649","Rua das Flores, 4649",1,abreviação expandida
endereco,logradouro,"R. das Flores, 4648","Rua das Flores, 4648",1,abreviação expandida
endereco,logradouro,"R. das Flores, 4646","Rua das Flores, 4646",1,abreviação expandida
endereco,logradouro,"R. das Flores, 4641","Rua das Flores, 4641",1,abreviação expandida
endereco,logradouro,"R. das Flores, 4640","Rua das Flores, 4640",1,abreviação expandida
endereco,logradouro,"R. das Flores, 4635","Rua das Flores, 4635",1,abreviação expandida
endereco,logradouro,"R. das Flores, 4634","Rua das Flores, 4634",1,abreviação expandida
endereco,logradouro,"R. das Flores, 4742","Rua das Flores, 4742",1,abreviação expandida
endereco,logradouro,"R. das Flores, 4740","Rua das Flores, 4740",1,abreviação expandida
endereco,logradouro,"R. das Flores, 4738","Rua das Flores, 4738",1,abreviação expandida
endereco,logradouro,"R. das Flores, 4737","Rua das Flores, 4737",1,abreviação expandida
endereco,logradouro,"R. das Flores, 4726","Rua das Flores, 4726",1,abreviação expandida
endereco,logradouro,"R. das Flores, 472","Rua das Flores, 472",1,abreviação expandida
endereco,logradouro,"R. das Flores, 4719","Rua das Flores, 4719",1,abreviação expandida
endereco,logradouro,"R. das Flores, 4717","Rua das Flores, 4717",1,abreviação expandida
endereco,logradouro,"R. das Flores, 4716","Rua das Flores, 4716",1,abreviação expandida
endereco,logradouro,"R. das Flores, 4715","Rua das Flores, 4715",1,abreviação expandida
endereco,logradouro,"R. das Flores, 471","Rua das Flores, 471",1,abreviação expandida
endereco,logradouro,"R. das Flores, 4706","Rua das Flores, 4706",1,abreviação expandida
endereco,logradouro,"R. das Flores, 4704","Rua das Flores, 4704",1,abreviação expandida
endereco,logradouro,"R. das Flores, 4702","Rua das Flores, 4702",1,abreviação expandida
endereco,logradouro,"R. das Flores, 4693","Rua das Flores, 4693",1,abreviação expandida
endereco,logradouro,"R. das Flores, 4692","Rua das Flores, 4692",1,abreviação expandida
endereco,logradouro,"R. das Flores, 4794","Rua das Flores, 4794",1,abreviação expandida
endereco,logradouro,"R. das Flores, 4793","Rua das Flores, 4793",1,abreviação expandida
endereco,logradouro,"R. das Flores, 479","Rua das Flores, 479",1,abreviação expandida
endereco,logradouro,"R. das Flores, 4786","Rua das Flores, 4786",1,abreviação expandida
endereco,logradouro,"R. das Flores, 4778","Rua das Flores, 4778",1,abreviação expandida
endereco,logradouro,"R. das Flores, 4777","Rua das Flores, 4777",1,abreviação expandida
endereco,logradouro,"R. das Flores, 4776","Rua das Flores, 4776",1,abreviação expandida
endereco,logradouro,"R. das Flores, 4771","Rua das Flores, 4771",1,abreviação expandida
endereco,logradouro,"R. das Flores, 4770","Rua das Flores, 4770",1,abreviação expandida
endereco,logradouro,"R. das Flores, 477","Rua das Flores, 477",1,abreviação expandida
endereco,logradouro,"R. das Flores, 4769","Rua das Flores, 4769",1,abreviação expandida
endereco,logradouro,"R. das Flores, 4756","Rua das Flores, 4756",1,abreviação expandida
endereco,logradouro,"R. das Flores, 4752","Rua das Flores, 4752",1,abreviação expandida
endereco,logradouro,"R. das Flores, 4751","Rua das Flores, 4751",1,abreviação expandida
endereco,logradouro,"R. das Flores, 475","Rua das Flores, 475",1,abreviação expandida
endereco,logradouro,"R. das Flores, 4746","Rua das Flores, 4746",1,abreviação expandida
endereco,logradouro,"R. BRASIL, 4619","Rua Brasil, 4619",1,caixa alta corrigida
endereco,logradouro,"R. BRASIL, 4578","Rua Brasil, 4578",1,caixa alta corrigida
endereco,logradouro,"R. BRASIL, 4572","Rua Brasil, 4572",1,caixa alta corrigida
endereco,logradouro,"R. BRASIL, 4556","Rua Brasil, 4556",1,caixa alta corrigida
endereco,logradouro,"R. BRASIL, 4528","Rua Brasil, 4528",1,caixa alta corrigida
endereco,logradouro,"R. BRASIL, 4517","Rua Brasil, 4517",1,caixa alta corrigida
endereco,logradouro,"R. BRASIL, 4512","Rua Brasil, 4512",1,caixa alta corrigida
endereco,logradouro,"R. BRASIL, 4461","Rua Brasil, 4461",1,caixa alta corrigida
endereco,logradouro,"R. BRASIL, 4460","Rua Brasil, 4460",1,caixa alta corrigida
endereco,logradouro,"R. BRASIL, 4445","Rua Brasil, 4445",1,caixa alta corrigida
endereco,logradouro,"R. BRASIL, 4433","Rua Brasil, 4433",1,caixa alta corrigida
endereco,logradouro,"R. BRASIL, 4414","Rua Brasil, 4414",1,caixa alta corrigida
endereco,logradouro,"R. BRASIL, 4404","Rua Brasil, 4404",1,caixa alta corrigida
endereco,logradouro,"R. BRASIL, 44","Rua Brasil, 44",1,caixa alta corrigida
endereco,logradouro,"R. das Flores, 48","Rua das Flores, 48",1,abreviação expandida
endereco,logradouro,"R. das Flores, 4796","Rua das Flores, 4796",1,abreviação expandida
endereco,logradouro,"R. das Flores, 4851","Rua das Flores, 4851",1,abreviação expandida
endereco,logradouro,"R. das Flores, 4850","Rua das Flores, 4850",1,abreviação expandida
endereco,logradouro,"R. das Flores, 4849","Rua das Flores, 4849",1,abreviação expandida
endereco,logradouro,"R. das Flores, 4840","Rua das Flores, 4840",1,abreviação expandida
endereco,logradouro,"R. das Flores, 484","Rua das Flores, 484",1,abreviação expandida
endereco,logradouro,"R. das Flores, 4834","Rua das Flores, 4834",1,abreviação expandida
endereco,logradouro,"R. das Flores, 4826","Rua das Flores, 4826",1,abreviação expandida
endereco,logradouro,"R. das Flores, 4812","Rua das Flores, 4812",1,abreviação expandida
endereco,logradouro,"R. das Flores, 4808","Rua das Flores, 4808",1,abreviação expandida
endereco,logradouro,"R. das Flores, 4806","Rua das Flores, 4806",1,abreviação expandida
endereco,logradouro,"R. das Flores, 4805","Rua das Flores, 4805",1,abreviação expandida
endereco,logradouro,"R. das Flores, 4804","Rua das Flores, 4804",1,abreviação expandida
endereco,logradouro,"R. das Flores, 4803","Rua das Flores, 4803",1,abreviação expandida
endereco,logradouro,"R. das Flores, 4801","Rua das Flores, 4801",1,abreviação expandida
endereco,logradouro,"R. BRASIL, 4628","Rua Brasil, 4628",1,caixa alta corrigida
endereco,logradouro,"R. BRASIL, 4626","Rua Brasil, 4626",1,caixa alta corrigida
endereco,logradouro,"R. das Flores, 4897","Rua das Flores, 4897",1,abreviação expandida
endereco,logradouro,"R. das Flores, 4895","Rua das Flores, 4895",1,abreviação expandida
endereco,logradouro,"R. das Flores, 4891","Rua das Flores, 4891",1,abreviação expandida
endereco,logradouro,"R. das Flores, 4887","Rua das Flores, 4887",1,abreviação expandida
endereco,logradouro,"R. das Flores, 4883","Rua das Flores, 4883",1,abreviação expandida
endereco,logradouro,"R. das Flores, 4882","Rua das Flores, 4882",1,abreviação expandida
endereco,logradouro,"R. das Flores, 4881","Rua das Flores, 4881",1,abreviação expandida
endereco,logradouro,"R. das Flores, 4877","Rua das Flores, 4877",1,abreviação expandida
endereco,logradouro,"R. das Flores, 4873","Rua das Flores, 4873",1,abreviação expandida
endereco,logradouro,"R. das Flores, 4871","Rua das Flores, 4871",1,abreviação expandida
endereco,logradouro,"R. das Flores, 4870","Rua das Flores, 4870",1,abreviação expandida
endereco,logradouro,"R. das Flores, 4862","Rua das Flores, 4862",1,abreviação expandida
endereco,logradouro,"R. das Flores, 4860","Rua das Flores, 4860",1,abreviação expandida
endereco,logradouro,"R. das Flores, 4857","Rua das Flores, 4857",1,abreviação expandida
endereco,logradouro,"R. das Flores, 4855","Rua das Flores, 4855",1,abreviação expandida
endereco,logradouro,"R. das Flores, 4854","Rua das Flores, 4854",1,abreviação expandida
endereco,logradouro,"R. das Flores, 4968","Rua das Flores, 4968",1,abreviação expandida
endereco,logradouro,"R. das Flores, 4967","Rua das Flores, 4967",1,abreviação expandida
endereco,logradouro,"R. das Flores, 4962","Rua das Flores, 4962",1,abreviação expandida
endereco,logradouro,"R. das Flores, 4959","Rua das Flores, 4959",1,abreviação expandida
endereco,logradouro,"R. das Flores, 4957","Rua das Flores, 4957",1,abreviação expandida
endereco,logradouro,"R. das Flores, 4948","Rua das Flores, 4948",1,abreviação expandida
endereco,logradouro,"R. das Flores, 4936","Rua das Flores, 4936",1,abreviação expandida
endereco,logradouro,"R. das Flores, 4933","Rua das Flores, 4933",1,abreviação expandida
endereco,logradouro,"R. das Flores, 4929","Rua das Flores, 4929",1,abreviação expandida
endereco,logradouro,"R. das Flores, 4925","Rua das Flores, 4925",1,abreviação expandida
endereco,logradouro,"R. das Flores, 4923","Rua das Flores, 4923",1,abreviação expandida
endereco,logradouro,"R. das Flores, 4919","Rua das Flores, 4919",1,abreviação expandida
endereco,logradouro,"R. das Flores, 4917","Rua das Flores, 4917",1,abreviação expandida
endereco,logradouro,"R. das Flores, 4911","Rua das Flores, 4911",1,abreviação expandida
endereco,logradouro,"R. das Flores, 4909","Rua das Flores, 4909",1,abreviação expandida
endereco,logradouro,"R. das Flores, 49","Rua das Flores, 49",1,abreviação expandida
endereco,logradouro,"R. das Flores, 521","Rua das Flores, 521",1,abreviação expandida
endereco,logradouro,"R. das Flores, 519","Rua das Flores, 519",1,abreviação expandida
endereco,logradouro,"R. das Flores, 518","Rua das Flores, 518",1,abreviação expandida
endereco,logradouro,"R. das Flores, 517","Rua das Flores, 517",1,abreviação expandida
endereco,logradouro,"R. das Flores, 511","Rua das Flores, 511",1,abreviação expandida
endereco,logradouro,"R. das Flores, 509","Rua das Flores, 509",1,abreviação expandida
endereco,logradouro,"R. das Flores, 4998","Rua das Flores, 4998",1,abreviação expandida
endereco,logradouro,"R. das Flores, 4997","Rua das Flores, 4997",1,abreviação expandida
endereco,logradouro,"R. das Flores, 4995","Rua das Flores, 4995",1,abreviação expandida
endereco,logradouro,"R. das Flores, 4994","Rua das Flores, 4994",1,abreviação expandida
endereco,logradouro,"R. das Flores, 4991","Rua das Flores, 4991",1,abreviação expandida
endereco,logradouro,"R. das Flores, 4984","Rua das Flores, 4984",1,abreviação expandida
endereco,logradouro,"R. das Flores, 4983","Rua das Flores, 4983",1,abreviação expandida
endereco,logradouro,"R. das Flores, 4976","Rua das Flores, 4976",1,abreviação expandida
endereco,logradouro,"R. das Flores, 4975","Rua das Flores, 4975",1,abreviação expandida
endereco,logradouro,"R. das Flores, 4969","Rua das Flores, 4969",1,abreviação expandida
endereco,logradouro,"R. das Flores, 572","Rua das Flores, 572",1,abreviação expandida
endereco,logradouro,"R. das Flores, 566","Rua das Flores, 566",1,abreviação expandida
endereco,logradouro,"R. das Flores, 565","Rua das Flores, 565",1,abreviação expandida
endereco,logradouro,"R. das Flores, 562","Rua das Flores, 562",1,abreviação expandida
endereco,logradouro,"R. das Flores, 553","Rua das Flores, 553",1,abreviação expandida
endereco,logradouro,"R. das Flores, 551","Rua das Flores, 551",1,abreviação expandida
endereco,logradouro,"R. das Flores, 548","Rua das Flores, 548",1,abreviação expandida
endereco,logradouro,"R. das Flores, 547","Rua das Flores, 547",1,abreviação expandida
endereco,logradouro,"R. das Flores, 541","Rua das Flores, 541",1,abreviação expandida
endereco,logradouro,"R. das Flores, 540","Rua das Flores, 540",1,abreviação expandida
endereco,logradouro,"R. das Flores, 533","Rua das Flores, 533",1,abreviação expandida
endereco,logradouro,"R. das Flores, 532","Rua das Flores, 532",1,abreviação expandida
endereco,logradouro,"R. das Flores, 531","Rua das Flores, 531",1,abreviação expandida
endereco,logradouro,"R. das Flores, 530","Rua das Flores, 530",1,abreviação expandida
endereco,logradouro,"R. das Flores, 53","Rua das Flores, 53",1,abreviação expandida
endereco,logradouro,"R. das Flores, 527","Rua das Flores, 527",1,abreviação expandida
endereco,logradouro,"R. das Flores, 615","Rua das Flores, 615",1,abreviação expandida
endereco,logradouro,"R. das Flores, 613","Rua das Flores, 613",1,abreviação expandida
endereco,logradouro,"R. das Flores, 610","Rua das Flores, 610",1,abreviação expandida
endereco,logradouro,"R. das Flores, 608","Rua das Flores, 608",1,abreviação expandida
endereco,logradouro,"R. das Flores, 607","Rua das Flores, 607",1,abreviação expandida
endereco,logradouro,"R. das Flores, 605","Rua das Flores, 605",1,abreviação expandida
endereco,logradouro,"R. das Flores, 601","Rua das Flores, 601",1,abreviação expandida
endereco,logradouro,"R. das Flores, 599","Rua das Flores, 599",1,abreviação expandida
endereco,logradouro,"R. das Flores, 597","Rua das Flores, 597",1,abreviação expandida
endereco,logradouro,"R. das Flores, 595","Rua das Flores, 595",1,abreviação expandida
endereco,logradouro,"R. das Flores, 593","Rua das Flores, 593",1,abreviação expandida
endereco,logradouro,"R. das Flores, 592","Rua das Flores, 592",1,abreviação expandida
endereco,logradouro,"R. das Flores, 586","Rua das Flores, 586",1,abreviação expandida
endereco,logradouro,"R. das Flores, 577","Rua das Flores, 577",1,abreviação expandida
endereco,logradouro,"R. das Flores, 576","Rua das Flores, 576",1,abreviação expandida
endereco,logradouro,"R. das Flores, 575","Rua das Flores, 575",1,abreviação expandida
endereco,logradouro,"R. BRASIL, 4378","Rua Brasil, 4378",1,caixa alta corrigida
endereco,logradouro,"R. BRASIL, 4377","Rua Brasil, 4377",1,caixa alta corrigida
endereco,logradouro,"R. BRASIL, 4375","Rua Brasil, 4375",1,caixa alta corrigida
endereco,logradouro,"R. BRASIL, 4358","Rua Brasil, 4358",1,caixa alta corrigida
endereco,logradouro,"R. BRASIL, 4355","Rua Brasil, 4355",1,caixa alta corrigida
endereco,logradouro,"R. BRASIL, 4335","Rua Brasil, 4335",1,caixa alta corrigida
endereco,logradouro,"R. BRASIL, 4330","Rua Brasil, 4330",1,caixa alta corrigida
endereco,logradouro,"R. BRASIL, 4323","Rua Brasil, 4323",1,caixa alta corrigida
endereco,logradouro,"R. BRASIL, 4315","Rua Brasil, 4315",1,caixa alta corrigida
endereco,logradouro,"R. BRASIL, 4310","Rua Brasil, 4310",1,caixa alta corrigida
endereco,logradouro,"R. BRASIL, 431","Rua Brasil, 431",1,caixa alta corrigida
endereco,logradouro,"R. BRASIL, 4305","Rua Brasil, 4305",1,caixa alta corrigida
endereco,logradouro,"R. BRASIL, 4288","Rua Brasil, 4288",1,caixa alta corrigida
endereco,logradouro,"R. das Flores, 624","Rua das Flores, 624",1,abreviação expandida
endereco,logradouro,"R. das Flores, 623","Rua das Flores, 623",1,abreviação expandida
endereco,logradouro,"R. das Flores, 617","Rua das Flores, 617",1,abreviação expandida
endereco,logradouro,"R. das Flores, 681","Rua das Flores, 681",1,abreviação expandida
endereco,logradouro,"R. das Flores, 677","Rua das Flores, 677",1,abreviação expandida
endereco,logradouro,"R. das Flores, 674","Rua das Flores, 674",1,abreviação expandida
endereco,logradouro,"R. das Flores, 669","Rua das Flores, 669",1,abreviação expandida
endereco,logradouro,"R. das Flores, 666","Rua das Flores, 666",1,abreviação expandida
endereco,logradouro,"R. das Flores, 654","Rua das Flores, 654",1,abreviação expandida
endereco,logradouro,"R. das Flores, 652","Rua das Flores, 652",1,abreviação expandida
endereco,logradouro,"R. das Flores, 651","Rua das Flores, 651",1,abreviação expandida
endereco,logradouro,"R. das Flores, 643","Rua das Flores, 643",1,abreviação expandida
endereco,logradouro,"R. das Flores, 641","Rua das Flores, 641",1,abreviação expandida
endereco,logradouro,"R. das Flores, 639","Rua das Flores, 639",1,abreviação expandida
endereco,logradouro,"R. das Flores, 637","Rua das Flores, 637",1,abreviação expandida
endereco,logradouro,"R. das Flores, 636","Rua das Flores, 636",1,abreviação expandida
endereco,logradouro,"R. das Flores, 627","Rua das Flores, 627",1,abreviação expandida
endereco,logradouro,"R. BRASIL, 4394","Rua Brasil, 4394",1,caixa alta corrigida
endereco,logradouro,"R. BRASIL, 4384","Rua Brasil, 4384",1,caixa alta corrigida
endereco,logradouro,"R. das Flores, 749","Rua das Flores, 749",1,abreviação expandida
endereco,logradouro,"R. das Flores, 748","Rua das Flores, 748",1,abreviação expandida
endereco,logradouro,"R. das Flores, 747","Rua das Flores, 747",1,abreviação expandida
endereco,logradouro,"R. das Flores, 743","Rua das Flores, 743",1,abreviação expandida
endereco,logradouro,"R. das Flores, 74","Rua das Flores, 74",1,abreviação expandida
endereco,logradouro,"R. das Flores, 735","Rua das Flores, 735",1,abreviação expandida
endereco,logradouro,"R. das Flores, 728","Rua das Flores, 728",1,abreviação expandida
endereco,logradouro,"R. das Flores, 726","Rua das Flores, 726",1,abreviação expandida
endereco,logradouro,"R. das Flores, 719","Rua das Flores, 719",1,abreviação expandida
endereco,logradouro,"R. das Flores, 711","Rua das Flores, 711",1,abreviação expandida
endereco,logradouro,"R. das Flores, 704","Rua das Flores, 704",1,abreviação expandida
endereco,logradouro,"R. das Flores, 703","Rua das Flores, 703",1,abreviação expandida
endereco,logradouro,"R. das Flores, 691","Rua das Flores, 691",1,abreviação expandida
endereco,logradouro,"R. das Flores, 688","Rua das Flores, 688",1,abreviação expandida
endereco,logradouro,"R. das Flores, 687","Rua das Flores, 687",1,abreviação expandida
endereco,logradouro,"R. das Flores, 682","Rua das Flores, 682",1,abreviação expandida
endereco,logradouro,"R. das Flores, 79","Rua das Flores, 79",1,abreviação expandida
endereco,logradouro,"R. das Flores, 789","Rua das Flores, 789",1,abreviação expandida
endereco,logradouro,"R. das Flores, 786","Rua das Flores, 786",1,abreviação expandida
endereco,logradouro,"R. das Flores, 781","Rua das Flores, 781",1,abreviação expandida
endereco,logradouro,"R. das Flores, 774","Rua das Flores, 774",1,abreviação expandida
endereco,logradouro,"R. das Flores, 771","Rua das Flores, 771",1,abreviação expandida
endereco,logradouro,"R. das Flores, 77","Rua das Flores, 77",1,abreviação expandida
endereco,logradouro,"R. das Flores, 766","Rua das Flores, 766",1,abreviação expandida
endereco,logradouro,"R. das Flores, 765","Rua das Flores, 765",1,abreviação expandida
endereco,logradouro,"R. das Flores, 764","Rua das Flores, 764",1,abreviação expandida
endereco,logradouro,"R. das Flores, 763","Rua das Flores, 763",1,abreviação expandida
endereco,logradouro,"R. das Flores, 759","Rua das Flores, 759",1,abreviação expandida
endereco,logradouro,"R. das Flores, 758","Rua das Flores, 758",1,abreviação expandida
endereco,logradouro,"R. das Flores, 757","Rua das Flores, 757",1,abreviação expandida
endereco,logradouro,"R. das Flores, 751","Rua das Flores, 751",1,abreviação expandida
endereco,logradouro,"R. das Flores, 750","Rua das Flores, 750",1,abreviação expandida
endereco,logradouro,"R. BRASIL, 4237","Rua Brasil, 4237",1,caixa alta corrigida
endereco,logradouro,"R. BRASIL, 4231","Rua Brasil, 4231",1,caixa alta corrigida
endereco,logradouro,"R. BRASIL, 4228","Rua Brasil, 4228",1,caixa alta corrigida
endereco,logradouro,"R. BRASIL, 4207","Rua Brasil, 4207",1,caixa alta corrigida
endereco,logradouro,"R. BRASIL, 4187","Rua Brasil, 4187",1,caixa alta corrigida
endereco,logradouro,"R. BRASIL, 4178","Rua Brasil, 4178",1,caixa alta corrigida
endereco,logradouro,"R. BRASIL, 4174","Rua Brasil, 4174",1,caixa alta corrigida
endereco,logradouro,"R. BRASIL, 4173","Rua Brasil, 4173",1,caixa alta corrigida
endereco,logradouro,"R. das Flores, 821","Rua das Flores, 821",1,abreviação expandida
endereco,logradouro,"R. das Flores, 816","Rua das Flores, 816",1,abreviação expandida
endereco,logradouro,"R. das Flores, 81","Rua das Flores, 81",1,abreviação expandida
endereco,logradouro,"R. das Flores, 809","Rua das Flores, 809",1,abreviação expandida
endereco,logradouro,"R. das Flores, 804","Rua das Flores, 804",1,abreviação expandida
endereco,logradouro,"R. das Flores, 801","Rua das Flores, 801",1,abreviação expandida
endereco,logradouro,"R. das Flores, 793","Rua das Flores, 793",1,abreviação expandida
endereco,logradouro,"R. das Flores, 792","Rua das Flores, 792",1,abreviação expandida
endereco,logradouro,"R. das Flores, 859","Rua das Flores, 859",1,abreviação expandida
endereco,logradouro,"R. das Flores, 85","Rua das Flores, 85",1,abreviação expandida
endereco,logradouro,"R. das Flores, 849","Rua das Flores, 849",1,abreviação expandida
endereco,logradouro,"R. das Flores, 848","Rua das Flores, 848",1,abreviação expandida
endereco,logradouro,"R. das Flores, 846","Rua das Flores, 846",1,abreviação expandida
endereco,logradouro,"R. das Flores, 843","Rua das Flores, 843",1,abreviação expandida
endereco,logradouro,"R. das Flores, 840","Rua das Flores, 840",1,abreviação expandida
endereco,logradouro,"R. das Flores, 833","Rua das Flores, 833",1,abreviação expandida
endereco,logradouro,"R. das Flores, 830","Rua das Flores, 830",1,abreviação expandida
endereco,logradouro,"R. das Flores, 828","Rua das Flores, 828",1,abreviação expandida
endereco,logradouro,"R. das Flores, 826","Rua das Flores, 826",1,abreviação expandida
endereco,logradouro,"R. BRASIL, 427","Rua Brasil, 427",1,caixa alta corrigida
endereco,logradouro,"R. BRASIL, 4268","Rua Brasil, 4268",1,caixa alta corrigida
endereco,logradouro,"R. BRASIL, 4266","Rua Brasil, 4266",1,caixa alta corrigida
endereco,logradouro,"R. BRASIL, 4252","Rua Brasil, 4252",1,caixa alta corrigida
endereco,logradouro,"R. BRASIL, 4238","Rua Brasil, 4238",1,caixa alta corrigida
endereco,logradouro,"R. das Flores, 903","Rua das Flores, 903",1,abreviação expandida
endereco,logradouro,"R. das Flores, 902","Rua das Flores, 902",1,abreviação expandida
endereco,logradouro,"R. das Flores, 897","Rua das Flores, 897",1,abreviação expandida
endereco,logradouro,"R. das Flores, 891","Rua das Flores, 891",1,abreviação expandida
endereco,logradouro,"R. das Flores, 890","Rua das Flores, 890",1,abreviação expandida
endereco,logradouro,"R. das Flores, 89","Rua das Flores, 89",1,abreviação expandida
endereco,logradouro,"R. das Flores, 889","Rua das Flores, 889",1,abreviação expandida
endereco,logradouro,"R. das Flores, 885","Rua das Flores, 885",1,abreviação expandida
endereco,logradouro,"R. das Flores, 880","Rua das Flores, 880",1,abreviação expandida
endereco,logradouro,"R. das Flores, 879","Rua das Flores, 879",1,abreviação expandida
endereco,logradouro,"R. das Flores, 878","Rua das Flores, 878",1,abreviação expandida
endereco,logradouro,"R. das Flores, 877","Rua das Flores, 877",1,abreviação expandida
endereco,logradouro,"R. das Flores, 873","Rua das Flores, 873",1,abreviação expandida
endereco,logradouro,"R. das Flores, 87","Rua das Flores, 87",1,abreviação expandida
endereco,logradouro,"R. das Flores, 865","Rua das Flores, 865",1,abreviação expandida
endereco,logradouro,"R. das Flores, 860","Rua das Flores, 860",1,abreviação expandida
endereco,logradouro,"R. das Flores, 949","Rua das Flores, 949",1,abreviação expandida
endereco,logradouro,"R. das Flores, 947","Rua das Flores, 947",1,abreviação expandida
endereco,logradouro,"R. das Flores, 944","Rua das Flores, 944",1,abreviação expandida
endereco,logradouro,"R. das Flores, 942","Rua das Flores, 942",1,abreviação expandida
endereco,logradouro,"R. das Flores, 937","Rua das Flores, 937",1,abreviação expandida
endereco,logradouro,"R. das Flores, 930","Rua das Flores, 930",1,abreviação expandida
endereco,logradouro,"R. das Flores, 929","Rua das Flores, 929",1,abreviação expandida
endereco,logradouro,"R. das Flores, 928","Rua das Flores, 928",1,abreviação expandida
endereco,logradouro,"R. das Flores, 927","Rua das Flores, 927",1,abreviação expandida
endereco,logradouro,"R. das Flores, 926","Rua das Flores, 926",1,abreviação expandida
endereco,logradouro,"R. das Flores, 925","Rua das Flores, 925",1,abreviação expandida
endereco,logradouro,"R. das Flores, 922","Rua das Flores, 922",1,abreviação expandida
endereco,logradouro,"R. das Flores, 92","Rua das Flores, 92",1,abreviação expandida
endereco,logradouro,"R. das Flores, 917","Rua das Flores, 917",1,abreviação expandida
endereco,logradouro,"R. das Flores, 914","Rua das Flores, 914",1,abreviação expandida
endereco,logradouro,"R. das Flores, 907","Rua das Flores, 907",1,abreviação expandida
endereco,logradouro,R. do Comércio 1124,Rua do Comércio 1124,1,abreviação expandida
endereco,logradouro,"R. das Flores, 998","Rua das Flores, 998",1,abreviação expandida
endereco,logradouro,"R. das Flores, 994","Rua das Flores, 994",1,abreviação expandida
endereco,logradouro,"R. das Flores, 991","Rua das Flores, 991",1,abreviação expandida
endereco,logradouro,"R. das Flores, 990","Rua das Flores, 990",1,abreviação expandida
endereco,logradouro,"R. das Flores, 985","Rua das Flores, 985",1,abreviação expandida
endereco,logradouro,"R. das Flores, 983","Rua das Flores, 983",1,abreviação expandida
endereco,logradouro,"R. das Flores, 982","Rua das Flores, 982",1,abreviação expandida
endereco,logradouro,"R. das Flores, 976","Rua das Flores, 976",1,abreviação expandida
endereco,logradouro,"R. das Flores, 975","Rua das Flores, 975",1,abreviação expandida
endereco,logradouro,"R. das Flores, 973","Rua das Flores, 973",1,abreviação expandida
endereco,logradouro,"R. das Flores, 970","Rua das Flores, 970",1,abreviação expandida
endereco,logradouro,"R. das Flores, 969","Rua das Flores, 969",1,abreviação expandida
endereco,logradouro,"R. das Flores, 967","Rua das Flores, 967",1,abreviação expandida
endereco,logradouro,"R. das Flores, 955","Rua das Flores, 955",1,abreviação expandida
endereco,logradouro,"R. das Flores, 95","Rua das Flores, 95",1,abreviação expandida
endereco,logradouro,"ROD. ANHANGUERA, KM 3282","Rodovia Anhanguera, KM 3282",1,caixa alta corrigida
endereco,logradouro,"ROD. ANHANGUERA, KM 3184","Rodovia Anhanguera, KM 3184",1,caixa alta corrigida
endereco,logradouro,"ROD. ANHANGUERA, KM 2420","Rodovia Anhanguera, KM 2420",1,caixa alta corrigida
endereco,logradouro,"ROD. ANHANGUERA, KM 24","Rodovia Anhanguera, KM 24",1,caixa alta corrigida
endereco,logradouro,"ROD. ANHANGUERA, KM 2385","Rodovia Anhanguera, KM 2385",1,caixa alta corrigida
endereco,logradouro,"ROD. ANHANGUERA, KM 2322","Rodovia Anhanguera, KM 2322",1,caixa alta corrigida
endereco,logradouro,"ROD. ANHANGUERA, KM 1895","Rodovia Anhanguera, KM 1895",1,caixa alta corrigida
endereco,logradouro,"ROD. ANHANGUERA, KM 1669","Rodovia Anhanguera, KM 1669",1,caixa alta corrigida
endereco,logradouro,"ROD. ANHANGUERA, KM 1572","Rodovia Anhanguera, KM 1572",1,caixa alta corrigida
endereco,logradouro,"ROD. ANHANGUERA, KM 152","Rodovia Anhanguera, KM 152",1,caixa alta corrigida
endereco,logradouro,R. do Comércio 3745,Rua do Comércio 3745,1,abreviação expandida
endereco,logradouro,R. do Comércio 3663,Rua do Comércio 3663,1,abreviação expandida
endereco,logradouro,R. do Comércio 3063,Rua do Comércio 3063,1,abreviação expandida
endereco,logradouro,R. do Comércio 274,Rua do Comércio 274,1,abreviação expandida
endereco,logradouro,R. do Comércio 2616,Rua do Comércio 2616,1,abreviação expandida
endereco,logradouro,R. do Comércio 2161,Rua do Comércio 2161,1,abreviação expandida
endereco,logradouro,"Rod. Anhanguera, km 2445","Rodovia Anhanguera, KM 2445",1,abreviação expandida
endereco,logradouro,"Rod. Anhanguera, km 2070","Rodovia Anhanguera, KM 2070",1,abreviação expandida
endereco,logradouro,"Rod. Anhanguera, km 1955","Rodovia Anhanguera, KM 1955",1,abreviação expandida
endereco,logradouro,"Rod. Anhanguera, km 1929","Rodovia Anhanguera, KM 1929",1,abreviação expandida
endereco,logradouro,"Rod. Anhanguera, km 1748","Rodovia Anhanguera, KM 1748",1,abreviação expandida
endereco,logradouro,"Rod. Anhanguera, km 1221","Rodovia Anhanguera, KM 1221",1,abreviação expandida
endereco,logradouro,"Rod. Anhanguera, km 1064","Rodovia Anhanguera, KM 1064",1,abreviação expandida
endereco,logradouro,"ROD. ANHANGUERA, KM 695","Rodovia Anhanguera, KM 695",1,caixa alta corrigida
endereco,logradouro,"ROD. ANHANGUERA, KM 628","Rodovia Anhanguera, KM 628",1,caixa alta corrigida
endereco,logradouro,"ROD. ANHANGUERA, KM 4788","Rodovia Anhanguera, KM 4788",1,caixa alta corrigida
endereco,logradouro,"ROD. ANHANGUERA, KM 4192","Rodovia Anhanguera, KM 4192",1,caixa alta corrigida
endereco,logradouro,"ROD. ANHANGUERA, KM 4142","Rodovia Anhanguera, KM 4142",1,caixa alta corrigida
endereco,logradouro,"ROD. ANHANGUERA, KM 3962","Rodovia Anhanguera, KM 3962",1,caixa alta corrigida
endereco,logradouro,"ROD. ANHANGUERA, KM 3747","Rodovia Anhanguera, KM 3747",1,caixa alta corrigida
endereco,logradouro,"ROD. ANHANGUERA, KM 3461","Rodovia Anhanguera, KM 3461",1,caixa alta corrigida
endereco,logradouro,"ROD. ANHANGUERA, KM 3301","Rodovia Anhanguera, KM 3301",1,caixa alta corrigida
endereco,logradouro,"Rua XV de Novembro, 1015","Rua Xv de Novembro, 1015",1,caixa corrigida
endereco,logradouro,"Rua XV de Novembro, 1012","Rua Xv de Novembro, 1012",1,caixa corrigida
endereco,logradouro,"Rua XV de Novembro, 1010","Rua Xv de Novembro, 1010",1,caixa corrigida
endereco,logradouro,"Rua XV de Novembro, 1005","Rua Xv de Novembro, 1005",1,caixa corrigida
endereco,logradouro,"Rua XV de Novembro, 1001","Rua Xv de Novembro, 1001",1,caixa corrigida
endereco,logradouro,"Rua XV de Novembro, 100","Rua Xv de Novembro, 100",1,caixa corrigida
endereco,logradouro,"Rod. Anhanguera, km 4659","Rodovia Anhanguera, KM 4659",1,abreviação expandida
endereco,logradouro,"Rod. Anhanguera, km 4616","Rodovia Anhanguera, KM 4616",1,abreviação expandida
endereco,logradouro,"Rod. Anhanguera, km 4152","Rodovia Anhanguera, KM 4152",1,abreviação expandida
endereco,logradouro,"Rod. Anhanguera, km 4018","Rodovia Anhanguera, KM 4018",1,abreviação expandida
endereco,logradouro,"Rod. Anhanguera, km 3956","Rodovia Anhanguera, KM 3956",1,abreviação expandida
endereco,logradouro,"Rod. Anhanguera, km 3145","Rodovia Anhanguera, KM 3145",1,abreviação expandida
endereco,logradouro,"Rod. Anhanguera, km 2739","Rodovia Anhanguera, KM 2739",1,abreviação expandida
endereco,logradouro,"Rod. Anhanguera, km 2738","Rodovia Anhanguera, KM 2738",1,abreviação expandida
endereco,logradouro,"Rod. Anhanguera, km 2664","Rodovia Anhanguera, KM 2664",1,abreviação expandida
endereco,logradouro,"Rod. Anhanguera, km 2569","Rodovia Anhanguera, KM 2569",1,abreviação expandida
endereco,logradouro,"Rua XV de Novembro, 1079","Rua Xv de Novembro, 1079",1,caixa corrigida
endereco,logradouro,"Rua XV de Novembro, 1076","Rua Xv de Novembro, 1076",1,caixa corrigida
endereco,logradouro,"Rua XV de Novembro, 1069","Rua Xv de Novembro, 1069",1,caixa corrigida
endereco,logradouro,"Rua XV de Novembro, 1068","Rua Xv de Novembro, 1068",1,caixa corrigida
endereco,logradouro,"Rua XV de Novembro, 1065","Rua Xv de Novembro, 1065",1,caixa corrigida
endereco,logradouro,"Rua XV de Novembro, 1059","Rua Xv de Novembro, 1059",1,caixa corrigida
endereco,logradouro,"Rua XV de Novembro, 1051","Rua Xv de Novembro, 1051",1,caixa corrigida
endereco,logradouro,"Rua XV de Novembro, 1049","Rua Xv de Novembro, 1049",1,caixa corrigida
endereco,logradouro,"Rua XV de Novembro, 1048","Rua Xv de Novembro, 1048",1,caixa corrigida
endereco,logradouro,"Rua XV de Novembro, 1046","Rua Xv de Novembro, 1046",1,caixa corrigida
endereco,logradouro,"Rua XV de Novembro, 1041","Rua Xv de Novembro, 1041",1,caixa corrigida
endereco,logradouro,"Rua XV de Novembro, 1031","Rua Xv de Novembro, 1031",1,caixa corrigida
endereco,logradouro,"Rua XV de Novembro, 103","Rua Xv de Novembro, 103",1,caixa corrigida
endereco,logradouro,"Rua XV de Novembro, 1025","Rua Xv de Novembro, 1025",1,caixa corrigida
endereco,logradouro,"Rua XV de Novembro, 1020","Rua Xv de Novembro, 1020",1,caixa corrigida
endereco,logradouro,"Rua XV de Novembro, 1017","Rua Xv de Novembro, 1017",1,caixa corrigida
endereco,logradouro,"R. BRASIL, 4112","Rua Brasil, 4112",1,caixa alta corrigida
endereco,logradouro,"R. BRASIL, 4096","Rua Brasil, 4096",1,caixa alta corrigida
endereco,logradouro,"R. BRASIL, 4095","Rua Brasil, 4095",1,caixa alta corrigida
endereco,logradouro,"R. BRASIL, 4076","Rua Brasil, 4076",1,caixa alta corrigida
endereco,logradouro,"R. BRASIL, 4056","Rua Brasil, 4056",1,caixa alta corrigida
endereco,logradouro,"R. BRASIL, 4051","Rua Brasil, 4051",1,caixa alta corrigida
endereco,logradouro,"R. BRASIL, 4045","Rua Brasil, 4045",1,caixa alta corrigida
endereco,logradouro,"R. BRASIL, 4042","Rua Brasil, 4042",1,caixa alta corrigida
endereco,logradouro,"R. BRASIL, 4021","Rua Brasil, 4021",1,caixa alta corrigida
endereco,logradouro,"R. BRASIL, 3992","Rua Brasil, 3992",1,caixa alta corrigida
endereco,logradouro,"R. BRASIL, 3988","Rua Brasil, 3988",1,caixa alta corrigida
endereco,logradouro,"R. BRASIL, 3987","Rua Brasil, 3987",1,caixa alta corrigida
endereco,logradouro,"R. BRASIL, 3979","Rua Brasil, 3979",1,caixa alta corrigida
endereco,logradouro,"Rua XV de Novembro, 1088","Rua Xv de Novembro, 1088",1,caixa corrigida
endereco,logradouro,"Rua XV de Novembro, 1082","Rua Xv de Novembro, 1082",1,caixa corrigida
endereco,logradouro,"Rua XV de Novembro, 1080","Rua Xv de Novembro, 1080",1,caixa corrigida
endereco,logradouro,"Rua XV de Novembro, 1133","Rua Xv de Novembro, 1133",1,caixa corrigida
endereco,logradouro,"Rua XV de Novembro, 1131","Rua Xv de Novembro, 1131",1,caixa corrigida
endereco,logradouro,"Rua XV de Novembro, 1129","Rua Xv de Novembro, 1129",1,caixa corrigida
endereco,logradouro,"Rua XV de Novembro, 1123","Rua Xv de Novembro, 1123",1,caixa corrigida
endereco,logradouro,"Rua XV de Novembro, 1119","Rua Xv de Novembro, 1119",1,caixa corrigida
endereco,logradouro,"Rua XV de Novembro, 1117","Rua Xv de Novembro, 1117",1,caixa corrigida
endereco,logradouro,"Rua XV de Novembro, 1111","Rua Xv de Novembro, 1111",1,caixa corrigida
endereco,logradouro,"Rua XV de Novembro, 111","Rua Xv de Novembro, 111",1,caixa corrigida
endereco,logradouro,"Rua XV de Novembro, 1101","Rua Xv de Novembro, 1101",1,caixa corrigida
endereco,logradouro,"Rua XV de Novembro, 110","Rua Xv de Novembro, 110",1,caixa corrigida
endereco,logradouro,"Rua XV de Novembro, 11","Rua Xv de Novembro, 11",1,caixa corrigida
endereco,logradouro,"Rua XV de Novembro, 1097","Rua Xv de Novembro, 1097",1,caixa corrigida
endereco,logradouro,"Rua XV de Novembro, 1094","Rua Xv de Novembro, 1094",1,caixa corrigida
endereco,logradouro,"Rua XV de Novembro, 1093","Rua Xv de Novembro, 1093",1,caixa corrigida
endereco,logradouro,"R. BRASIL, 414","Rua Brasil, 414",1,caixa alta corrigida
endereco,logradouro,"R. BRASIL, 4118","Rua Brasil, 4118",1,caixa alta corrigida
endereco,logradouro,"Rua XV de Novembro, 1183","Rua Xv de Novembro, 1183",1,caixa corrigida
endereco,logradouro,"Rua XV de Novembro, 1179","Rua Xv de Novembro, 1179",1,caixa corrigida
endereco,logradouro,"Rua XV de Novembro, 1178","Rua Xv de Novembro, 1178",1,caixa corrigida
endereco,logradouro,"Rua XV de Novembro, 1176","Rua Xv de Novembro, 1176",1,caixa corrigida
endereco,logradouro,"Rua XV de Novembro, 1173","Rua Xv de Novembro, 1173",1,caixa corrigida
endereco,logradouro,"Rua XV de Novembro, 1170","Rua Xv de Novembro, 1170",1,caixa corrigida
endereco,logradouro,"Rua XV de Novembro, 1168","Rua Xv de Novembro, 1168",1,caixa corrigida
endereco,logradouro,"Rua XV de Novembro, 1164","Rua Xv de Novembro, 1164",1,caixa corrigida
endereco,logradouro,"Rua XV de Novembro, 1161","Rua Xv de Novembro, 1161",1,caixa corrigida
endereco,logradouro,"Rua XV de Novembro, 116","Rua Xv de Novembro, 116",1,caixa corrigida
endereco,logradouro,"Rua XV de Novembro, 1157","Rua Xv de Novembro, 1157",1,caixa corrigida
endereco,logradouro,"Rua XV de Novembro, 1153","Rua Xv de Novembro, 1153",1,caixa corrigida
endereco,logradouro,"Rua XV de Novembro, 1148","Rua Xv de Novembro, 1148",1,caixa corrigida
endereco,logradouro,"Rua XV de Novembro, 1146","Rua Xv de Novembro, 1146",1,caixa corrigida
endereco,logradouro,"Rua XV de Novembro, 1144","Rua Xv de Novembro, 1144",1,caixa corrigida
endereco,logradouro,"Rua XV de Novembro, 114","Rua Xv de Novembro, 114",1,caixa corrigida
endereco,logradouro,"Rua XV de Novembro, 1235","Rua Xv de Novembro, 1235",1,caixa corrigida
endereco,logradouro,"Rua XV de Novembro, 1234","Rua Xv de Novembro, 1234",1,caixa corrigida
endereco,logradouro,"Rua XV de Novembro, 1228","Rua Xv de Novembro, 1228",1,caixa corrigida
endereco,logradouro,"Rua XV de Novembro, 1226","Rua Xv de Novembro, 1226",1,caixa corrigida
endereco,logradouro,"Rua XV de Novembro, 1225","Rua Xv de Novembro, 1225",1,caixa corrigida
endereco,logradouro,"Rua XV de Novembro, 1215","Rua Xv de Novembro, 1215",1,caixa corrigida
endereco,logradouro,"Rua XV de Novembro, 1206","Rua Xv de Novembro, 1206",1,caixa corrigida
endereco,logradouro,"Rua XV de Novembro, 1204","Rua Xv de Novembro, 1204",1,caixa corrigida
endereco,logradouro,"Rua XV de Novembro, 12","Rua Xv de Novembro, 12",1,caixa corrigida
endereco,logradouro,"Rua XV de Novembro, 1198","Rua Xv de Novembro, 1198",1,caixa corrigida
endereco,logradouro,"Rua XV de Novembro, 1197","Rua Xv de Novembro, 1197",1,caixa corrigida
endereco,logradouro,"Rua XV de Novembro, 1192","Rua Xv de Novembro, 1192",1,caixa corrigida
endereco,logradouro,"Rua XV de Novembro, 1191","Rua Xv de Novembro, 1191",1,caixa corrigida
endereco,logradouro,"Rua XV de Novembro, 1190","Rua Xv de Novembro, 1190",1,caixa corrigida
endereco,logradouro,"Rua XV de Novembro, 119","Rua Xv de Novembro, 119",1,caixa corrigida
endereco,logradouro,"Rua XV de Novembro, 1185","Rua Xv de Novembro, 1185",1,caixa corrigida
endereco,logradouro,"Rua XV de Novembro, 1290","Rua Xv de Novembro, 1290",1,caixa corrigida
endereco,logradouro,"Rua XV de Novembro, 1287","Rua Xv de Novembro, 1287",1,caixa corrigida
endereco,logradouro,"Rua XV de Novembro, 1286","Rua Xv de Novembro, 1286",1,caixa corrigida
endereco,logradouro,"Rua XV de Novembro, 1284","Rua Xv de Novembro, 1284",1,caixa corrigida
endereco,logradouro,"Rua XV de Novembro, 1280","Rua Xv de Novembro, 1280",1,caixa corrigida
endereco,logradouro,"Rua XV de Novembro, 1275","Rua Xv de Novembro, 1275",1,caixa corrigida
endereco,logradouro,"Rua XV de Novembro, 1267","Rua Xv de Novembro, 1267",1,caixa corrigida
endereco,logradouro,"Rua XV de Novembro, 1257","Rua Xv de Novembro, 1257",1,caixa corrigida
endereco,logradouro,"Rua XV de Novembro, 1253","Rua Xv de Novembro, 1253",1,caixa corrigida
endereco,logradouro,"Rua XV de Novembro, 125","Rua Xv de Novembro, 125",1,caixa corrigida
endereco,logradouro,"Rua XV de Novembro, 1249","Rua Xv de Novembro, 1249",1,caixa corrigida
endereco,logradouro,"Rua XV de Novembro, 1247","Rua Xv de Novembro, 1247",1,caixa corrigida
endereco,logradouro,"Rua XV de Novembro, 1246","Rua Xv de Novembro, 1246",1,caixa corrigida
endereco,logradouro,"Rua XV de Novembro, 1243","Rua Xv de Novembro, 1243",1,caixa corrigida
endereco,logradouro,"Rua XV de Novembro, 1239","Rua Xv de Novembro, 1239",1,caixa corrigida
endereco,logradouro,"Rua XV de Novembro, 1238","Rua Xv de Novembro, 1238",1,caixa corrigida
endereco,logradouro,"R. BRASIL, 3953","Rua Brasil, 3953",1,caixa alta corrigida
endereco,logradouro,"R. BRASIL, 3952","Rua Brasil, 3952",1,caixa alta corrigida
endereco,logradouro,"R. BRASIL, 3951","Rua Brasil, 3951",1,caixa alta corrigida
endereco,logradouro,"R. BRASIL, 3937","Rua Brasil, 3937",1,caixa alta corrigida
endereco,logradouro,"R. BRASIL, 3920","Rua Brasil, 3920",1,caixa alta corrigida
endereco,logradouro,"R. BRASIL, 3919","Rua Brasil, 3919",1,caixa alta corrigida
endereco,logradouro,"R. BRASIL, 3895","Rua Brasil, 3895",1,caixa alta corrigida
endereco,logradouro,"R. BRASIL, 3883","Rua Brasil, 3883",1,caixa alta corrigida
endereco,logradouro,"R. BRASIL, 3881","Rua Brasil, 3881",1,caixa alta corrigida
endereco,logradouro,"R. BRASIL, 3875","Rua Brasil, 3875",1,caixa alta corrigida
endereco,logradouro,"R. BRASIL, 3868","Rua Brasil, 3868",1,caixa alta corrigida
endereco,logradouro,"R. BRASIL, 3862","Rua Brasil, 3862",1,caixa alta corrigida
endereco,logradouro,"R. BRASIL, 386","Rua Brasil, 386",1,caixa alta corrigida
endereco,logradouro,"R. BRASIL, 3848","Rua Brasil, 3848",1,caixa alta corrigida
endereco,logradouro,"R. BRASIL, 3792","Rua Brasil, 3792",1,caixa alta corrigida
endereco,logradouro,"Rua XV de Novembro, 1291","Rua Xv de Novembro, 1291",1,caixa corrigida
endereco,logradouro,"Rua XV de Novembro, 1352","Rua Xv de Novembro, 1352",1,caixa corrigida
endereco,logradouro,"Rua XV de Novembro, 1351","Rua Xv de Novembro, 1351",1,caixa corrigida
endereco,logradouro,"Rua XV de Novembro, 1343","Rua Xv de Novembro, 1343",1,caixa corrigida
endereco,logradouro,"Rua XV de Novembro, 134","Rua Xv de Novembro, 134",1,caixa corrigida
endereco,logradouro,"Rua XV de Novembro, 1337","Rua Xv de Novembro, 1337",1,caixa corrigida
endereco,logradouro,"Rua XV de Novembro, 1336","Rua Xv de Novembro, 1336",1,caixa corrigida
endereco,logradouro,"Rua XV de Novembro, 1333","Rua Xv de Novembro, 1333",1,caixa corrigida
endereco,logradouro,"Rua XV de Novembro, 1326","Rua Xv de Novembro, 1326",1,caixa corrigida
endereco,logradouro,"Rua XV de Novembro, 1325","Rua Xv de Novembro, 1325",1,caixa corrigida
endereco,logradouro,"Rua XV de Novembro, 1319","Rua Xv de Novembro, 1319",1,caixa corrigida
endereco,logradouro,"Rua XV de Novembro, 1312","Rua Xv de Novembro, 1312",1,caixa corrigida
endereco,logradouro,"Rua XV de Novembro, 1309","Rua Xv de Novembro, 1309",1,caixa corrigida
endereco,logradouro,"Rua XV de Novembro, 1308","Rua Xv de Novembro, 1308",1,caixa corrigida
endereco,logradouro,"Rua XV de Novembro, 1299","Rua Xv de Novembro, 1299",1,caixa corrigida
endereco,logradouro,"Rua XV de Novembro, 1295","Rua Xv de Novembro, 1295",1,caixa corrigida
endereco,logradouro,"R. BRASIL, 3960","Rua Brasil, 3960",1,caixa alta corrigida
endereco,logradouro,"Rua XV de Novembro, 1397","Rua Xv de Novembro, 1397",1,caixa corrigida
endereco,logradouro,"Rua XV de Novembro, 1395","Rua Xv de Novembro, 1395",1,caixa corrigida
endereco,logradouro,"Rua XV de Novembro, 1394","Rua Xv de Novembro, 1394",1,caixa corrigida
endereco,logradouro,"Rua XV de Novembro, 1393","Rua Xv de Novembro, 1393",1,caixa corrigida
endereco,logradouro,"Rua XV de Novembro, 1391","Rua Xv de Novembro, 1391",1,caixa corrigida
endereco,logradouro,"Rua XV de Novembro, 1387","Rua Xv de Novembro, 1387",1,caixa corrigida
endereco,logradouro,"Rua XV de Novembro, 1383","Rua Xv de Novembro, 1383",1,caixa corrigida
endereco,logradouro,"Rua XV de Novembro, 1382","Rua Xv de Novembro, 1382",1,caixa corrigida
endereco,logradouro,"Rua XV de Novembro, 1377","Rua Xv de Novembro, 1377",1,caixa corrigida
endereco,logradouro,"Rua XV de Novembro, 1367","Rua Xv de Novembro, 1367",1,caixa corrigida
endereco,logradouro,"Rua XV de Novembro, 1366","Rua Xv de Novembro, 1366",1,caixa corrigida
endereco,logradouro,"Rua XV de Novembro, 1365","Rua Xv de Novembro, 1365",1,caixa corrigida
endereco,logradouro,"Rua XV de Novembro, 1363","Rua Xv de Novembro, 1363",1,caixa corrigida
endereco,logradouro,"Rua XV de Novembro, 1360","Rua Xv de Novembro, 1360",1,caixa corrigida
endereco,logradouro,"Rua XV de Novembro, 136","Rua Xv de Novembro, 136",1,caixa corrigida
endereco,logradouro,"Rua XV de Novembro, 1353","Rua Xv de Novembro, 1353",1,caixa corrigida
endereco,logradouro,"Rua XV de Novembro, 1464","Rua Xv de Novembro, 1464",1,caixa corrigida
endereco,logradouro,"Rua XV de Novembro, 1458","Rua Xv de Novembro, 1458",1,caixa corrigida
endereco,logradouro,"Rua XV de Novembro, 1456","Rua Xv de Novembro, 1456",1,caixa corrigida
endereco,logradouro,"Rua XV de Novembro, 1450","Rua Xv de Novembro, 1450",1,caixa corrigida
endereco,logradouro,"Rua XV de Novembro, 1447","Rua Xv de Novembro, 1447",1,caixa corrigida
endereco,logradouro,"Rua XV de Novembro, 1435","Rua Xv de Novembro, 1435",1,caixa corrigida
endereco,logradouro,"Rua XV de Novembro, 143","Rua Xv de Novembro, 143",1,caixa corrigida
endereco,logradouro,"Rua XV de Novembro, 1427","Rua Xv de Novembro, 1427",1,caixa corrigida
endereco,logradouro,"Rua XV de Novembro, 1424","Rua Xv de Novembro, 1424",1,caixa corrigida
endereco,logradouro,"Rua XV de Novembro, 1422","Rua Xv de Novembro, 1422",1,caixa corrigida
endereco,logradouro,"Rua XV de Novembro, 1418","Rua Xv de Novembro, 1418",1,caixa corrigida
endereco,logradouro,"Rua XV de Novembro, 1405","Rua Xv de Novembro, 1405",1,caixa corrigida
endereco,logradouro,"Rua XV de Novembro, 1402","Rua Xv de Novembro, 1402",1,caixa corrigida
endereco,logradouro,"Rua XV de Novembro, 140","Rua Xv de Novembro, 140",1,caixa corrigida
endereco,logradouro,"Rua XV de Novembro, 1399","Rua Xv de Novembro, 1399",1,caixa corrigida
endereco,logradouro,"Rua XV de Novembro, 1398","Rua Xv de Novembro, 1398",1,caixa corrigida
endereco,logradouro,"Rua XV de Novembro, 1507","Rua Xv de Novembro, 1507",1,caixa corrigida
endereco,logradouro,"Rua XV de Novembro, 1504","Rua Xv de Novembro, 1504",1,caixa corrigida
endereco,logradouro,"Rua XV de Novembro, 1502","Rua Xv de Novembro, 1502",1,caixa corrigida
endereco,logradouro,"Rua XV de Novembro, 1501","Rua Xv de Novembro, 1501",1,caixa corrigida
endereco,logradouro,"Rua XV de Novembro, 1500","Rua Xv de Novembro, 1500",1,caixa corrigida
endereco,logradouro,"Rua XV de Novembro, 150","Rua Xv de Novembro, 150",1,caixa corrigida
endereco,logradouro,"Rua XV de Novembro, 15","Rua Xv de Novembro, 15",1,caixa corrigida
endereco,logradouro,"Rua XV de Novembro, 1496","Rua Xv de Novembro, 1496",1,caixa corrigida
endereco,logradouro,"Rua XV de Novembro, 1495","Rua Xv de Novembro, 1495",1,caixa corrigida
endereco,logradouro,"Rua XV de Novembro, 1490","Rua Xv de Novembro, 1490",1,caixa corrigida
endereco,logradouro,"Rua XV de Novembro, 1486","Rua Xv de Novembro, 1486",1,caixa corrigida
endereco,logradouro,"Rua XV de Novembro, 1485","Rua Xv de Novembro, 1485",1,caixa corrigida
endereco,logradouro,"Rua XV de Novembro, 1480","Rua Xv de Novembro, 1480",1,caixa corrigida
endereco,logradouro,"Rua XV de Novembro, 1477","Rua Xv de Novembro, 1477",1,caixa corrigida
endereco,logradouro,"Rua XV de Novembro, 147","Rua Xv de Novembro, 147",1,caixa corrigida
endereco,logradouro,"Rua XV de Novembro, 1466","Rua Xv de Novembro, 1466",1,caixa corrigida
endereco,logradouro,"R. BRASIL, 3744","Rua Brasil, 3744",1,caixa alta corrigida
endereco,logradouro,"R. BRASIL, 3728","Rua Brasil, 3728",1,caixa alta corrigida
endereco,logradouro,"R. BRASIL, 3707","Rua Brasil, 3707",1,caixa alta corrigida
endereco,logradouro,"R. BRASIL, 3694","Rua Brasil, 3694",1,caixa alta corrigida
endereco,logradouro,"R. BRASIL, 3664","Rua Brasil, 3664",1,caixa alta corrigida
endereco,logradouro,"R. BRASIL, 3661","Rua Brasil, 3661",1,caixa alta corrigida
endereco,logradouro,"R. BRASIL, 3652","Rua Brasil, 3652",1,caixa alta corrigida
endereco,logradouro,"R. BRASIL, 3638","Rua Brasil, 3638",1,caixa alta corrigida
endereco,logradouro,"R. BRASIL, 3635","Rua Brasil, 3635",1,caixa alta corrigida
endereco,logradouro,"R. BRASIL, 3611","Rua Brasil, 3611",1,caixa alta corrigida
endereco,logradouro,"R. BRASIL, 3610","Rua Brasil, 3610",1,caixa alta corrigida
endereco,logradouro,"R. BRASIL, 361","Rua Brasil, 361",1,caixa alta corrigida
endereco,logradouro,"R. BRASIL, 359","Rua Brasil, 359",1,caixa alta corrigida
endereco,logradouro,"R. BRASIL, 358","Rua Brasil, 358",1,caixa alta corrigida
endereco,logradouro,"Rua XV de Novembro, 1509","Rua Xv de Novembro, 1509",1,caixa corrigida
endereco,logradouro,"Rua XV de Novembro, 1508","Rua Xv de Novembro, 1508",1,caixa corrigida
endereco,logradouro,"Rua XV de Novembro, 1536","Rua Xv de Novembro, 1536",1,caixa corrigida
endereco,logradouro,"Rua XV de Novembro, 1535","Rua Xv de Novembro, 1535",1,caixa corrigida
endereco,logradouro,"Rua XV de Novembro, 1534","Rua Xv de Novembro, 1534",1,caixa corrigida
endereco,logradouro,"Rua XV de Novembro, 1533","Rua Xv de Novembro, 1533",1,caixa corrigida
endereco,logradouro,"Rua XV de Novembro, 153","Rua Xv de Novembro, 153",1,caixa corrigida
endereco,logradouro,"Rua XV de Novembro, 1525","Rua Xv de Novembro, 1525",1,caixa corrigida
endereco,logradouro,"Rua XV de Novembro, 1524","Rua Xv de Novembro, 1524",1,caixa corrigida
endereco,logradouro,"Rua XV de Novembro, 1521","Rua Xv de Novembro, 1521",1,caixa corrigida
endereco,logradouro,"Rua XV de Novembro, 152","Rua Xv de Novembro, 152",1,caixa corrigida
endereco,logradouro,"Rua XV de Novembro, 1517","Rua Xv de Novembro, 1517",1,caixa corrigida
endereco,logradouro,"Rua XV de Novembro, 1516","Rua Xv de Novembro, 1516",1,caixa corrigida
endereco,logradouro,"Rua XV de Novembro, 1512","Rua Xv de Novembro, 1512",1,caixa corrigida
endereco,logradouro,"Rua XV de Novembro, 1511","Rua Xv de Novembro, 1511",1,caixa corrigida
endereco,logradouro,"Rua XV de Novembro, 1510","Rua Xv de Novembro, 1510",1,caixa corrigida
endereco,logradouro,"R. BRASIL, 377","Rua Brasil, 377",1,caixa alta corrigida
endereco,logradouro,"R. BRASIL, 3758","Rua Brasil, 3758",1,caixa alta corrigida
endereco,logradouro,"Rua XV de Novembro, 1589","Rua Xv de Novembro, 1589",1,caixa corrigida
endereco,logradouro,"Rua XV de Novembro, 1588","Rua Xv de Novembro, 1588",1,caixa corrigida
endereco,logradouro,"Rua XV de Novembro, 1583","Rua Xv de Novembro, 1583",1,caixa corrigida
endereco,logradouro,"Rua XV de Novembro, 1579","Rua Xv de Novembro, 1579",1,caixa corrigida
endereco,logradouro,"Rua XV de Novembro, 1575","Rua Xv de Novembro, 1575",1,caixa corrigida
endereco,logradouro,"Rua XV de Novembro, 1573","Rua Xv de Novembro, 1573",1,caixa corrigida
endereco,logradouro,"Rua XV de Novembro, 1571","Rua Xv de Novembro, 1571",1,caixa corrigida
endereco,logradouro,"Rua XV de Novembro, 1563","Rua Xv de Novembro, 1563",1,caixa corrigida
endereco,logradouro,"Rua XV de Novembro, 1560","Rua Xv de Novembro, 1560",1,caixa corrigida
endereco,logradouro,"Rua XV de Novembro, 1558","Rua Xv de Novembro, 1558",1,caixa corrigida
endereco,logradouro,"Rua XV de Novembro, 1555","Rua Xv de Novembro, 1555",1,caixa corrigida
endereco,logradouro,"Rua XV de Novembro, 1554","Rua Xv de Novembro, 1554",1,caixa corrigida
endereco,logradouro,"Rua XV de Novembro, 1553","Rua Xv de Novembro, 1553",1,caixa corrigida
endereco,logradouro,"Rua XV de Novembro, 1542","Rua Xv de Novembro, 1542",1,caixa corrigida
endereco,logradouro,"Rua XV de Novembro, 1541","Rua Xv de Novembro, 1541",1,caixa corrigida
endereco,logradouro,"Rua XV de Novembro, 1539","Rua Xv de Novembro, 1539",1,caixa corrigida
endereco,logradouro,"R. BRASIL, 3531","Rua Brasil, 3531",1,caixa alta corrigida
endereco,logradouro,"R. BRASIL, 3524","Rua Brasil, 3524",1,caixa alta corrigida
endereco,logradouro,"R. BRASIL, 3522","Rua Brasil, 3522",1,caixa alta corrigida
endereco,logradouro,"R. BRASIL, 3520","Rua Brasil, 3520",1,caixa alta corrigida
endereco,logradouro,"R. BRASIL, 3512","Rua Brasil, 3512",1,caixa alta corrigida
endereco,logradouro,"R. BRASIL, 3509","Rua Brasil, 3509",1,caixa alta corrigida
endereco,logradouro,"R. BRASIL, 3506","Rua Brasil, 3506",1,caixa alta corrigida
endereco,logradouro,"R. BRASIL, 3503","Rua Brasil, 3503",1,caixa alta corrigida
endereco,logradouro,"R. BRASIL, 3497","Rua Brasil, 3497",1,caixa alta corrigida
endereco,logradouro,"R. BRASIL, 3473","Rua Brasil, 3473",1,caixa alta corrigida
endereco,logradouro,"R. BRASIL, 3458","Rua Brasil, 3458",1,caixa alta corrigida
endereco,logradouro,"Rua XV de Novembro, 16","Rua Xv de Novembro, 16",1,caixa corrigida
endereco,logradouro,"Rua XV de Novembro, 1593","Rua Xv de Novembro, 1593",1,caixa corrigida
endereco,logradouro,"Rua XV de Novembro, 1591","Rua Xv de Novembro, 1591",1,caixa corrigida
endereco,logradouro,"Rua XV de Novembro, 1590","Rua Xv de Novembro, 1590",1,caixa corrigida
endereco,logradouro,"Rua XV de Novembro, 159","Rua Xv de Novembro, 159",1,caixa corrigida
endereco,logradouro,"Rua XV de Novembro, 1623","Rua Xv de Novembro, 1623",1,caixa corrigida
endereco,logradouro,"Rua XV de Novembro, 1622","Rua Xv de Novembro, 1622",1,caixa corrigida
endereco,logradouro,"Rua XV de Novembro, 1620","Rua Xv de Novembro, 1620",1,caixa corrigida
endereco,logradouro,"Rua XV de Novembro, 162","Rua Xv de Novembro, 162",1,caixa corrigida
endereco,logradouro,"Rua XV de Novembro, 1613","Rua Xv de Novembro, 1613",1,caixa corrigida
endereco,logradouro,"Rua XV de Novembro, 1612","Rua Xv de Novembro, 1612",1,caixa corrigida
endereco,logradouro,"Rua XV de Novembro, 1609","Rua Xv de Novembro, 1609",1,caixa corrigida
endereco,logradouro,"Rua XV de Novembro, 1608","Rua Xv de Novembro, 1608",1,caixa corrigida
endereco,logradouro,"Rua XV de Novembro, 1605","Rua Xv de Novembro, 1605",1,caixa corrigida
endereco,logradouro,"Rua XV de Novembro, 1603","Rua Xv de Novembro, 1603",1,caixa corrigida
endereco,logradouro,"Rua XV de Novembro, 1600","Rua Xv de Novembro, 1600",1,caixa corrigida
endereco,logradouro,"R. BRASIL, 3577","Rua Brasil, 3577",1,caixa alta corrigida
endereco,logradouro,"R. BRASIL, 3567","Rua Brasil, 3567",1,caixa alta corrigida
endereco,logradouro,"R. BRASIL, 3562","Rua Brasil, 3562",1,caixa alta corrigida
endereco,logradouro,"R. BRASIL, 3557","Rua Brasil, 3557",1,caixa alta corrigida
endereco,logradouro,"R. BRASIL, 3555","Rua Brasil, 3555",1,caixa alta corrigida
endereco,logradouro,"Rua XV de Novembro, 1691","Rua Xv de Novembro, 1691",1,caixa corrigida
endereco,logradouro,"Rua XV de Novembro, 1690","Rua Xv de Novembro, 1690",1,caixa corrigida
endereco,logradouro,"Rua XV de Novembro, 1688","Rua Xv de Novembro, 1688",1,caixa corrigida
endereco,logradouro,"Rua XV de Novembro, 1683","Rua Xv de Novembro, 1683",1,caixa corrigida
endereco,logradouro,"Rua XV de Novembro, 1682","Rua Xv de Novembro, 1682",1,caixa corrigida
endereco,logradouro,"Rua XV de Novembro, 168","Rua Xv de Novembro, 168",1,caixa corrigida
endereco,logradouro,"Rua XV de Novembro, 1672","Rua Xv de Novembro, 1672",1,caixa corrigida
endereco,logradouro,"Rua XV de Novembro, 1671","Rua Xv de Novembro, 1671",1,caixa corrigida
endereco,logradouro,"Rua XV de Novembro, 1659","Rua Xv de Novembro, 1659",1,caixa corrigida
endereco,logradouro,"Rua XV de Novembro, 165","Rua Xv de Novembro, 165",1,caixa corrigida
endereco,logradouro,"Rua XV de Novembro, 1640","Rua Xv de Novembro, 1640",1,caixa corrigida
endereco,logradouro,"Rua XV de Novembro, 1636","Rua Xv de Novembro, 1636",1,caixa corrigida
endereco,logradouro,"Rua XV de Novembro, 1633","Rua Xv de Novembro, 1633",1,caixa corrigida
endereco,logradouro,"Rua XV de Novembro, 1630","Rua Xv de Novembro, 1630",1,caixa corrigida
endereco,logradouro,"Rua XV de Novembro, 163","Rua Xv de Novembro, 163",1,caixa corrigida
endereco,logradouro,"Rua XV de Novembro, 1629","Rua Xv de Novembro, 1629",1,caixa corrigida
endereco,logradouro,"Rua XV de Novembro, 1731","Rua Xv de Novembro, 1731",1,caixa corrigida
endereco,logradouro,"Rua XV de Novembro, 1730","Rua Xv de Novembro, 1730",1,caixa corrigida
endereco,logradouro,"Rua XV de Novembro, 173","Rua Xv de Novembro, 173",1,caixa corrigida
endereco,logradouro,"Rua XV de Novembro, 1728","Rua Xv de Novembro, 1728",1,caixa corrigida
endereco,logradouro,"Rua XV de Novembro, 1727","Rua Xv de Novembro, 1727",1,caixa corrigida
endereco,logradouro,"Rua XV de Novembro, 1725","Rua Xv de Novembro, 1725",1,caixa corrigida
endereco,logradouro,"Rua XV de Novembro, 1724","Rua Xv de Novembro, 1724",1,caixa corrigida
endereco,logradouro,"Rua XV de Novembro, 1720","Rua Xv de Novembro, 1720",1,caixa corrigida
endereco,logradouro,"Rua XV de Novembro, 1718","Rua Xv de Novembro, 1718",1,caixa corrigida
endereco,logradouro,"Rua XV de Novembro, 1716","Rua Xv de Novembro, 1716",1,caixa corrigida
endereco,logradouro,"Rua XV de Novembro, 1714","Rua Xv de Novembro, 1714",1,caixa corrigida
endereco,logradouro,"Rua XV de Novembro, 1712","Rua Xv de Novembro, 1712",1,caixa corrigida
endereco,logradouro,"Rua XV de Novembro, 171","Rua Xv de Novembro, 171",1,caixa corrigida
endereco,logradouro,"Rua XV de Novembro, 1704","Rua Xv de Novembro, 1704",1,caixa corrigida
endereco,logradouro,"Rua XV de Novembro, 1703","Rua Xv de Novembro, 1703",1,caixa corrigida
endereco,logradouro,"Rua XV de Novembro, 1699","Rua Xv de Novembro, 1699",1,caixa corrigida
endereco,logradouro,"Rua XV de Novembro, 1776","Rua Xv de Novembro, 1776",1,caixa corrigida
endereco,logradouro,"Rua XV de Novembro, 1775","Rua Xv de Novembro, 1775",1,caixa corrigida
endereco,logradouro,"Rua XV de Novembro, 1769","Rua Xv de Novembro, 1769",1,caixa corrigida
endereco,logradouro,"Rua XV de Novembro, 1763","Rua Xv de Novembro, 1763",1,caixa corrigida
endereco,logradouro,"Rua XV de Novembro, 1757","Rua Xv de Novembro, 1757",1,caixa corrigida
endereco,logradouro,"Rua XV de Novembro, 1756","Rua Xv de Novembro, 1756",1,caixa corrigida
endereco,logradouro,"Rua XV de Novembro, 1754","Rua Xv de Novembro, 1754",1,caixa corrigida
endereco,logradouro,"Rua XV de Novembro, 1752","Rua Xv de Novembro, 1752",1,caixa corrigida
endereco,logradouro,"Rua XV de Novembro, 1751","Rua Xv de Novembro, 1751",1,caixa corrigida
endereco,logradouro,"Rua XV de Novembro, 175","Rua Xv de Novembro, 175",1,caixa corrigida
endereco,logradouro,"Rua XV de Novembro, 1749","Rua Xv de Novembro, 1749",1,caixa corrigida
endereco,logradouro,"Rua XV de Novembro, 1747","Rua Xv de Novembro, 1747",1,caixa corrigida
endereco,logradouro,"Rua XV de Novembro, 1745","Rua Xv de Novembro, 1745",1,caixa corrigida
endereco,logradouro,"Rua XV de Novembro, 1744","Rua Xv de Novembro, 1744",1,caixa corrigida
endereco,logradouro,"Rua XV de Novembro, 1737","Rua Xv de Novembro, 1737",1,caixa corrigida
endereco,logradouro,"Rua XV de Novembro, 1736","Rua Xv de Novembro, 1736",1,caixa corrigida
endereco,logradouro,"Rua XV de Novembro, 1823","Rua Xv de Novembro, 1823",1,caixa corrigida
endereco,logradouro,"Rua XV de Novembro, 1821","Rua Xv de Novembro, 1821",1,caixa corrigida
endereco,logradouro,"Rua XV de Novembro, 1820","Rua Xv de Novembro, 1820",1,caixa corrigida
endereco,logradouro,"Rua XV de Novembro, 1819","Rua Xv de Novembro, 1819",1,caixa corrigida
endereco,logradouro,"Rua XV de Novembro, 1817","Rua Xv de Novembro, 1817",1,caixa corrigida
endereco,logradouro,"Rua XV de Novembro, 1814","Rua Xv de Novembro, 1814",1,caixa corrigida
endereco,logradouro,"Rua XV de Novembro, 1812","Rua Xv de Novembro, 1812",1,caixa corrigida
endereco,logradouro,"Rua XV de Novembro, 1804","Rua Xv de Novembro, 1804",1,caixa corrigida
endereco,logradouro,"Rua XV de Novembro, 1798","Rua Xv de Novembro, 1798",1,caixa corrigida
endereco,logradouro,"Rua XV de Novembro, 1795","Rua Xv de Novembro, 1795",1,caixa corrigida
endereco,logradouro,"Rua XV de Novembro, 1789","Rua Xv de Novembro, 1789",1,caixa corrigida
endereco,logradouro,"Rua XV de Novembro, 1787","Rua Xv de Novembro, 1787",1,caixa corrigida
endereco,logradouro,"Rua XV de Novembro, 1786","Rua Xv de Novembro, 1786",1,caixa corrigida
endereco,logradouro,"Rua XV de Novembro, 1785","Rua Xv de Novembro, 1785",1,caixa corrigida
endereco,logradouro,"Rua XV de Novembro, 1784","Rua Xv de Novembro, 1784",1,caixa corrigida
endereco,logradouro,"Rua XV de Novembro, 178","Rua Xv de Novembro, 178",1,caixa corrigida
endereco,logradouro,"R. BRASIL, 3449","Rua Brasil, 3449",1,caixa alta corrigida
endereco,logradouro,"R. BRASIL, 343","Rua Brasil, 343",1,caixa alta corrigida
endereco,logradouro,"R. BRASIL, 3426","Rua Brasil, 3426",1,caixa alta corrigida
endereco,logradouro,"R. BRASIL, 3416","Rua Brasil, 3416",1,caixa alta corrigida
endereco,logradouro,"R. BRASIL, 341","Rua Brasil, 341",1,caixa alta corrigida
endereco,logradouro,"R. BRASIL, 3391","Rua Brasil, 3391",1,caixa alta corrigida
endereco,logradouro,"R. BRASIL, 3384","Rua Brasil, 3384",1,caixa alta corrigida
endereco,logradouro,"R. BRASIL, 3379","Rua Brasil, 3379",1,caixa alta corrigida
endereco,logradouro,"R. BRASIL, 3378","Rua Brasil, 3378",1,caixa alta corrigida
endereco,logradouro,"R. BRASIL, 3376","Rua Brasil, 3376",1,caixa alta corrigida
endereco,logradouro,"R. BRASIL, 3374","Rua Brasil, 3374",1,caixa alta corrigida
endereco,logradouro,"R. BRASIL, 3370","Rua Brasil, 3370",1,caixa alta corrigida
endereco,logradouro,"R. BRASIL, 3364","Rua Brasil, 3364",1,caixa alta corrigida
endereco,logradouro,"R. BRASIL, 3354","Rua Brasil, 3354",1,caixa alta corrigida
endereco,logradouro,"R. BRASIL, 3352","Rua Brasil, 3352",1,caixa alta corrigida
endereco,logradouro,"Rua XV de Novembro, 1825","Rua Xv de Novembro, 1825",1,caixa corrigida
endereco,logradouro,"Rua XV de Novembro, 1869","Rua Xv de Novembro, 1869",1,caixa corrigida
endereco,logradouro,"Rua XV de Novembro, 1867","Rua Xv de Novembro, 1867",1,caixa corrigida
endereco,logradouro,"Rua XV de Novembro, 1863","Rua Xv de Novembro, 1863",1,caixa corrigida
endereco,logradouro,"Rua XV de Novembro, 1861","Rua Xv de Novembro, 1861",1,caixa corrigida
endereco,logradouro,"Rua XV de Novembro, 1860","Rua Xv de Novembro, 1860",1,caixa corrigida
endereco,logradouro,"Rua XV de Novembro, 1859","Rua Xv de Novembro, 1859",1,caixa corrigida
endereco,logradouro,"Rua XV de Novembro, 1856","Rua Xv de Novembro, 1856",1,caixa corrigida
endereco,logradouro,"Rua XV de Novembro, 1855","Rua Xv de Novembro, 1855",1,caixa corrigida
endereco,logradouro,"Rua XV de Novembro, 1853","Rua Xv de Novembro, 1853",1,caixa corrigida
endereco,logradouro,"Rua XV de Novembro, 1847","Rua Xv de Novembro, 1847",1,caixa corrigida
endereco,logradouro,"Rua XV de Novembro, 1843","Rua Xv de Novembro, 1843",1,caixa corrigida
endereco,logradouro,"Rua XV de Novembro, 1841","Rua Xv de Novembro, 1841",1,caixa corrigida
endereco,logradouro,"Rua XV de Novembro, 1839","Rua Xv de Novembro, 1839",1,caixa corrigida
endereco,logradouro,"Rua XV de Novembro, 183","Rua Xv de Novembro, 183",1,caixa corrigida
endereco,logradouro,"Rua XV de Novembro, 1828","Rua Xv de Novembro, 1828",1,caixa corrigida
endereco,logradouro,"R. BRASIL, 3457","Rua Brasil, 3457",1,caixa alta corrigida
endereco,logradouro,"Rua XV de Novembro, 1925","Rua Xv de Novembro, 1925",1,caixa corrigida
endereco,logradouro,"Rua XV de Novembro, 1923","Rua Xv de Novembro, 1923",1,caixa corrigida
endereco,logradouro,"Rua XV de Novembro, 1918","Rua Xv de Novembro, 1918",1,caixa corrigida
endereco,logradouro,"Rua XV de Novembro, 1917","Rua Xv de Novembro, 1917",1,caixa corrigida
endereco,logradouro,"Rua XV de Novembro, 1906","Rua Xv de Novembro, 1906",1,caixa corrigida
endereco,logradouro,"Rua XV de Novembro, 1904","Rua Xv de Novembro, 1904",1,caixa corrigida
endereco,logradouro,"Rua XV de Novembro, 190","Rua Xv de Novembro, 190",1,caixa corrigida
endereco,logradouro,"Rua XV de Novembro, 1895","Rua Xv de Novembro, 1895",1,caixa corrigida
endereco,logradouro,"Rua XV de Novembro, 189","Rua Xv de Novembro, 189",1,caixa corrigida
endereco,logradouro,"Rua XV de Novembro, 1886","Rua Xv de Novembro, 1886",1,caixa corrigida
endereco,logradouro,"Rua XV de Novembro, 1885","Rua Xv de Novembro, 1885",1,caixa corrigida
endereco,logradouro,"Rua XV de Novembro, 1883","Rua Xv de Novembro, 1883",1,caixa corrigida
endereco,logradouro,"Rua XV de Novembro, 1878","Rua Xv de Novembro, 1878",1,caixa corrigida
endereco,logradouro,"Rua XV de Novembro, 1874","Rua Xv de Novembro, 1874",1,caixa corrigida
endereco,logradouro,"Rua XV de Novembro, 1871","Rua Xv de Novembro, 1871",1,caixa corrigida
endereco,logradouro,"Rua XV de Novembro, 187","Rua Xv de Novembro, 187",1,caixa corrigida
endereco,logradouro,"Rua XV de Novembro, 198","Rua Xv de Novembro, 198",1,caixa corrigida
endereco,logradouro,"Rua XV de Novembro, 1978","Rua Xv de Novembro, 1978",1,caixa corrigida
endereco,logradouro,"Rua XV de Novembro, 1977","Rua Xv de Novembro, 1977",1,caixa corrigida
endereco,logradouro,"Rua XV de Novembro, 1973","Rua Xv de Novembro, 1973",1,caixa corrigida
endereco,logradouro,"Rua XV de Novembro, 1965","Rua Xv de Novembro, 1965",1,caixa corrigida
endereco,logradouro,"Rua XV de Novembro, 1964","Rua Xv de Novembro, 1964",1,caixa corrigida
endereco,logradouro,"Rua XV de Novembro, 1957","Rua Xv de Novembro, 1957",1,caixa corrigida
endereco,logradouro,"Rua XV de Novembro, 1953","Rua Xv de Novembro, 1953",1,caixa corrigida
endereco,logradouro,"Rua XV de Novembro, 1951","Rua Xv de Novembro, 1951",1,caixa corrigida
endereco,logradouro,"Rua XV de Novembro, 1950","Rua Xv de Novembro, 1950",1,caixa corrigida
endereco,logradouro,"Rua XV de Novembro, 1944","Rua Xv de Novembro, 1944",1,caixa corrigida
endereco,logradouro,"Rua XV de Novembro, 1942","Rua Xv de Novembro, 1942",1,caixa corrigida
endereco,logradouro,"Rua XV de Novembro, 1933","Rua Xv de Novembro, 1933",1,caixa corrigida
endereco,logradouro,"Rua XV de Novembro, 193","Rua Xv de Novembro, 193",1,caixa corrigida
endereco,logradouro,"Rua XV de Novembro, 1929","Rua Xv de Novembro, 1929",1,caixa corrigida
endereco,logradouro,"Rua XV de Novembro, 1927","Rua Xv de Novembro, 1927",1,caixa corrigida
endereco,logradouro,"Rua XV de Novembro, 2030","Rua Xv de Novembro, 2030",1,caixa corrigida
endereco,logradouro,"Rua XV de Novembro, 2029","Rua Xv de Novembro, 2029",1,caixa corrigida
endereco,logradouro,"Rua XV de Novembro, 2026","Rua Xv de Novembro, 2026",1,caixa corrigida
endereco,logradouro,"Rua XV de Novembro, 2021","Rua Xv de Novembro, 2021",1,caixa corrigida
endereco,logradouro,"Rua XV de Novembro, 202","Rua Xv de Novembro, 202",1,caixa corrigida
endereco,logradouro,"Rua XV de Novembro, 2019","Rua Xv de Novembro, 2019",1,caixa corrigida
endereco,logradouro,"Rua XV de Novembro, 2015","Rua Xv de Novembro, 2015",1,caixa corrigida
endereco,logradouro,"Rua XV de Novembro, 2014","Rua Xv de Novembro, 2014",1,caixa corrigida
endereco,logradouro,"Rua XV de Novembro, 2011","Rua Xv de Novembro, 2011",1,caixa corrigida
endereco,logradouro,"Rua XV de Novembro, 2006","Rua Xv de Novembro, 2006",1,caixa corrigida
endereco,logradouro,"Rua XV de Novembro, 2004","Rua Xv de Novembro, 2004",1,caixa corrigida
endereco,logradouro,"Rua XV de Novembro, 200","Rua Xv de Novembro, 200",1,caixa corrigida
endereco,logradouro,"Rua XV de Novembro, 1998","Rua Xv de Novembro, 1998",1,caixa corrigida
endereco,logradouro,"Rua XV de Novembro, 1993","Rua Xv de Novembro, 1993",1,caixa corrigida
endereco,logradouro,"Rua XV de Novembro, 1990","Rua Xv de Novembro, 1990",1,caixa corrigida
endereco,logradouro,"Rua XV de Novembro, 1982","Rua Xv de Novembro, 1982",1,caixa corrigida
endereco,logradouro,"Rua XV de Novembro, 2080","Rua Xv de Novembro, 2080",1,caixa corrigida
endereco,logradouro,"Rua XV de Novembro, 2074","Rua Xv de Novembro, 2074",1,caixa corrigida
endereco,logradouro,"Rua XV de Novembro, 2070","Rua Xv de Novembro, 2070",1,caixa corrigida
endereco,logradouro,"Rua XV de Novembro, 2068","Rua Xv de Novembro, 2068",1,caixa corrigida
endereco,logradouro,"Rua XV de Novembro, 2061","Rua Xv de Novembro, 2061",1,caixa corrigida
endereco,logradouro,"Rua XV de Novembro, 2060","Rua Xv de Novembro, 2060",1,caixa corrigida
endereco,logradouro,"Rua XV de Novembro, 2058","Rua Xv de Novembro, 2058",1,caixa corrigida
endereco,logradouro,"Rua XV de Novembro, 2057","Rua Xv de Novembro, 2057",1,caixa corrigida
endereco,logradouro,"Rua XV de Novembro, 2052","Rua Xv de Novembro, 2052",1,caixa corrigida
endereco,logradouro,"Rua XV de Novembro, 2051","Rua Xv de Novembro, 2051",1,caixa corrigida
endereco,logradouro,"Rua XV de Novembro, 2046","Rua Xv de Novembro, 2046",1,caixa corrigida
endereco,logradouro,"Rua XV de Novembro, 2045","Rua Xv de Novembro, 2045",1,caixa corrigida
endereco,logradouro,"Rua XV de Novembro, 204","Rua Xv de Novembro, 204",1,caixa corrigida
endereco,logradouro,"Rua XV de Novembro, 2037","Rua Xv de Novembro, 2037",1,caixa corrigida
endereco,logradouro,"Rua XV de Novembro, 2035","Rua Xv de Novembro, 2035",1,caixa corrigida
endereco,logradouro,"Rua XV de Novembro, 2034","Rua Xv de Novembro, 2034",1,caixa corrigida
endereco,logradouro,"R. BRASIL, 3297","Rua Brasil, 3297",1,caixa alta corrigida
endereco,logradouro,"R. BRASIL, 3290","Rua Brasil, 3290",1,caixa alta corrigida
endereco,logradouro,"R. BRASIL, 3286","Rua Brasil, 3286",1,caixa alta corrigida
endereco,logradouro,"R. BRASIL, 3283","Rua Brasil, 3283",1,caixa alta corrigida
endereco,logradouro,"R. BRASIL, 3265","Rua Brasil, 3265",1,caixa alta corrigida
endereco,logradouro,"R. BRASIL, 3250","Rua Brasil, 3250",1,caixa alta corrigida
endereco,logradouro,"R. BRASIL, 3196","Rua Brasil, 3196",1,caixa alta corrigida
endereco,logradouro,"R. BRASIL, 3175","Rua Brasil, 3175",1,caixa alta corrigida
endereco,logradouro,"R. BRASIL, 3157","Rua Brasil, 3157",1,caixa alta corrigida
endereco,logradouro,"R. BRASIL, 3145","Rua Brasil, 3145",1,caixa alta corrigida
endereco,logradouro,"R. BRASIL, 3144","Rua Brasil, 3144",1,caixa alta corrigida
endereco,logradouro,"R. BRASIL, 3139","Rua Brasil, 3139",1,caixa alta corrigida
endereco,logradouro,"R. BRASIL, 3121","Rua Brasil, 3121",1,caixa alta corrigida
endereco,logradouro,"R. BRASIL, 3118","Rua Brasil, 3118",1,caixa alta corrigida
endereco,logradouro,"Rua XV de Novembro, 2083","Rua Xv de Novembro, 2083",1,caixa corrigida
endereco,logradouro,"Rua XV de Novembro, 2081","Rua Xv de Novembro, 2081",1,caixa corrigida
endereco,logradouro,"Rua XV de Novembro, 2157","Rua Xv de Novembro, 2157",1,caixa corrigida
endereco,logradouro,"Rua XV de Novembro, 2150","Rua Xv de Novembro, 2150",1,caixa corrigida
endereco,logradouro,"Rua XV de Novembro, 2144","Rua Xv de Novembro, 2144",1,caixa corrigida
endereco,logradouro,"Rua XV de Novembro, 2140","Rua Xv de Novembro, 2140",1,caixa corrigida
endereco,logradouro,"Rua XV de Novembro, 214","Rua Xv de Novembro, 214",1,caixa corrigida
endereco,logradouro,"Rua XV de Novembro, 2137","Rua Xv de Novembro, 2137",1,caixa corrigida
endereco,logradouro,"Rua XV de Novembro, 2127","Rua Xv de Novembro, 2127",1,caixa corrigida
endereco,logradouro,"Rua XV de Novembro, 2114","Rua Xv de Novembro, 2114",1,caixa corrigida
endereco,logradouro,"Rua XV de Novembro, 211","Rua Xv de Novembro, 211",1,caixa corrigida
endereco,logradouro,"Rua XV de Novembro, 2104","Rua Xv de Novembro, 2104",1,caixa corrigida
endereco,logradouro,"Rua XV de Novembro, 2102","Rua Xv de Novembro, 2102",1,caixa corrigida
endereco,logradouro,"Rua XV de Novembro, 2100","Rua Xv de Novembro, 2100",1,caixa corrigida
endereco,logradouro,"Rua XV de Novembro, 210","Rua Xv de Novembro, 210",1,caixa corrigida
endereco,logradouro,"Rua XV de Novembro, 2094","Rua Xv de Novembro, 2094",1,caixa corrigida
endereco,logradouro,"Rua XV de Novembro, 2088","Rua Xv de Novembro, 2088",1,caixa corrigida
endereco,logradouro,"R. BRASIL, 3320","Rua Brasil, 3320",1,caixa alta corrigida
endereco,logradouro,"Rua XV de Novembro, 2202","Rua Xv de Novembro, 2202",1,caixa corrigida
endereco,logradouro,"Rua XV de Novembro, 2198","Rua Xv de Novembro, 2198",1,caixa corrigida
endereco,logradouro,"Rua XV de Novembro, 2194","Rua Xv de Novembro, 2194",1,caixa corrigida
endereco,logradouro,"Rua XV de Novembro, 2189","Rua Xv de Novembro, 2189",1,caixa corrigida
endereco,logradouro,"Rua XV de Novembro, 2188","Rua Xv de Novembro, 2188",1,caixa corrigida
endereco,logradouro,"Rua XV de Novembro, 2184","Rua Xv de Novembro, 2184",1,caixa corrigida
endereco,logradouro,"Rua XV de Novembro, 2183","Rua Xv de Novembro, 2183",1,caixa corrigida
endereco,logradouro,"Rua XV de Novembro, 2181","Rua Xv de Novembro, 2181",1,caixa corrigida
endereco,logradouro,"Rua XV de Novembro, 2178","Rua Xv de Novembro, 2178",1,caixa corrigida
endereco,logradouro,"Rua XV de Novembro, 2176","Rua Xv de Novembro, 2176",1,caixa corrigida
endereco,logradouro,"Rua XV de Novembro, 2174","Rua Xv de Novembro, 2174",1,caixa corrigida
endereco,logradouro,"Rua XV de Novembro, 2171","Rua Xv de Novembro, 2171",1,caixa corrigida
endereco,logradouro,"Rua XV de Novembro, 2167","Rua Xv de Novembro, 2167",1,caixa corrigida
endereco,logradouro,"Rua XV de Novembro, 2165","Rua Xv de Novembro, 2165",1,caixa corrigida
endereco,logradouro,"Rua XV de Novembro, 2162","Rua Xv de Novembro, 2162",1,caixa corrigida
endereco,logradouro,"Rua XV de Novembro, 2158","Rua Xv de Novembro, 2158",1,caixa corrigida
endereco,logradouro,"Rua XV de Novembro, 2234","Rua Xv de Novembro, 2234",1,caixa corrigida
endereco,logradouro,"Rua XV de Novembro, 2232","Rua Xv de Novembro, 2232",1,caixa corrigida
endereco,logradouro,"Rua XV de Novembro, 2231","Rua Xv de Novembro, 2231",1,caixa corrigida
endereco,logradouro,"Rua XV de Novembro, 2230","Rua Xv de Novembro, 2230",1,caixa corrigida
endereco,logradouro,"Rua XV de Novembro, 2228","Rua Xv de Novembro, 2228",1,caixa corrigida
endereco,logradouro,"Rua XV de Novembro, 2225","Rua Xv de Novembro, 2225",1,caixa corrigida
endereco,logradouro,"Rua XV de Novembro, 2220","Rua Xv de Novembro, 2220",1,caixa corrigida
endereco,logradouro,"Rua XV de Novembro, 222","Rua Xv de Novembro, 222",1,caixa corrigida
endereco,logradouro,"Rua XV de Novembro, 2219","Rua Xv de Novembro, 2219",1,caixa corrigida
endereco,logradouro,"Rua XV de Novembro, 2216","Rua Xv de Novembro, 2216",1,caixa corrigida
endereco,logradouro,"Rua XV de Novembro, 2214","Rua Xv de Novembro, 2214",1,caixa corrigida
endereco,logradouro,"Rua XV de Novembro, 2213","Rua Xv de Novembro, 2213",1,caixa corrigida
endereco,logradouro,"Rua XV de Novembro, 2210","Rua Xv de Novembro, 2210",1,caixa corrigida
endereco,logradouro,"Rua XV de Novembro, 2208","Rua Xv de Novembro, 2208",1,caixa corrigida
endereco,logradouro,"Rua XV de Novembro, 2207","Rua Xv de Novembro, 2207",1,caixa corrigida
endereco,logradouro,"Rua XV de Novembro, 2206","Rua Xv de Novembro, 2206",1,caixa corrigida
endereco,logradouro,"R. BRASIL, 3104","Rua Brasil, 3104",1,caixa alta corrigida
endereco,logradouro,"R. BRASIL, 3088","Rua Brasil, 3088",1,caixa alta corrigida
endereco,logradouro,"R. BRASIL, 3087","Rua Brasil, 3087",1,caixa alta corrigida
endereco,logradouro,"R. BRASIL, 3082","Rua Brasil, 3082",1,caixa alta corrigida
endereco,logradouro,"R. BRASIL, 3080","Rua Brasil, 3080",1,caixa alta corrigida
endereco,logradouro,"R. BRASIL, 3073","Rua Brasil, 3073",1,caixa alta corrigida
endereco,logradouro,"R. BRASIL, 3066","Rua Brasil, 3066",1,caixa alta corrigida
endereco,logradouro,"R. BRASIL, 3059","Rua Brasil, 3059",1,caixa alta corrigida
endereco,logradouro,"R. BRASIL, 3054","Rua Brasil, 3054",1,caixa alta corrigida
endereco,logradouro,"R. BRASIL, 3049","Rua Brasil, 3049",1,caixa alta corrigida
endereco,logradouro,"R. BRASIL, 3045","Rua Brasil, 3045",1,caixa alta corrigida
endereco,logradouro,"R. BRASIL, 3031","Rua Brasil, 3031",1,caixa alta corrigida
endereco,logradouro,"R. BRASIL, 3030","Rua Brasil, 3030",1,caixa alta corrigida
endereco,logradouro,"Rua XV de Novembro, 2245","Rua Xv de Novembro, 2245",1,caixa corrigida
endereco,logradouro,"Rua XV de Novembro, 2242","Rua Xv de Novembro, 2242",1,caixa corrigida
endereco,logradouro,"Rua XV de Novembro, 2235","Rua Xv de Novembro, 2235",1,caixa corrigida
endereco,logradouro,"Rua XV de Novembro, 2285","Rua Xv de Novembro, 2285",1,caixa corrigida
endereco,logradouro,"Rua XV de Novembro, 2278","Rua Xv de Novembro, 2278",1,caixa corrigida
endereco,logradouro,"Rua XV de Novembro, 2277","Rua Xv de Novembro, 2277",1,caixa corrigida
endereco,logradouro,"Rua XV de Novembro, 2275","Rua Xv de Novembro, 2275",1,caixa corrigida
endereco,logradouro,"Rua XV de Novembro, 2274","Rua Xv de Novembro, 2274",1,caixa corrigida
endereco,logradouro,"Rua XV de Novembro, 2270","Rua Xv de Novembro, 2270",1,caixa corrigida
endereco,logradouro,"Rua XV de Novembro, 2269","Rua Xv de Novembro, 2269",1,caixa corrigida
endereco,logradouro,"Rua XV de Novembro, 2266","Rua Xv de Novembro, 2266",1,caixa corrigida
endereco,logradouro,"Rua XV de Novembro, 2263","Rua Xv de Novembro, 2263",1,caixa corrigida
endereco,logradouro,"Rua XV de Novembro, 2262","Rua Xv de Novembro, 2262",1,caixa corrigida
endereco,logradouro,"Rua XV de Novembro, 226","Rua Xv de Novembro, 226",1,caixa corrigida
endereco,logradouro,"Rua XV de Novembro, 2259","Rua Xv de Novembro, 2259",1,caixa corrigida
endereco,logradouro,"Rua XV de Novembro, 2257","Rua Xv de Novembro, 2257",1,caixa corrigida
endereco,logradouro,"Rua XV de Novembro, 2256","Rua Xv de Novembro, 2256",1,caixa corrigida
endereco,logradouro,"Rua XV de Novembro, 2246","Rua Xv de Novembro, 2246",1,caixa corrigida
endereco,logradouro,"R. BRASIL, 3110","Rua Brasil, 3110",1,caixa alta corrigida
endereco,logradouro,"Rua XV de Novembro, 2320","Rua Xv de Novembro, 2320",1,caixa corrigida
endereco,logradouro,"Rua XV de Novembro, 2319","Rua Xv de Novembro, 2319",1,caixa corrigida
endereco,logradouro,"Rua XV de Novembro, 2316","Rua Xv de Novembro, 2316",1,caixa corrigida
endereco,logradouro,"Rua XV de Novembro, 2314","Rua Xv de Novembro, 2314",1,caixa corrigida
endereco,logradouro,"Rua XV de Novembro, 2312","Rua Xv de Novembro, 2312",1,caixa corrigida
endereco,logradouro,"Rua XV de Novembro, 2310","Rua Xv de Novembro, 2310",1,caixa corrigida
endereco,logradouro,"Rua XV de Novembro, 2308","Rua Xv de Novembro, 2308",1,caixa corrigida
endereco,logradouro,"Rua XV de Novembro, 2305","Rua Xv de Novembro, 2305",1,caixa corrigida
endereco,logradouro,"Rua XV de Novembro, 23","Rua Xv de Novembro, 23",1,caixa corrigida
endereco,logradouro,"Rua XV de Novembro, 2299","Rua Xv de Novembro, 2299",1,caixa corrigida
endereco,logradouro,"Rua XV de Novembro, 2292","Rua Xv de Novembro, 2292",1,caixa corrigida
endereco,logradouro,"Rua XV de Novembro, 2291","Rua Xv de Novembro, 2291",1,caixa corrigida
endereco,logradouro,"Rua XV de Novembro, 2290","Rua Xv de Novembro, 2290",1,caixa corrigida
endereco,logradouro,"Rua XV de Novembro, 2289","Rua Xv de Novembro, 2289",1,caixa corrigida
endereco,logradouro,"Rua XV de Novembro, 2288","Rua Xv de Novembro, 2288",1,caixa corrigida
endereco,logradouro,"Rua XV de Novembro, 2286","Rua Xv de Novembro, 2286",1,caixa corrigida
endereco,logradouro,"Rua XV de Novembro, 2374","Rua Xv de Novembro, 2374",1,caixa corrigida
endereco,logradouro,"Rua XV de Novembro, 2368","Rua Xv de Novembro, 2368",1,caixa corrigida
endereco,logradouro,"Rua XV de Novembro, 2364","Rua Xv de Novembro, 2364",1,caixa corrigida
endereco,logradouro,"Rua XV de Novembro, 236","Rua Xv de Novembro, 236",1,caixa corrigida
endereco,logradouro,"Rua XV de Novembro, 2357","Rua Xv de Novembro, 2357",1,caixa corrigida
endereco,logradouro,"Rua XV de Novembro, 2356","Rua Xv de Novembro, 2356",1,caixa corrigida
endereco,logradouro,"Rua XV de Novembro, 2355","Rua Xv de Novembro, 2355",1,caixa corrigida
endereco,logradouro,"Rua XV de Novembro, 2354","Rua Xv de Novembro, 2354",1,caixa corrigida
endereco,logradouro,"Rua XV de Novembro, 2352","Rua Xv de Novembro, 2352",1,caixa corrigida
endereco,logradouro,"Rua XV de Novembro, 2351","Rua Xv de Novembro, 2351",1,caixa corrigida
endereco,logradouro,"Rua XV de Novembro, 2340","Rua Xv de Novembro, 2340",1,caixa corrigida
endereco,logradouro,"Rua XV de Novembro, 2332","Rua Xv de Novembro, 2332",1,caixa corrigida
endereco,logradouro,"Rua XV de Novembro, 2330","Rua Xv de Novembro, 2330",1,caixa corrigida
endereco,logradouro,"Rua XV de Novembro, 2328","Rua Xv de Novembro, 2328",1,caixa corrigida
endereco,logradouro,"Rua XV de Novembro, 2323","Rua Xv de Novembro, 2323",1,caixa corrigida
endereco,logradouro,"Rua XV de Novembro, 2321","Rua Xv de Novembro, 2321",1,caixa corrigida
endereco,logradouro,"Rua XV de Novembro, 2438","Rua Xv de Novembro, 2438",1,caixa corrigida
endereco,logradouro,"Rua XV de Novembro, 2435","Rua Xv de Novembro, 2435",1,caixa corrigida
endereco,logradouro,"Rua XV de Novembro, 2434","Rua Xv de Novembro, 2434",1,caixa corrigida
endereco,logradouro,"Rua XV de Novembro, 2431","Rua Xv de Novembro, 2431",1,caixa corrigida
endereco,logradouro,"Rua XV de Novembro, 243","Rua Xv de Novembro, 243",1,caixa corrigida
endereco,logradouro,"Rua XV de Novembro, 2423","Rua Xv de Novembro, 2423",1,caixa corrigida
endereco,logradouro,"Rua XV de Novembro, 2421","Rua Xv de Novembro, 2421",1,caixa corrigida
endereco,logradouro,"Rua XV de Novembro, 242","Rua Xv de Novembro, 242",1,caixa corrigida
endereco,logradouro,"Rua XV de Novembro, 2412","Rua Xv de Novembro, 2412",1,caixa corrigida
endereco,logradouro,"Rua XV de Novembro, 2399","Rua Xv de Novembro, 2399",1,caixa corrigida
endereco,logradouro,"Rua XV de Novembro, 2394","Rua Xv de Novembro, 2394",1,caixa corrigida
endereco,logradouro,"Rua XV de Novembro, 2391","Rua Xv de Novembro, 2391",1,caixa corrigida
endereco,logradouro,"Rua XV de Novembro, 2388","Rua Xv de Novembro, 2388",1,caixa corrigida
endereco,logradouro,"Rua XV de Novembro, 2387","Rua Xv de Novembro, 2387",1,caixa corrigida
endereco,logradouro,"Rua XV de Novembro, 2382","Rua Xv de Novembro, 2382",1,caixa corrigida
endereco,logradouro,"Rua XV de Novembro, 238","Rua Xv de Novembro, 238",1,caixa corrigida
endereco,logradouro,"Rua XV de Novembro, 2476","Rua Xv de Novembro, 2476",1,caixa corrigida
endereco,logradouro,"Rua XV de Novembro, 2473","Rua Xv de Novembro, 2473",1,caixa corrigida
endereco,logradouro,"Rua XV de Novembro, 2470","Rua Xv de Novembro, 2470",1,caixa corrigida
endereco,logradouro,"Rua XV de Novembro, 247","Rua Xv de Novembro, 247",1,caixa corrigida
endereco,logradouro,"Rua XV de Novembro, 2462","Rua Xv de Novembro, 2462",1,caixa corrigida
endereco,logradouro,"Rua XV de Novembro, 2461","Rua Xv de Novembro, 2461",1,caixa corrigida
endereco,logradouro,"Rua XV de Novembro, 2459","Rua Xv de Novembro, 2459",1,caixa corrigida
endereco,logradouro,"Rua XV de Novembro, 2458","Rua Xv de Novembro, 2458",1,caixa corrigida
endereco,logradouro,"Rua XV de Novembro, 2456","Rua Xv de Novembro, 2456",1,caixa corrigida
endereco,logradouro,"Rua XV de Novembro, 2453","Rua Xv de Novembro, 2453",1,caixa corrigida
endereco,logradouro,"Rua XV de Novembro, 2450","Rua Xv de Novembro, 2450",1,caixa corrigida
endereco,logradouro,"Rua XV de Novembro, 2447","Rua Xv de Novembro, 2447",1,caixa corrigida
endereco,logradouro,"Rua XV de Novembro, 2445","Rua Xv de Novembro, 2445",1,caixa corrigida
endereco,logradouro,"Rua XV de Novembro, 2444","Rua Xv de Novembro, 2444",1,caixa corrigida
endereco,logradouro,"Rua XV de Novembro, 2441","Rua Xv de Novembro, 2441",1,caixa corrigida
endereco,logradouro,"Rua XV de Novembro, 2440","Rua Xv de Novembro, 2440",1,caixa corrigida
endereco,logradouro,"R. BRASIL, 2970","Rua Brasil, 2970",1,caixa alta corrigida
endereco,logradouro,"R. BRASIL, 2963","Rua Brasil, 2963",1,caixa alta corrigida
endereco,logradouro,"R. BRASIL, 2962","Rua Brasil, 2962",1,caixa alta corrigida
endereco,logradouro,"R. BRASIL, 2952","Rua Brasil, 2952",1,caixa alta corrigida
endereco,logradouro,"R. BRASIL, 2944","Rua Brasil, 2944",1,caixa alta corrigida
endereco,logradouro,"R. BRASIL, 2943","Rua Brasil, 2943",1,caixa alta corrigida
endereco,logradouro,"R. BRASIL, 2939","Rua Brasil, 2939",1,caixa alta corrigida
endereco,logradouro,"R. BRASIL, 293","Rua Brasil, 293",1,caixa alta corrigida
endereco,logradouro,"R. BRASIL, 2928","Rua Brasil, 2928",1,caixa alta corrigida
endereco,logradouro,"R. BRASIL, 2923","Rua Brasil, 2923",1,caixa alta corrigida
endereco,logradouro,"R. BRASIL, 2891","Rua Brasil, 2891",1,caixa alta corrigida
endereco,logradouro,"R. BRASIL, 2885","Rua Brasil, 2885",1,caixa alta corrigida
endereco,logradouro,"Rua XV de Novembro, 2488","Rua Xv de Novembro, 2488",1,caixa corrigida
endereco,logradouro,"Rua XV de Novembro, 2486","Rua Xv de Novembro, 2486",1,caixa corrigida
endereco,logradouro,"Rua XV de Novembro, 2484","Rua Xv de Novembro, 2484",1,caixa corrigida
endereco,logradouro,"Rua XV de Novembro, 248","Rua Xv de Novembro, 248",1,caixa corrigida
endereco,logradouro,"Rua XV de Novembro, 2527","Rua Xv de Novembro, 2527",1,caixa corrigida
endereco,logradouro,"Rua XV de Novembro, 2525","Rua Xv de Novembro, 2525",1,caixa corrigida
endereco,logradouro,"Rua XV de Novembro, 2517","Rua Xv de Novembro, 2517",1,caixa corrigida
endereco,logradouro,"Rua XV de Novembro, 2513","Rua Xv de Novembro, 2513",1,caixa corrigida
endereco,logradouro,"Rua XV de Novembro, 2512","Rua Xv de Novembro, 2512",1,caixa corrigida
endereco,logradouro,"Rua XV de Novembro, 2506","Rua Xv de Novembro, 2506",1,caixa corrigida
endereco,logradouro,"Rua XV de Novembro, 2502","Rua Xv de Novembro, 2502",1,caixa corrigida
endereco,logradouro,"Rua XV de Novembro, 2501","Rua Xv de Novembro, 2501",1,caixa corrigida
endereco,logradouro,"Rua XV de Novembro, 25","Rua Xv de Novembro, 25",1,caixa corrigida
endereco,logradouro,"Rua XV de Novembro, 2498","Rua Xv de Novembro, 2498",1,caixa corrigida
endereco,logradouro,"Rua XV de Novembro, 2494","Rua Xv de Novembro, 2494",1,caixa corrigida
endereco,logradouro,"Rua XV de Novembro, 249","Rua Xv de Novembro, 249",1,caixa corrigida
endereco,logradouro,"R. BRASIL, 3019","Rua Brasil, 3019",1,caixa alta corrigida
endereco,logradouro,"R. BRASIL, 3010","Rua Brasil, 3010",1,caixa alta corrigida
endereco,logradouro,"R. BRASIL, 2994","Rua Brasil, 2994",1,caixa alta corrigida
endereco,logradouro,"R. BRASIL, 2978","Rua Brasil, 2978",1,caixa alta corrigida
endereco,logradouro,"Rua XV de Novembro, 2581","Rua Xv de Novembro, 2581",1,caixa corrigida
endereco,logradouro,"Rua XV de Novembro, 258","Rua Xv de Novembro, 258",1,caixa corrigida
endereco,logradouro,"Rua XV de Novembro, 2578","Rua Xv de Novembro, 2578",1,caixa corrigida
endereco,logradouro,"Rua XV de Novembro, 2577","Rua Xv de Novembro, 2577",1,caixa corrigida
endereco,logradouro,"Rua XV de Novembro, 2576","Rua Xv de Novembro, 2576",1,caixa corrigida
endereco,logradouro,"Rua XV de Novembro, 257","Rua Xv de Novembro, 257",1,caixa corrigida
endereco,logradouro,"Rua XV de Novembro, 2568","Rua Xv de Novembro, 2568",1,caixa corrigida
endereco,logradouro,"Rua XV de Novembro, 2565","Rua Xv de Novembro, 2565",1,caixa corrigida
endereco,logradouro,"Rua XV de Novembro, 2558","Rua Xv de Novembro, 2558",1,caixa corrigida
endereco,logradouro,"Rua XV de Novembro, 2557","Rua Xv de Novembro, 2557",1,caixa corrigida
endereco,logradouro,"Rua XV de Novembro, 2553","Rua Xv de Novembro, 2553",1,caixa corrigida
endereco,logradouro,"Rua XV de Novembro, 2548","Rua Xv de Novembro, 2548",1,caixa corrigida
endereco,logradouro,"Rua XV de Novembro, 254","Rua Xv de Novembro, 254",1,caixa corrigida
endereco,logradouro,"Rua XV de Novembro, 2536","Rua Xv de Novembro, 2536",1,caixa corrigida
endereco,logradouro,"Rua XV de Novembro, 2531","Rua Xv de Novembro, 2531",1,caixa corrigida
endereco,logradouro,"Rua XV de Novembro, 253","Rua Xv de Novembro, 253",1,caixa corrigida
endereco,logradouro,"Rua XV de Novembro, 263","Rua Xv de Novembro, 263",1,caixa corrigida
endereco,logradouro,"Rua XV de Novembro, 2626","Rua Xv de Novembro, 2626",1,caixa corrigida
endereco,logradouro,"Rua XV de Novembro, 2625","Rua Xv de Novembro, 2625",1,caixa corrigida
endereco,logradouro,"Rua XV de Novembro, 2621","Rua Xv de Novembro, 2621",1,caixa corrigida
endereco,logradouro,"Rua XV de Novembro, 2617","Rua Xv de Novembro, 2617",1,caixa corrigida
endereco,logradouro,"Rua XV de Novembro, 2616","Rua Xv de Novembro, 2616",1,caixa corrigida
endereco,logradouro,"Rua XV de Novembro, 2615","Rua Xv de Novembro, 2615",1,caixa corrigida
endereco,logradouro,"Rua XV de Novembro, 2613","Rua Xv de Novembro, 2613",1,caixa corrigida
endereco,logradouro,"Rua XV de Novembro, 261","Rua Xv de Novembro, 261",1,caixa corrigida
endereco,logradouro,"Rua XV de Novembro, 2605","Rua Xv de Novembro, 2605",1,caixa corrigida
endereco,logradouro,"Rua XV de Novembro, 2602","Rua Xv de Novembro, 2602",1,caixa corrigida
endereco,logradouro,"Rua XV de Novembro, 2601","Rua Xv de Novembro, 2601",1,caixa corrigida
endereco,logradouro,"Rua XV de Novembro, 2600","Rua Xv de Novembro, 2600",1,caixa corrigida
endereco,logradouro,"Rua XV de Novembro, 2594","Rua Xv de Novembro, 2594",1,caixa corrigida
endereco,logradouro,"Rua XV de Novembro, 2586","Rua Xv de Novembro, 2586",1,caixa corrigida
endereco,logradouro,"Rua XV de Novembro, 2585","Rua Xv de Novembro, 2585",1,caixa corrigida
endereco,logradouro,"R. BRASIL, 2875","Rua Brasil, 2875",1,caixa alta corrigida
endereco,logradouro,"R. BRASIL, 2872","Rua Brasil, 2872",1,caixa alta corrigida
endereco,logradouro,"R. BRASIL, 2861","Rua Brasil, 2861",1,caixa alta corrigida
endereco,logradouro,"R. BRASIL, 2854","Rua Brasil, 2854",1,caixa alta corrigida
endereco,logradouro,"R. BRASIL, 2827","Rua Brasil, 2827",1,caixa alta corrigida
endereco,logradouro,"R. BRASIL, 2808","Rua Brasil, 2808",1,caixa alta corrigida
endereco,logradouro,"R. BRASIL, 280","Rua Brasil, 280",1,caixa alta corrigida
endereco,logradouro,"R. BRASIL, 2796","Rua Brasil, 2796",1,caixa alta corrigida
endereco,logradouro,"R. BRASIL, 277","Rua Brasil, 277",1,caixa alta corrigida
endereco,logradouro,"R. BRASIL, 2747","Rua Brasil, 2747",1,caixa alta corrigida
endereco,logradouro,"R. BRASIL, 2744","Rua Brasil, 2744",1,caixa alta corrigida
endereco,logradouro,"R. BRASIL, 2722","Rua Brasil, 2722",1,caixa alta corrigida
endereco,logradouro,"R. BRASIL, 272","Rua Brasil, 272",1,caixa alta corrigida
endereco,logradouro,"R. BRASIL, 2715","Rua Brasil, 2715",1,caixa alta corrigida
endereco,logradouro,"Rua XV de Novembro, 2635","Rua Xv de Novembro, 2635",1,caixa corrigida
endereco,logradouro,"Rua XV de Novembro, 2633","Rua Xv de Novembro, 2633",1,caixa corrigida
endereco,logradouro,"Rua XV de Novembro, 2694","Rua Xv de Novembro, 2694",1,caixa corrigida
endereco,logradouro,"Rua XV de Novembro, 2690","Rua Xv de Novembro, 2690",1,caixa corrigida
endereco,logradouro,"Rua XV de Novembro, 2680","Rua Xv de Novembro, 2680",1,caixa corrigida
endereco,logradouro,"Rua XV de Novembro, 2677","Rua Xv de Novembro, 2677",1,caixa corrigida
endereco,logradouro,"Rua XV de Novembro, 2674","Rua Xv de Novembro, 2674",1,caixa corrigida
endereco,logradouro,"Rua XV de Novembro, 2673","Rua Xv de Novembro, 2673",1,caixa corrigida
endereco,logradouro,"Rua XV de Novembro, 2667","Rua Xv de Novembro, 2667",1,caixa corrigida
endereco,logradouro,"Rua XV de Novembro, 2661","Rua Xv de Novembro, 2661",1,caixa corrigida
endereco,logradouro,"Rua XV de Novembro, 2658","Rua Xv de Novembro, 2658",1,caixa corrigida
endereco,logradouro,"Rua XV de Novembro, 2657","Rua Xv de Novembro, 2657",1,caixa corrigida
endereco,logradouro,"Rua XV de Novembro, 2651","Rua Xv de Novembro, 2651",1,caixa corrigida
endereco,logradouro,"Rua XV de Novembro, 2643","Rua Xv de Novembro, 2643",1,caixa corrigida
endereco,logradouro,"Rua XV de Novembro, 2642","Rua Xv de Novembro, 2642",1,caixa corrigida
endereco,logradouro,"Rua XV de Novembro, 2640","Rua Xv de Novembro, 2640",1,caixa corrigida
endereco,logradouro,"Rua XV de Novembro, 2636","Rua Xv de Novembro, 2636",1,caixa corrigida
endereco,logradouro,"R. BRASIL, 2877","Rua Brasil, 2877",1,caixa alta corrigida
endereco,logradouro,"Rua XV de Novembro, 2743","Rua Xv de Novembro, 2743",1,caixa corrigida
endereco,logradouro,"Rua XV de Novembro, 2730","Rua Xv de Novembro, 2730",1,caixa corrigida
endereco,logradouro,"Rua XV de Novembro, 273","Rua Xv de Novembro, 273",1,caixa corrigida
endereco,logradouro,"Rua XV de Novembro, 2729","Rua Xv de Novembro, 2729",1,caixa corrigida
endereco,logradouro,"Rua XV de Novembro, 2728","Rua Xv de Novembro, 2728",1,caixa corrigida
endereco,logradouro,"Rua XV de Novembro, 2726","Rua Xv de Novembro, 2726",1,caixa corrigida
endereco,logradouro,"Rua XV de Novembro, 2722","Rua Xv de Novembro, 2722",1,caixa corrigida
endereco,logradouro,"Rua XV de Novembro, 2720","Rua Xv de Novembro, 2720",1,caixa corrigida
endereco,logradouro,"Rua XV de Novembro, 2714","Rua Xv de Novembro, 2714",1,caixa corrigida
endereco,logradouro,"Rua XV de Novembro, 2710","Rua Xv de Novembro, 2710",1,caixa corrigida
endereco,logradouro,"Rua XV de Novembro, 2705","Rua Xv de Novembro, 2705",1,caixa corrigida
endereco,logradouro,"Rua XV de Novembro, 2704","Rua Xv de Novembro, 2704",1,caixa corrigida
endereco,logradouro,"Rua XV de Novembro, 2700","Rua Xv de Novembro, 2700",1,caixa corrigida
endereco,logradouro,"Rua XV de Novembro, 27","Rua Xv de Novembro, 27",1,caixa corrigida
endereco,logradouro,"Rua XV de Novembro, 2698","Rua Xv de Novembro, 2698",1,caixa corrigida
endereco,logradouro,"Rua XV de Novembro, 2696","Rua Xv de Novembro, 2696",1,caixa corrigida
endereco,logradouro,"R. BRASIL, 2634","Rua Brasil, 2634",1,caixa alta corrigida
endereco,logradouro,"R. BRASIL, 2632","Rua Brasil, 2632",1,caixa alta corrigida
endereco,logradouro,"R. BRASIL, 263","Rua Brasil, 263",1,caixa alta corrigida
endereco,logradouro,"R. BRASIL, 262","Rua Brasil, 262",1,caixa alta corrigida
endereco,logradouro,"R. BRASIL, 2618","Rua Brasil, 2618",1,caixa alta corrigida
endereco,logradouro,"R. BRASIL, 2611","Rua Brasil, 2611",1,caixa alta corrigida
endereco,logradouro,"R. BRASIL, 2608","Rua Brasil, 2608",1,caixa alta corrigida
endereco,logradouro,"R. BRASIL, 2604","Rua Brasil, 2604",1,caixa alta corrigida
endereco,logradouro,"R. BRASIL, 2599","Rua Brasil, 2599",1,caixa alta corrigida
endereco,logradouro,"R. BRASIL, 2582","Rua Brasil, 2582",1,caixa alta corrigida
endereco,logradouro,"R. BRASIL, 2571","Rua Brasil, 2571",1,caixa alta corrigida
endereco,logradouro,"R. BRASIL, 2562","Rua Brasil, 2562",1,caixa alta corrigida
endereco,logradouro,"Rua XV de Novembro, 2753","Rua Xv de Novembro, 2753",1,caixa corrigida
endereco,logradouro,"Rua XV de Novembro, 2752","Rua Xv de Novembro, 2752",1,caixa corrigida
endereco,logradouro,"Rua XV de Novembro, 2749","Rua Xv de Novembro, 2749",1,caixa corrigida
endereco,logradouro,"Rua XV de Novembro, 2744","Rua Xv de Novembro, 2744",1,caixa corrigida
endereco,logradouro,"Rua XV de Novembro, 2784","Rua Xv de Novembro, 2784",1,caixa corrigida
endereco,logradouro,"Rua XV de Novembro, 2783","Rua Xv de Novembro, 2783",1,caixa corrigida
endereco,logradouro,"Rua XV de Novembro, 2782","Rua Xv de Novembro, 2782",1,caixa corrigida
endereco,logradouro,"Rua XV de Novembro, 2775","Rua Xv de Novembro, 2775",1,caixa corrigida
endereco,logradouro,"Rua XV de Novembro, 2772","Rua Xv de Novembro, 2772",1,caixa corrigida
endereco,logradouro,"Rua XV de Novembro, 2771","Rua Xv de Novembro, 2771",1,caixa corrigida
endereco,logradouro,"Rua XV de Novembro, 2769","Rua Xv de Novembro, 2769",1,caixa corrigida
endereco,logradouro,"Rua XV de Novembro, 2768","Rua Xv de Novembro, 2768",1,caixa corrigida
endereco,logradouro,"Rua XV de Novembro, 2765","Rua Xv de Novembro, 2765",1,caixa corrigida
endereco,logradouro,"Rua XV de Novembro, 2760","Rua Xv de Novembro, 2760",1,caixa corrigida
endereco,logradouro,"Rua XV de Novembro, 2758","Rua Xv de Novembro, 2758",1,caixa corrigida
endereco,logradouro,"Rua XV de Novembro, 2755","Rua Xv de Novembro, 2755",1,caixa corrigida
endereco,logradouro,"Rua XV de Novembro, 2754","Rua Xv de Novembro, 2754",1,caixa corrigida
endereco,logradouro,"R. BRASIL, 2692","Rua Brasil, 2692",1,caixa alta corrigida
endereco,logradouro,"R. BRASIL, 2644","Rua Brasil, 2644",1,caixa alta corrigida
endereco,logradouro,"R. BRASIL, 2636","Rua Brasil, 2636",1,caixa alta corrigida
endereco,logradouro,"Rua XV de Novembro, 2830","Rua Xv de Novembro, 2830",1,caixa corrigida
endereco,logradouro,"Rua XV de Novembro, 2822","Rua Xv de Novembro, 2822",1,caixa corrigida
endereco,logradouro,"Rua XV de Novembro, 2821","Rua Xv de Novembro, 2821",1,caixa corrigida
endereco,logradouro,"Rua XV de Novembro, 2816","Rua Xv de Novembro, 2816",1,caixa corrigida
endereco,logradouro,"Rua XV de Novembro, 2815","Rua Xv de Novembro, 2815",1,caixa corrigida
endereco,logradouro,"Rua XV de Novembro, 2814","Rua Xv de Novembro, 2814",1,caixa corrigida
endereco,logradouro,"Rua XV de Novembro, 2813","Rua Xv de Novembro, 2813",1,caixa corrigida
endereco,logradouro,"Rua XV de Novembro, 281","Rua Xv de Novembro, 281",1,caixa corrigida
endereco,logradouro,"Rua XV de Novembro, 2803","Rua Xv de Novembro, 2803",1,caixa corrigida
endereco,logradouro,"Rua XV de Novembro, 2800","Rua Xv de Novembro, 2800",1,caixa corrigida
endereco,logradouro,"Rua XV de Novembro, 28","Rua Xv de Novembro, 28",1,caixa corrigida
endereco,logradouro,"Rua XV de Novembro, 2799","Rua Xv de Novembro, 2799",1,caixa corrigida
endereco,logradouro,"Rua XV de Novembro, 2797","Rua Xv de Novembro, 2797",1,caixa corrigida
endereco,logradouro,"Rua XV de Novembro, 279","Rua Xv de Novembro, 279",1,caixa corrigida
endereco,logradouro,"Rua XV de Novembro, 2787","Rua Xv de Novembro, 2787",1,caixa corrigida
endereco,logradouro,"Rua XV de Novembro, 2786","Rua Xv de Novembro, 2786",1,caixa corrigida
endereco,logradouro,"Rua XV de Novembro, 2869","Rua Xv de Novembro, 2869",1,caixa corrigida
endereco,logradouro,"Rua XV de Novembro, 2867","Rua Xv de Novembro, 2867",1,caixa corrigida
endereco,logradouro,"Rua XV de Novembro, 2866","Rua Xv de Novembro, 2866",1,caixa corrigida
endereco,logradouro,"Rua XV de Novembro, 2862","Rua Xv de Novembro, 2862",1,caixa corrigida
endereco,logradouro,"Rua XV de Novembro, 286","Rua Xv de Novembro, 286",1,caixa corrigida
endereco,logradouro,"Rua XV de Novembro, 2856","Rua Xv de Novembro, 2856",1,caixa corrigida
endereco,logradouro,"Rua XV de Novembro, 2853","Rua Xv de Novembro, 2853",1,caixa corrigida
endereco,logradouro,"Rua XV de Novembro, 2851","Rua Xv de Novembro, 2851",1,caixa corrigida
endereco,logradouro,"Rua XV de Novembro, 2850","Rua Xv de Novembro, 2850",1,caixa corrigida
endereco,logradouro,"Rua XV de Novembro, 285","Rua Xv de Novembro, 285",1,caixa corrigida
endereco,logradouro,"Rua XV de Novembro, 2845","Rua Xv de Novembro, 2845",1,caixa corrigida
endereco,logradouro,"Rua XV de Novembro, 284","Rua Xv de Novembro, 284",1,caixa corrigida
endereco,logradouro,"Rua XV de Novembro, 2839","Rua Xv de Novembro, 2839",1,caixa corrigida
endereco,logradouro,"Rua XV de Novembro, 2838","Rua Xv de Novembro, 2838",1,caixa corrigida
endereco,logradouro,"Rua XV de Novembro, 2837","Rua Xv de Novembro, 2837",1,caixa corrigida
endereco,logradouro,"Rua XV de Novembro, 2832","Rua Xv de Novembro, 2832",1,caixa corrigida
endereco,logradouro,"R. BRASIL, 2504","Rua Brasil, 2504",1,caixa alta corrigida
endereco,logradouro,"R. BRASIL, 2501","Rua Brasil, 2501",1,caixa alta corrigida
endereco,logradouro,"R. BRASIL, 250","Rua Brasil, 250",1,caixa alta corrigida
endereco,logradouro,"R. BRASIL, 2475","Rua Brasil, 2475",1,caixa alta corrigida
endereco,logradouro,"R. BRASIL, 2458","Rua Brasil, 2458",1,caixa alta corrigida
endereco,logradouro,"R. BRASIL, 245","Rua Brasil, 245",1,caixa alta corrigida
endereco,logradouro,"R. BRASIL, 2442","Rua Brasil, 2442",1,caixa alta corrigida
endereco,logradouro,"R. BRASIL, 2436","Rua Brasil, 2436",1,caixa alta corrigida
endereco,logradouro,"R. BRASIL, 2424","Rua Brasil, 2424",1,caixa alta corrigida
endereco,logradouro,"R. BRASIL, 2403","Rua Brasil, 2403",1,caixa alta corrigida
endereco,logradouro,"R. BRASIL, 2400","Rua Brasil, 2400",1,caixa alta corrigida
endereco,logradouro,"R. BRASIL, 2397","Rua Brasil, 2397",1,caixa alta corrigida
endereco,logradouro,"Rua XV de Novembro, 288","Rua Xv de Novembro, 288",1,caixa corrigida
endereco,logradouro,"Rua XV de Novembro, 2878","Rua Xv de Novembro, 2878",1,caixa corrigida
endereco,logradouro,"Rua XV de Novembro, 2871","Rua Xv de Novembro, 2871",1,caixa corrigida
endereco,logradouro,"Rua XV de Novembro, 287","Rua Xv de Novembro, 287",1,caixa corrigida
endereco,logradouro,"Rua XV de Novembro, 2915","Rua Xv de Novembro, 2915",1,caixa corrigida
endereco,logradouro,"Rua XV de Novembro, 2913","Rua Xv de Novembro, 2913",1,caixa corrigida
endereco,logradouro,"Rua XV de Novembro, 2912","Rua Xv de Novembro, 2912",1,caixa corrigida
endereco,logradouro,"Rua XV de Novembro, 2908","Rua Xv de Novembro, 2908",1,caixa corrigida
endereco,logradouro,"Rua XV de Novembro, 2906","Rua Xv de Novembro, 2906",1,caixa corrigida
endereco,logradouro,"Rua XV de Novembro, 2903","Rua Xv de Novembro, 2903",1,caixa corrigida
endereco,logradouro,"Rua XV de Novembro, 2902","Rua Xv de Novembro, 2902",1,caixa corrigida
endereco,logradouro,"Rua XV de Novembro, 2894","Rua Xv de Novembro, 2894",1,caixa corrigida
endereco,logradouro,"Rua XV de Novembro, 2888","Rua Xv de Novembro, 2888",1,caixa corrigida
endereco,logradouro,"Rua XV de Novembro, 2885","Rua Xv de Novembro, 2885",1,caixa corrigida
endereco,logradouro,"Rua XV de Novembro, 2883","Rua Xv de Novembro, 2883",1,caixa corrigida
endereco,logradouro,"Rua XV de Novembro, 2881","Rua Xv de Novembro, 2881",1,caixa corrigida
endereco,logradouro,"R. BRASIL, 2547","Rua Brasil, 2547",1,caixa alta corrigida
endereco,logradouro,"R. BRASIL, 252","Rua Brasil, 252",1,caixa alta corrigida
endereco,logradouro,"R. BRASIL, 2511","Rua Brasil, 2511",1,caixa alta corrigida
endereco,logradouro,"R. BRASIL, 2506","Rua Brasil, 2506",1,caixa alta corrigida
endereco,logradouro,"Rua XV de Novembro, 2961","Rua Xv de Novembro, 2961",1,caixa corrigida
endereco,logradouro,"Rua XV de Novembro, 2957","Rua Xv de Novembro, 2957",1,caixa corrigida
endereco,logradouro,"Rua XV de Novembro, 2955","Rua Xv de Novembro, 2955",1,caixa corrigida
endereco,logradouro,"Rua XV de Novembro, 2950","Rua Xv de Novembro, 2950",1,caixa corrigida
endereco,logradouro,"Rua XV de Novembro, 2948","Rua Xv de Novembro, 2948",1,caixa corrigida
endereco,logradouro,"Rua XV de Novembro, 2947","Rua Xv de Novembro, 2947",1,caixa corrigida
endereco,logradouro,"Rua XV de Novembro, 2934","Rua Xv de Novembro, 2934",1,caixa corrigida
endereco,logradouro,"Rua XV de Novembro, 2933","Rua Xv de Novembro, 2933",1,caixa corrigida
endereco,logradouro,"Rua XV de Novembro, 2931","Rua Xv de Novembro, 2931",1,caixa corrigida
endereco,logradouro,"Rua XV de Novembro, 2930","Rua Xv de Novembro, 2930",1,caixa corrigida
endereco,logradouro,"Rua XV de Novembro, 2929","Rua Xv de Novembro, 2929",1,caixa corrigida
endereco,logradouro,"Rua XV de Novembro, 2928","Rua Xv de Novembro, 2928",1,caixa corrigida
endereco,logradouro,"Rua XV de Novembro, 2925","Rua Xv de Novembro, 2925",1,caixa corrigida
endereco,logradouro,"Rua XV de Novembro, 2922","Rua Xv de Novembro, 2922",1,caixa corrigida
endereco,logradouro,"Rua XV de Novembro, 292","Rua Xv de Novembro, 292",1,caixa corrigida
endereco,logradouro,"Rua XV de Novembro, 2919","Rua Xv de Novembro, 2919",1,caixa corrigida
endereco,logradouro,"Rua XV de Novembro, 3002","Rua Xv de Novembro, 3002",1,caixa corrigida
endereco,logradouro,"Rua XV de Novembro, 3001","Rua Xv de Novembro, 3001",1,caixa corrigida
endereco,logradouro,"Rua XV de Novembro, 3000","Rua Xv de Novembro, 3000",1,caixa corrigida
endereco,logradouro,"Rua XV de Novembro, 2998","Rua Xv de Novembro, 2998",1,caixa corrigida
endereco,logradouro,"Rua XV de Novembro, 299","Rua Xv de Novembro, 299",1,caixa corrigida
endereco,logradouro,"Rua XV de Novembro, 2987","Rua Xv de Novembro, 2987",1,caixa corrigida
endereco,logradouro,"Rua XV de Novembro, 2986","Rua Xv de Novembro, 2986",1,caixa corrigida
endereco,logradouro,"Rua XV de Novembro, 2982","Rua Xv de Novembro, 2982",1,caixa corrigida
endereco,logradouro,"Rua XV de Novembro, 2981","Rua Xv de Novembro, 2981",1,caixa corrigida
endereco,logradouro,"Rua XV de Novembro, 2978","Rua Xv de Novembro, 2978",1,caixa corrigida
endereco,logradouro,"Rua XV de Novembro, 2977","Rua Xv de Novembro, 2977",1,caixa corrigida
endereco,logradouro,"Rua XV de Novembro, 2976","Rua Xv de Novembro, 2976",1,caixa corrigida
endereco,logradouro,"Rua XV de Novembro, 2969","Rua Xv de Novembro, 2969",1,caixa corrigida
endereco,logradouro,"Rua XV de Novembro, 2967","Rua Xv de Novembro, 2967",1,caixa corrigida
endereco,logradouro,"Rua XV de Novembro, 2966","Rua Xv de Novembro, 2966",1,caixa corrigida
endereco,logradouro,"Rua XV de Novembro, 2965","Rua Xv de Novembro, 2965",1,caixa corrigida
endereco,logradouro,"R. BRASIL, 238","Rua Brasil, 238",1,caixa alta corrigida
endereco,logradouro,"R. BRASIL, 2367","Rua Brasil, 2367",1,caixa alta corrigida
endereco,logradouro,"R. BRASIL, 2360","Rua Brasil, 2360",1,caixa alta corrigida
endereco,logradouro,"R. BRASIL, 236","Rua Brasil, 236",1,caixa alta corrigida
endereco,logradouro,"R. BRASIL, 235","Rua Brasil, 235",1,caixa alta corrigida
endereco,logradouro,"R. BRASIL, 2345","Rua Brasil, 2345",1,caixa alta corrigida
endereco,logradouro,"R. BRASIL, 2330","Rua Brasil, 2330",1,caixa alta corrigida
endereco,logradouro,"R. BRASIL, 2323","Rua Brasil, 2323",1,caixa alta corrigida
endereco,logradouro,"R. BRASIL, 2270","Rua Brasil, 2270",1,caixa alta corrigida
endereco,logradouro,"R. BRASIL, 2261","Rua Brasil, 2261",1,caixa alta corrigida
endereco,logradouro,"R. BRASIL, 2244","Rua Brasil, 2244",1,caixa alta corrigida
endereco,logradouro,"R. BRASIL, 2235","Rua Brasil, 2235",1,caixa alta corrigida
endereco,logradouro,"R. BRASIL, 2231","Rua Brasil, 2231",1,caixa alta corrigida
endereco,logradouro,"R. BRASIL, 2207","Rua Brasil, 2207",1,caixa alta corrigida
endereco,logradouro,"Rua XV de Novembro, 3004","Rua Xv de Novembro, 3004",1,caixa corrigida
endereco,logradouro,"Rua XV de Novembro, 3003","Rua Xv de Novembro, 3003",1,caixa corrigida
endereco,logradouro,"Rua XV de Novembro, 3043","Rua Xv de Novembro, 3043",1,caixa corrigida
endereco,logradouro,"Rua XV de Novembro, 3042","Rua Xv de Novembro, 3042",1,caixa corrigida
endereco,logradouro,"Rua XV de Novembro, 3038","Rua Xv de Novembro, 3038",1,caixa corrigida
endereco,logradouro,"Rua XV de Novembro, 3037","Rua Xv de Novembro, 3037",1,caixa corrigida
endereco,logradouro,"Rua XV de Novembro, 3035","Rua Xv de Novembro, 3035",1,caixa corrigida
endereco,logradouro,"Rua XV de Novembro, 3033","Rua Xv de Novembro, 3033",1,caixa corrigida
endereco,logradouro,"Rua XV de Novembro, 303","Rua Xv de Novembro, 303",1,caixa corrigida
endereco,logradouro,"Rua XV de Novembro, 3029","Rua Xv de Novembro, 3029",1,caixa corrigida
endereco,logradouro,"Rua XV de Novembro, 3027","Rua Xv de Novembro, 3027",1,caixa corrigida
endereco,logradouro,"Rua XV de Novembro, 3023","Rua Xv de Novembro, 3023",1,caixa corrigida
endereco,logradouro,"Rua XV de Novembro, 3022","Rua Xv de Novembro, 3022",1,caixa corrigida
endereco,logradouro,"Rua XV de Novembro, 3021","Rua Xv de Novembro, 3021",1,caixa corrigida
endereco,logradouro,"Rua XV de Novembro, 3019","Rua Xv de Novembro, 3019",1,caixa corrigida
endereco,logradouro,"Rua XV de Novembro, 3010","Rua Xv de Novembro, 3010",1,caixa corrigida
endereco,logradouro,"Rua XV de Novembro, 3006","Rua Xv de Novembro, 3006",1,caixa corrigida
endereco,logradouro,"R. BRASIL, 2382","Rua Brasil, 2382",1,caixa alta corrigida
endereco,logradouro,"Rua XV de Novembro, 309","Rua Xv de Novembro, 309",1,caixa corrigida
endereco,logradouro,"Rua XV de Novembro, 3085","Rua Xv de Novembro, 3085",1,caixa corrigida
endereco,logradouro,"Rua XV de Novembro, 3082","Rua Xv de Novembro, 3082",1,caixa corrigida
endereco,logradouro,"Rua XV de Novembro, 3081","Rua Xv de Novembro, 3081",1,caixa corrigida
endereco,logradouro,"Rua XV de Novembro, 3076","Rua Xv de Novembro, 3076",1,caixa corrigida
endereco,logradouro,"Rua XV de Novembro, 3066","Rua Xv de Novembro, 3066",1,caixa corrigida
endereco,logradouro,"Rua XV de Novembro, 3065","Rua Xv de Novembro, 3065",1,caixa corrigida
endereco,logradouro,"Rua XV de Novembro, 3062","Rua Xv de Novembro, 3062",1,caixa corrigida
endereco,logradouro,"Rua XV de Novembro, 3061","Rua Xv de Novembro, 3061",1,caixa corrigida
endereco,logradouro,"Rua XV de Novembro, 3060","Rua Xv de Novembro, 3060",1,caixa corrigida
endereco,logradouro,"Rua XV de Novembro, 306","Rua Xv de Novembro, 306",1,caixa corrigida
endereco,logradouro,"Rua XV de Novembro, 3059","Rua Xv de Novembro, 3059",1,caixa corrigida
endereco,logradouro,"Rua XV de Novembro, 3056","Rua Xv de Novembro, 3056",1,caixa corrigida
endereco,logradouro,"Rua XV de Novembro, 3054","Rua Xv de Novembro, 3054",1,caixa corrigida
endereco,logradouro,"Rua XV de Novembro, 3048","Rua Xv de Novembro, 3048",1,caixa corrigida
endereco,logradouro,"Rua XV de Novembro, 3044","Rua Xv de Novembro, 3044",1,caixa corrigida
endereco,logradouro,"Rua XV de Novembro, 3131","Rua Xv de Novembro, 3131",1,caixa corrigida
endereco,logradouro,"Rua XV de Novembro, 3129","Rua Xv de Novembro, 3129",1,caixa corrigida
endereco,logradouro,"Rua XV de Novembro, 3128","Rua Xv de Novembro, 3128",1,caixa corrigida
endereco,logradouro,"Rua XV de Novembro, 3124","Rua Xv de Novembro, 3124",1,caixa corrigida
endereco,logradouro,"Rua XV de Novembro, 3123","Rua Xv de Novembro, 3123",1,caixa corrigida
endereco,logradouro,"Rua XV de Novembro, 3111","Rua Xv de Novembro, 3111",1,caixa corrigida
endereco,logradouro,"Rua XV de Novembro, 3109","Rua Xv de Novembro, 3109",1,caixa corrigida
endereco,logradouro,"Rua XV de Novembro, 3107","Rua Xv de Novembro, 3107",1,caixa corrigida
endereco,logradouro,"Rua XV de Novembro, 3106","Rua Xv de Novembro, 3106",1,caixa corrigida
endereco,logradouro,"Rua XV de Novembro, 3102","Rua Xv de Novembro, 3102",1,caixa corrigida
endereco,logradouro,"Rua XV de Novembro, 3101","Rua Xv de Novembro, 3101",1,caixa corrigida
endereco,logradouro,"Rua XV de Novembro, 3098","Rua Xv de Novembro, 3098",1,caixa corrigida
endereco,logradouro,"Rua XV de Novembro, 3096","Rua Xv de Novembro, 3096",1,caixa corrigida
endereco,logradouro,"Rua XV de Novembro, 3095","Rua Xv de Novembro, 3095",1,caixa corrigida
endereco,logradouro,"Rua XV de Novembro, 3093","Rua Xv de Novembro, 3093",1,caixa corrigida
endereco,logradouro,"Rua XV de Novembro, 3090","Rua Xv de Novembro, 3090",1,caixa corrigida
endereco,logradouro,"Rua XV de Novembro, 3173","Rua Xv de Novembro, 3173",1,caixa corrigida
endereco,logradouro,"Rua XV de Novembro, 3172","Rua Xv de Novembro, 3172",1,caixa corrigida
endereco,logradouro,"Rua XV de Novembro, 317","Rua Xv de Novembro, 317",1,caixa corrigida
endereco,logradouro,"Rua XV de Novembro, 3169","Rua Xv de Novembro, 3169",1,caixa corrigida
endereco,logradouro,"Rua XV de Novembro, 3164","Rua Xv de Novembro, 3164",1,caixa corrigida
endereco,logradouro,"Rua XV de Novembro, 3162","Rua Xv de Novembro, 3162",1,caixa corrigida
endereco,logradouro,"Rua XV de Novembro, 3161","Rua Xv de Novembro, 3161",1,caixa corrigida
endereco,logradouro,"Rua XV de Novembro, 3160","Rua Xv de Novembro, 3160",1,caixa corrigida
endereco,logradouro,"Rua XV de Novembro, 3155","Rua Xv de Novembro, 3155",1,caixa corrigida
endereco,logradouro,"Rua XV de Novembro, 3152","Rua Xv de Novembro, 3152",1,caixa corrigida
endereco,logradouro,"Rua XV de Novembro, 315","Rua Xv de Novembro, 315",1,caixa corrigida
endereco,logradouro,"Rua XV de Novembro, 3148","Rua Xv de Novembro, 3148",1,caixa corrigida
endereco,logradouro,"Rua XV de Novembro, 3147","Rua Xv de Novembro, 3147",1,caixa corrigida
endereco,logradouro,"Rua XV de Novembro, 3144","Rua Xv de Novembro, 3144",1,caixa corrigida
endereco,logradouro,"Rua XV de Novembro, 3142","Rua Xv de Novembro, 3142",1,caixa corrigida
endereco,logradouro,"Rua XV de Novembro, 3135","Rua Xv de Novembro, 3135",1,caixa corrigida
endereco,logradouro,"Rua XV de Novembro, 3205","Rua Xv de Novembro, 3205",1,caixa corrigida
endereco,logradouro,"Rua XV de Novembro, 3203","Rua Xv de Novembro, 3203",1,caixa corrigida
endereco,logradouro,"Rua XV de Novembro, 3202","Rua Xv de Novembro, 3202",1,caixa corrigida
endereco,logradouro,"Rua XV de Novembro, 3200","Rua Xv de Novembro, 3200",1,caixa corrigida
endereco,logradouro,"Rua XV de Novembro, 320","Rua Xv de Novembro, 320",1,caixa corrigida
endereco,logradouro,"Rua XV de Novembro, 32","Rua Xv de Novembro, 32",1,caixa corrigida
endereco,logradouro,"Rua XV de Novembro, 3194","Rua Xv de Novembro, 3194",1,caixa corrigida
endereco,logradouro,"Rua XV de Novembro, 3193","Rua Xv de Novembro, 3193",1,caixa corrigida
endereco,logradouro,"Rua XV de Novembro, 3191","Rua Xv de Novembro, 3191",1,caixa corrigida
endereco,logradouro,"Rua XV de Novembro, 3189","Rua Xv de Novembro, 3189",1,caixa corrigida
endereco,logradouro,"Rua XV de Novembro, 3187","Rua Xv de Novembro, 3187",1,caixa corrigida
endereco,logradouro,"Rua XV de Novembro, 3185","Rua Xv de Novembro, 3185",1,caixa corrigida
endereco,logradouro,"Rua XV de Novembro, 3180","Rua Xv de Novembro, 3180",1,caixa corrigida
endereco,logradouro,"Rua XV de Novembro, 318","Rua Xv de Novembro, 318",1,caixa corrigida
endereco,logradouro,"Rua XV de Novembro, 3179","Rua Xv de Novembro, 3179",1,caixa corrigida
endereco,logradouro,"Rua XV de Novembro, 3175","Rua Xv de Novembro, 3175",1,caixa corrigida
endereco,logradouro,"R. BRASIL, 2162","Rua Brasil, 2162",1,caixa alta corrigida
endereco,logradouro,"R. BRASIL, 2154","Rua Brasil, 2154",1,caixa alta corrigida
endereco,logradouro,"R. BRASIL, 2143","Rua Brasil, 2143",1,caixa alta corrigida
endereco,logradouro,"R. BRASIL, 2138","Rua Brasil, 2138",1,caixa alta corrigida
endereco,logradouro,"R. BRASIL, 2129","Rua Brasil, 2129",1,caixa alta corrigida
endereco,logradouro,"R. BRASIL, 210","Rua Brasil, 210",1,caixa alta corrigida
endereco,logradouro,"R. BRASIL, 2097","Rua Brasil, 2097",1,caixa alta corrigida
endereco,logradouro,"R. BRASIL, 2066","Rua Brasil, 2066",1,caixa alta corrigida
endereco,logradouro,"R. BRASIL, 2057","Rua Brasil, 2057",1,caixa alta corrigida
endereco,logradouro,"R. BRASIL, 2054","Rua Brasil, 2054",1,caixa alta corrigida
endereco,logradouro,"R. BRASIL, 2047","Rua Brasil, 2047",1,caixa alta corrigida
endereco,logradouro,"R. BRASIL, 2039","Rua Brasil, 2039",1,caixa alta corrigida
endereco,logradouro,"Rua XV de Novembro, 3222","Rua Xv de Novembro, 3222",1,caixa corrigida
endereco,logradouro,"Rua XV de Novembro, 3219","Rua Xv de Novembro, 3219",1,caixa corrigida
endereco,logradouro,"Rua XV de Novembro, 3216","Rua Xv de Novembro, 3216",1,caixa corrigida
endereco,logradouro,"Rua XV de Novembro, 3215","Rua Xv de Novembro, 3215",1,caixa corrigida
endereco,logradouro,"Rua XV de Novembro, 3264","Rua Xv de Novembro, 3264",1,caixa corrigida
endereco,logradouro,"Rua XV de Novembro, 3263","Rua Xv de Novembro, 3263",1,caixa corrigida
endereco,logradouro,"Rua XV de Novembro, 3255","Rua Xv de Novembro, 3255",1,caixa corrigida
endereco,logradouro,"Rua XV de Novembro, 3253","Rua Xv de Novembro, 3253",1,caixa corrigida
endereco,logradouro,"Rua XV de Novembro, 3249","Rua Xv de Novembro, 3249",1,caixa corrigida
endereco,logradouro,"Rua XV de Novembro, 3248","Rua Xv de Novembro, 3248",1,caixa corrigida
endereco,logradouro,"Rua XV de Novembro, 3244","Rua Xv de Novembro, 3244",1,caixa corrigida
endereco,logradouro,"Rua XV de Novembro, 3242","Rua Xv de Novembro, 3242",1,caixa corrigida
endereco,logradouro,"Rua XV de Novembro, 324","Rua Xv de Novembro, 324",1,caixa corrigida
endereco,logradouro,"Rua XV de Novembro, 3239","Rua Xv de Novembro, 3239",1,caixa corrigida
endereco,logradouro,"Rua XV de Novembro, 3237","Rua Xv de Novembro, 3237",1,caixa corrigida
endereco,logradouro,"Rua XV de Novembro, 3236","Rua Xv de Novembro, 3236",1,caixa corrigida
endereco,logradouro,"Rua XV de Novembro, 3232","Rua Xv de Novembro, 3232",1,caixa corrigida
endereco,logradouro,"Rua XV de Novembro, 3230","Rua Xv de Novembro, 3230",1,caixa corrigida
endereco,logradouro,"R. BRASIL, 2193","Rua Brasil, 2193",1,caixa alta corrigida
endereco,logradouro,"R. BRASIL, 219","Rua Brasil, 219",1,caixa alta corrigida
endereco,logradouro,"Rua XV de Novembro, 3317","Rua Xv de Novembro, 3317",1,caixa corrigida
endereco,logradouro,"Rua XV de Novembro, 3312","Rua Xv de Novembro, 3312",1,caixa corrigida
endereco,logradouro,"Rua XV de Novembro, 3310","Rua Xv de Novembro, 3310",1,caixa corrigida
endereco,logradouro,"Rua XV de Novembro, 3307","Rua Xv de Novembro, 3307",1,caixa corrigida
endereco,logradouro,"Rua XV de Novembro, 3306","Rua Xv de Novembro, 3306",1,caixa corrigida
endereco,logradouro,"Rua XV de Novembro, 3304","Rua Xv de Novembro, 3304",1,caixa corrigida
endereco,logradouro,"Rua XV de Novembro, 3302","Rua Xv de Novembro, 3302",1,caixa corrigida
endereco,logradouro,"Rua XV de Novembro, 3293","Rua Xv de Novembro, 3293",1,caixa corrigida
endereco,logradouro,"Rua XV de Novembro, 3289","Rua Xv de Novembro, 3289",1,caixa corrigida
endereco,logradouro,"Rua XV de Novembro, 3286","Rua Xv de Novembro, 3286",1,caixa corrigida
endereco,logradouro,"Rua XV de Novembro, 3285","Rua Xv de Novembro, 3285",1,caixa corrigida
endereco,logradouro,"Rua XV de Novembro, 3281","Rua Xv de Novembro, 3281",1,caixa corrigida
endereco,logradouro,"Rua XV de Novembro, 3277","Rua Xv de Novembro, 3277",1,caixa corrigida
endereco,logradouro,"Rua XV de Novembro, 3276","Rua Xv de Novembro, 3276",1,caixa corrigida
endereco,logradouro,"Rua XV de Novembro, 3272","Rua Xv de Novembro, 3272",1,caixa corrigida
endereco,logradouro,"Rua XV de Novembro, 3267","Rua Xv de Novembro, 3267",1,caixa corrigida
endereco,logradouro,"Rua XV de Novembro, 3374","Rua Xv de Novembro, 3374",1,caixa corrigida
endereco,logradouro,"Rua XV de Novembro, 337","Rua Xv de Novembro, 337",1,caixa corrigida
endereco,logradouro,"Rua XV de Novembro, 3368","Rua Xv de Novembro, 3368",1,caixa corrigida
endereco,logradouro,"Rua XV de Novembro, 3365","Rua Xv de Novembro, 3365",1,caixa corrigida
endereco,logradouro,"Rua XV de Novembro, 3363","Rua Xv de Novembro, 3363",1,caixa corrigida
endereco,logradouro,"Rua XV de Novembro, 3361","Rua Xv de Novembro, 3361",1,caixa corrigida
endereco,logradouro,"Rua XV de Novembro, 3357","Rua Xv de Novembro, 3357",1,caixa corrigida
endereco,logradouro,"Rua XV de Novembro, 3355","Rua Xv de Novembro, 3355",1,caixa corrigida
endereco,logradouro,"Rua XV de Novembro, 335","Rua Xv de Novembro, 335",1,caixa corrigida
endereco,logradouro,"Rua XV de Novembro, 3349","Rua Xv de Novembro, 3349",1,caixa corrigida
endereco,logradouro,"Rua XV de Novembro, 3346","Rua Xv de Novembro, 3346",1,caixa corrigida
endereco,logradouro,"Rua XV de Novembro, 3345","Rua Xv de Novembro, 3345",1,caixa corrigida
endereco,logradouro,"Rua XV de Novembro, 3344","Rua Xv de Novembro, 3344",1,caixa corrigida
endereco,logradouro,"Rua XV de Novembro, 3338","Rua Xv de Novembro, 3338",1,caixa corrigida
endereco,logradouro,"Rua XV de Novembro, 3333","Rua Xv de Novembro, 3333",1,caixa corrigida
endereco,logradouro,"Rua XV de Novembro, 3318","Rua Xv de Novembro, 3318",1,caixa corrigida
endereco,logradouro,"R. BRASIL, 2032","Rua Brasil, 2032",1,caixa alta corrigida
endereco,logradouro,"R. BRASIL, 1999","Rua Brasil, 1999",1,caixa alta corrigida
endereco,logradouro,"R. BRASIL, 1990","Rua Brasil, 1990",1,caixa alta corrigida
endereco,logradouro,"R. BRASIL, 1989","Rua Brasil, 1989",1,caixa alta corrigida
endereco,logradouro,"R. BRASIL, 1987","Rua Brasil, 1987",1,caixa alta corrigida
endereco,logradouro,"R. BRASIL, 1982","Rua Brasil, 1982",1,caixa alta corrigida
endereco,logradouro,"R. BRASIL, 1978","Rua Brasil, 1978",1,caixa alta corrigida
endereco,logradouro,"R. BRASIL, 1974","Rua Brasil, 1974",1,caixa alta corrigida
endereco,logradouro,"R. BRASIL, 1961","Rua Brasil, 1961",1,caixa alta corrigida
endereco,logradouro,"R. BRASIL, 1879","Rua Brasil, 1879",1,caixa alta corrigida
endereco,logradouro,"R. BRASIL, 1875","Rua Brasil, 1875",1,caixa alta corrigida
endereco,logradouro,"R. BRASIL, 187","Rua Brasil, 187",1,caixa alta corrigida
endereco,logradouro,"R. BRASIL, 1846","Rua Brasil, 1846",1,caixa alta corrigida
endereco,logradouro,"R. BRASIL, 1834","Rua Brasil, 1834",1,caixa alta corrigida
endereco,logradouro,"Rua XV de Novembro, 3376","Rua Xv de Novembro, 3376",1,caixa corrigida
endereco,logradouro,"Rua XV de Novembro, 3375","Rua Xv de Novembro, 3375",1,caixa corrigida
endereco,logradouro,"Rua XV de Novembro, 342","Rua Xv de Novembro, 342",1,caixa corrigida
endereco,logradouro,"Rua XV de Novembro, 3418","Rua Xv de Novembro, 3418",1,caixa corrigida
endereco,logradouro,"Rua XV de Novembro, 3417","Rua Xv de Novembro, 3417",1,caixa corrigida
endereco,logradouro,"Rua XV de Novembro, 3406","Rua Xv de Novembro, 3406",1,caixa corrigida
endereco,logradouro,"Rua XV de Novembro, 3405","Rua Xv de Novembro, 3405",1,caixa corrigida
endereco,logradouro,"Rua XV de Novembro, 3402","Rua Xv de Novembro, 3402",1,caixa corrigida
endereco,logradouro,"Rua XV de Novembro, 340","Rua Xv de Novembro, 340",1,caixa corrigida
endereco,logradouro,"Rua XV de Novembro, 34","Rua Xv de Novembro, 34",1,caixa corrigida
endereco,logradouro,"Rua XV de Novembro, 3394","Rua Xv de Novembro, 3394",1,caixa corrigida
endereco,logradouro,"Rua XV de Novembro, 3391","Rua Xv de Novembro, 3391",1,caixa corrigida
endereco,logradouro,"Rua XV de Novembro, 3384","Rua Xv de Novembro, 3384",1,caixa corrigida
endereco,logradouro,"Rua XV de Novembro, 3383","Rua Xv de Novembro, 3383",1,caixa corrigida
endereco,logradouro,"Rua XV de Novembro, 3381","Rua Xv de Novembro, 3381",1,caixa corrigida
endereco,logradouro,"Rua XV de Novembro, 3380","Rua Xv de Novembro, 3380",1,caixa corrigida
endereco,logradouro,"Rua XV de Novembro, 3378","Rua Xv de Novembro, 3378",1,caixa corrigida
endereco,logradouro,"R. BRASIL, 2035","Rua Brasil, 2035",1,caixa alta corrigida
endereco,logradouro,"Rua XV de Novembro, 3457","Rua Xv de Novembro, 3457",1,caixa corrigida
endereco,logradouro,"Rua XV de Novembro, 3453","Rua Xv de Novembro, 3453",1,caixa corrigida
endereco,logradouro,"Rua XV de Novembro, 3452","Rua Xv de Novembro, 3452",1,caixa corrigida
endereco,logradouro,"Rua XV de Novembro, 345","Rua Xv de Novembro, 345",1,caixa corrigida
endereco,logradouro,"Rua XV de Novembro, 3448","Rua Xv de Novembro, 3448",1,caixa corrigida
endereco,logradouro,"Rua XV de Novembro, 3443","Rua Xv de Novembro, 3443",1,caixa corrigida
endereco,logradouro,"Rua XV de Novembro, 3441","Rua Xv de Novembro, 3441",1,caixa corrigida
endereco,logradouro,"Rua XV de Novembro, 344","Rua Xv de Novembro, 344",1,caixa corrigida
endereco,logradouro,"Rua XV de Novembro, 3433","Rua Xv de Novembro, 3433",1,caixa corrigida
endereco,logradouro,"Rua XV de Novembro, 3432","Rua Xv de Novembro, 3432",1,caixa corrigida
endereco,logradouro,"Rua XV de Novembro, 3430","Rua Xv de Novembro, 3430",1,caixa corrigida
endereco,logradouro,"Rua XV de Novembro, 343","Rua Xv de Novembro, 343",1,caixa corrigida
endereco,logradouro,"Rua XV de Novembro, 3428","Rua Xv de Novembro, 3428",1,caixa corrigida
endereco,logradouro,"Rua XV de Novembro, 3424","Rua Xv de Novembro, 3424",1,caixa corrigida
endereco,logradouro,"Rua XV de Novembro, 3423","Rua Xv de Novembro, 3423",1,caixa corrigida
endereco,logradouro,"Rua XV de Novembro, 3422","Rua Xv de Novembro, 3422",1,caixa corrigida
endereco,logradouro,"Rua XV de Novembro, 3520","Rua Xv de Novembro, 3520",1,caixa corrigida
endereco,logradouro,"Rua XV de Novembro, 352","Rua Xv de Novembro, 352",1,caixa corrigida
endereco,logradouro,"Rua XV de Novembro, 3514","Rua Xv de Novembro, 3514",1,caixa corrigida
endereco,logradouro,"Rua XV de Novembro, 3507","Rua Xv de Novembro, 3507",1,caixa corrigida
endereco,logradouro,"Rua XV de Novembro, 3506","Rua Xv de Novembro, 3506",1,caixa corrigida
endereco,logradouro,"Rua XV de Novembro, 3503","Rua Xv de Novembro, 3503",1,caixa corrigida
endereco,logradouro,"Rua XV de Novembro, 35","Rua Xv de Novembro, 35",1,caixa corrigida
endereco,logradouro,"Rua XV de Novembro, 3495","Rua Xv de Novembro, 3495",1,caixa corrigida
endereco,logradouro,"Rua XV de Novembro, 3494","Rua Xv de Novembro, 3494",1,caixa corrigida
endereco,logradouro,"Rua XV de Novembro, 3488","Rua Xv de Novembro, 3488",1,caixa corrigida
endereco,logradouro,"Rua XV de Novembro, 3485","Rua Xv de Novembro, 3485",1,caixa corrigida
endereco,logradouro,"Rua XV de Novembro, 3483","Rua Xv de Novembro, 3483",1,caixa corrigida
endereco,logradouro,"Rua XV de Novembro, 348","Rua Xv de Novembro, 348",1,caixa corrigida
endereco,logradouro,"Rua XV de Novembro, 3477","Rua Xv de Novembro, 3477",1,caixa corrigida
endereco,logradouro,"Rua XV de Novembro, 3476","Rua Xv de Novembro, 3476",1,caixa corrigida
endereco,logradouro,"Rua XV de Novembro, 346","Rua Xv de Novembro, 346",1,caixa corrigida
endereco,logradouro,"Rua XV de Novembro, 3579","Rua Xv de Novembro, 3579",1,caixa corrigida
endereco,logradouro,"Rua XV de Novembro, 3575","Rua Xv de Novembro, 3575",1,caixa corrigida
endereco,logradouro,"Rua XV de Novembro, 3574","Rua Xv de Novembro, 3574",1,caixa corrigida
endereco,logradouro,"Rua XV de Novembro, 357","Rua Xv de Novembro, 357",1,caixa corrigida
endereco,logradouro,"Rua XV de Novembro, 3566","Rua Xv de Novembro, 3566",1,caixa corrigida
endereco,logradouro,"Rua XV de Novembro, 3562","Rua Xv de Novembro, 3562",1,caixa corrigida
endereco,logradouro,"Rua XV de Novembro, 3561","Rua Xv de Novembro, 3561",1,caixa corrigida
endereco,logradouro,"Rua XV de Novembro, 3554","Rua Xv de Novembro, 3554",1,caixa corrigida
endereco,logradouro,"Rua XV de Novembro, 3550","Rua Xv de Novembro, 3550",1,caixa corrigida
endereco,logradouro,"Rua XV de Novembro, 3547","Rua Xv de Novembro, 3547",1,caixa corrigida
endereco,logradouro,"Rua XV de Novembro, 3545","Rua Xv de Novembro, 3545",1,caixa corrigida
endereco,logradouro,"Rua XV de Novembro, 3543","Rua Xv de Novembro, 3543",1,caixa corrigida
endereco,logradouro,"Rua XV de Novembro, 354","Rua Xv de Novembro, 354",1,caixa corrigida
endereco,logradouro,"Rua XV de Novembro, 3528","Rua Xv de Novembro, 3528",1,caixa corrigida
endereco,logradouro,"Rua XV de Novembro, 3526","Rua Xv de Novembro, 3526",1,caixa corrigida
endereco,logradouro,"Rua XV de Novembro, 3522","Rua Xv de Novembro, 3522",1,caixa corrigida
endereco,logradouro,"R. BRASIL, 182","Rua Brasil, 182",1,caixa alta corrigida
endereco,logradouro,"R. BRASIL, 1819","Rua Brasil, 1819",1,caixa alta corrigida
endereco,logradouro,"R. BRASIL, 1812","Rua Brasil, 1812",1,caixa alta corrigida
endereco,logradouro,"R. BRASIL, 1809","Rua Brasil, 1809",1,caixa alta corrigida
endereco,logradouro,"R. BRASIL, 1802","Rua Brasil, 1802",1,caixa alta corrigida
endereco,logradouro,"R. BRASIL, 1765","Rua Brasil, 1765",1,caixa alta corrigida
endereco,logradouro,"R. BRASIL, 1755","Rua Brasil, 1755",1,caixa alta corrigida
endereco,logradouro,"R. BRASIL, 1749","Rua Brasil, 1749",1,caixa alta corrigida
endereco,logradouro,"R. BRASIL, 1739","Rua Brasil, 1739",1,caixa alta corrigida
endereco,logradouro,"R. BRASIL, 1730","Rua Brasil, 1730",1,caixa alta corrigida
endereco,logradouro,"R. BRASIL, 172","Rua Brasil, 172",1,caixa alta corrigida
endereco,logradouro,"R. BRASIL, 1719","Rua Brasil, 1719",1,caixa alta corrigida
endereco,logradouro,"R. BRASIL, 1707","Rua Brasil, 1707",1,caixa alta corrigida
endereco,logradouro,"R. BRASIL, 1701","Rua Brasil, 1701",1,caixa alta corrigida
endereco,logradouro,"R. BRASIL, 1696","Rua Brasil, 1696",1,caixa alta corrigida
endereco,logradouro,"Rua XV de Novembro, 3580","Rua Xv de Novembro, 3580",1,caixa corrigida
endereco,logradouro,"Rua XV de Novembro, 3615","Rua Xv de Novembro, 3615",1,caixa corrigida
endereco,logradouro,"Rua XV de Novembro, 3612","Rua Xv de Novembro, 3612",1,caixa corrigida
endereco,logradouro,"Rua XV de Novembro, 361","Rua Xv de Novembro, 361",1,caixa corrigida
endereco,logradouro,"Rua XV de Novembro, 3607","Rua Xv de Novembro, 3607",1,caixa corrigida
endereco,logradouro,"Rua XV de Novembro, 3605","Rua Xv de Novembro, 3605",1,caixa corrigida
endereco,logradouro,"Rua XV de Novembro, 3604","Rua Xv de Novembro, 3604",1,caixa corrigida
endereco,logradouro,"Rua XV de Novembro, 3603","Rua Xv de Novembro, 3603",1,caixa corrigida
endereco,logradouro,"Rua XV de Novembro, 3601","Rua Xv de Novembro, 3601",1,caixa corrigida
endereco,logradouro,"Rua XV de Novembro, 3599","Rua Xv de Novembro, 3599",1,caixa corrigida
endereco,logradouro,"Rua XV de Novembro, 3598","Rua Xv de Novembro, 3598",1,caixa corrigida
endereco,logradouro,"Rua XV de Novembro, 3595","Rua Xv de Novembro, 3595",1,caixa corrigida
endereco,logradouro,"Rua XV de Novembro, 3593","Rua Xv de Novembro, 3593",1,caixa corrigida
endereco,logradouro,"Rua XV de Novembro, 3590","Rua Xv de Novembro, 3590",1,caixa corrigida
endereco,logradouro,"Rua XV de Novembro, 3583","Rua Xv de Novembro, 3583",1,caixa corrigida
endereco,logradouro,"Rua XV de Novembro, 3581","Rua Xv de Novembro, 3581",1,caixa corrigida
endereco,logradouro,"R. BRASIL, 1831","Rua Brasil, 1831",1,caixa alta corrigida
endereco,logradouro,"Rua XV de Novembro, 3666","Rua Xv de Novembro, 3666",1,caixa corrigida
endereco,logradouro,"Rua XV de Novembro, 3665","Rua Xv de Novembro, 3665",1,caixa corrigida
endereco,logradouro,"Rua XV de Novembro, 3658","Rua Xv de Novembro, 3658",1,caixa corrigida
endereco,logradouro,"Rua XV de Novembro, 3657","Rua Xv de Novembro, 3657",1,caixa corrigida
endereco,logradouro,"Rua XV de Novembro, 3654","Rua Xv de Novembro, 3654",1,caixa corrigida
endereco,logradouro,"Rua XV de Novembro, 3651","Rua Xv de Novembro, 3651",1,caixa corrigida
endereco,logradouro,"Rua XV de Novembro, 3646","Rua Xv de Novembro, 3646",1,caixa corrigida
endereco,logradouro,"Rua XV de Novembro, 3643","Rua Xv de Novembro, 3643",1,caixa corrigida
endereco,logradouro,"Rua XV de Novembro, 3635","Rua Xv de Novembro, 3635",1,caixa corrigida
endereco,logradouro,"Rua XV de Novembro, 3632","Rua Xv de Novembro, 3632",1,caixa corrigida
endereco,logradouro,"Rua XV de Novembro, 3631","Rua Xv de Novembro, 3631",1,caixa corrigida
endereco,logradouro,"Rua XV de Novembro, 363","Rua Xv de Novembro, 363",1,caixa corrigida
endereco,logradouro,"Rua XV de Novembro, 3628","Rua Xv de Novembro, 3628",1,caixa corrigida
endereco,logradouro,"Rua XV de Novembro, 3623","Rua Xv de Novembro, 3623",1,caixa corrigida
endereco,logradouro,"Rua XV de Novembro, 362","Rua Xv de Novembro, 362",1,caixa corrigida
endereco,logradouro,"Rua XV de Novembro, 3619","Rua Xv de Novembro, 3619",1,caixa corrigida
endereco,logradouro,"Rua XV de Novembro, 373","Rua Xv de Novembro, 373",1,caixa corrigida
endereco,logradouro,"Rua XV de Novembro, 3724","Rua Xv de Novembro, 3724",1,caixa corrigida
endereco,logradouro,"Rua XV de Novembro, 3723","Rua Xv de Novembro, 3723",1,caixa corrigida
endereco,logradouro,"Rua XV de Novembro, 3719","Rua Xv de Novembro, 3719",1,caixa corrigida
endereco,logradouro,"Rua XV de Novembro, 3714","Rua Xv de Novembro, 3714",1,caixa corrigida
endereco,logradouro,"Rua XV de Novembro, 3713","Rua Xv de Novembro, 3713",1,caixa corrigida
endereco,logradouro,"Rua XV de Novembro, 370","Rua Xv de Novembro, 370",1,caixa corrigida
endereco,logradouro,"Rua XV de Novembro, 3697","Rua Xv de Novembro, 3697",1,caixa corrigida
endereco,logradouro,"Rua XV de Novembro, 3695","Rua Xv de Novembro, 3695",1,caixa corrigida
endereco,logradouro,"Rua XV de Novembro, 3692","Rua Xv de Novembro, 3692",1,caixa corrigida
endereco,logradouro,"Rua XV de Novembro, 3683","Rua Xv de Novembro, 3683",1,caixa corrigida
endereco,logradouro,"Rua XV de Novembro, 3678","Rua Xv de Novembro, 3678",1,caixa corrigida
endereco,logradouro,"Rua XV de Novembro, 3677","Rua Xv de Novembro, 3677",1,caixa corrigida
endereco,logradouro,"Rua XV de Novembro, 3673","Rua Xv de Novembro, 3673",1,caixa corrigida
endereco,logradouro,"Rua XV de Novembro, 3671","Rua Xv de Novembro, 3671",1,caixa corrigida
endereco,logradouro,"Rua XV de Novembro, 3668","Rua Xv de Novembro, 3668",1,caixa corrigida
endereco,logradouro,"R. BRASIL, 166","Rua Brasil, 166",1,caixa alta corrigida
endereco,logradouro,"R. BRASIL, 1635","Rua Brasil, 1635",1,caixa alta corrigida
endereco,logradouro,"R. BRASIL, 1629","Rua Brasil, 1629",1,caixa alta corrigida
endereco,logradouro,"R. BRASIL, 1606","Rua Brasil, 1606",1,caixa alta corrigida
endereco,logradouro,"R. BRASIL, 1539","Rua Brasil, 1539",1,caixa alta corrigida
endereco,logradouro,"R. BRASIL, 1531","Rua Brasil, 1531",1,caixa alta corrigida
endereco,logradouro,"R. BRASIL, 152","Rua Brasil, 152",1,caixa alta corrigida
endereco,logradouro,"R. BRASIL, 1503","Rua Brasil, 1503",1,caixa alta corrigida
endereco,logradouro,"R. BRASIL, 1500","Rua Brasil, 1500",1,caixa alta corrigida
endereco,logradouro,"R. BRASIL, 1487","Rua Brasil, 1487",1,caixa alta corrigida
endereco,logradouro,"R. BRASIL, 1475","Rua Brasil, 1475",1,caixa alta corrigida
endereco,logradouro,"R. BRASIL, 1473","Rua Brasil, 1473",1,caixa alta corrigida
endereco,logradouro,"R. BRASIL, 1468","Rua Brasil, 1468",1,caixa alta corrigida
endereco,logradouro,"Rua XV de Novembro, 3744","Rua Xv de Novembro, 3744",1,caixa corrigida
endereco,logradouro,"Rua XV de Novembro, 3743","Rua Xv de Novembro, 3743",1,caixa corrigida
endereco,logradouro,"Rua XV de Novembro, 3739","Rua Xv de Novembro, 3739",1,caixa corrigida
endereco,logradouro,"Rua XV de Novembro, 3792","Rua Xv de Novembro, 3792",1,caixa corrigida
endereco,logradouro,"Rua XV de Novembro, 379","Rua Xv de Novembro, 379",1,caixa corrigida
endereco,logradouro,"Rua XV de Novembro, 3787","Rua Xv de Novembro, 3787",1,caixa corrigida
endereco,logradouro,"Rua XV de Novembro, 3786","Rua Xv de Novembro, 3786",1,caixa corrigida
endereco,logradouro,"Rua XV de Novembro, 3785","Rua Xv de Novembro, 3785",1,caixa corrigida
endereco,logradouro,"Rua XV de Novembro, 3782","Rua Xv de Novembro, 3782",1,caixa corrigida
endereco,logradouro,"Rua XV de Novembro, 3776","Rua Xv de Novembro, 3776",1,caixa corrigida
endereco,logradouro,"Rua XV de Novembro, 3774","Rua Xv de Novembro, 3774",1,caixa corrigida
endereco,logradouro,"Rua XV de Novembro, 3769","Rua Xv de Novembro, 3769",1,caixa corrigida
endereco,logradouro,"Rua XV de Novembro, 3762","Rua Xv de Novembro, 3762",1,caixa corrigida
endereco,logradouro,"Rua XV de Novembro, 3756","Rua Xv de Novembro, 3756",1,caixa corrigida
endereco,logradouro,"Rua XV de Novembro, 3752","Rua Xv de Novembro, 3752",1,caixa corrigida
endereco,logradouro,"Rua XV de Novembro, 3748","Rua Xv de Novembro, 3748",1,caixa corrigida
endereco,logradouro,"R. BRASIL, 1693","Rua Brasil, 1693",1,caixa alta corrigida
endereco,logradouro,"R. BRASIL, 1679","Rua Brasil, 1679",1,caixa alta corrigida
endereco,logradouro,"R. BRASIL, 1676","Rua Brasil, 1676",1,caixa alta corrigida
endereco,logradouro,"Rua XV de Novembro, 3838","Rua Xv de Novembro, 3838",1,caixa corrigida
endereco,logradouro,"Rua XV de Novembro, 3837","Rua Xv de Novembro, 3837",1,caixa corrigida
endereco,logradouro,"Rua XV de Novembro, 3831","Rua Xv de Novembro, 3831",1,caixa corrigida
endereco,logradouro,"Rua XV de Novembro, 3829","Rua Xv de Novembro, 3829",1,caixa corrigida
endereco,logradouro,"Rua XV de Novembro, 382","Rua Xv de Novembro, 382",1,caixa corrigida
endereco,logradouro,"Rua XV de Novembro, 3817","Rua Xv de Novembro, 3817",1,caixa corrigida
endereco,logradouro,"Rua XV de Novembro, 3812","Rua Xv de Novembro, 3812",1,caixa corrigida
endereco,logradouro,"Rua XV de Novembro, 3811","Rua Xv de Novembro, 3811",1,caixa corrigida
endereco,logradouro,"Rua XV de Novembro, 3809","Rua Xv de Novembro, 3809",1,caixa corrigida
endereco,logradouro,"Rua XV de Novembro, 3808","Rua Xv de Novembro, 3808",1,caixa corrigida
endereco,logradouro,"Rua XV de Novembro, 3803","Rua Xv de Novembro, 3803",1,caixa corrigida
endereco,logradouro,"Rua XV de Novembro, 3801","Rua Xv de Novembro, 3801",1,caixa corrigida
endereco,logradouro,"Rua XV de Novembro, 3800","Rua Xv de Novembro, 3800",1,caixa corrigida
endereco,logradouro,"Rua XV de Novembro, 3797","Rua Xv de Novembro, 3797",1,caixa corrigida
endereco,logradouro,"Rua XV de Novembro, 3796","Rua Xv de Novembro, 3796",1,caixa corrigida
endereco,logradouro,"Rua XV de Novembro, 3794","Rua Xv de Novembro, 3794",1,caixa corrigida
endereco,logradouro,"Rua XV de Novembro, 389","Rua Xv de Novembro, 389",1,caixa corrigida
endereco,logradouro,"Rua XV de Novembro, 3879","Rua Xv de Novembro, 3879",1,caixa corrigida
endereco,logradouro,"Rua XV de Novembro, 3878","Rua Xv de Novembro, 3878",1,caixa corrigida
endereco,logradouro,"Rua XV de Novembro, 3876","Rua Xv de Novembro, 3876",1,caixa corrigida
endereco,logradouro,"Rua XV de Novembro, 3875","Rua Xv de Novembro, 3875",1,caixa corrigida
endereco,logradouro,"Rua XV de Novembro, 3871","Rua Xv de Novembro, 3871",1,caixa corrigida
endereco,logradouro,"Rua XV de Novembro, 3869","Rua Xv de Novembro, 3869",1,caixa corrigida
endereco,logradouro,"Rua XV de Novembro, 3858","Rua Xv de Novembro, 3858",1,caixa corrigida
endereco,logradouro,"Rua XV de Novembro, 3855","Rua Xv de Novembro, 3855",1,caixa corrigida
endereco,logradouro,"Rua XV de Novembro, 3852","Rua Xv de Novembro, 3852",1,caixa corrigida
endereco,logradouro,"Rua XV de Novembro, 3851","Rua Xv de Novembro, 3851",1,caixa corrigida
endereco,logradouro,"Rua XV de Novembro, 3848","Rua Xv de Novembro, 3848",1,caixa corrigida
endereco,logradouro,"Rua XV de Novembro, 3845","Rua Xv de Novembro, 3845",1,caixa corrigida
endereco,logradouro,"Rua XV de Novembro, 3843","Rua Xv de Novembro, 3843",1,caixa corrigida
endereco,logradouro,"Rua XV de Novembro, 3842","Rua Xv de Novembro, 3842",1,caixa corrigida
endereco,logradouro,"Rua XV de Novembro, 384","Rua Xv de Novembro, 384",1,caixa corrigida
endereco,logradouro,"Rua XV de Novembro, 3932","Rua Xv de Novembro, 3932",1,caixa corrigida
endereco,logradouro,"Rua XV de Novembro, 3929","Rua Xv de Novembro, 3929",1,caixa corrigida
endereco,logradouro,"Rua XV de Novembro, 3920","Rua Xv de Novembro, 3920",1,caixa corrigida
endereco,logradouro,"Rua XV de Novembro, 3919","Rua Xv de Novembro, 3919",1,caixa corrigida
endereco,logradouro,"Rua XV de Novembro, 3918","Rua Xv de Novembro, 3918",1,caixa corrigida
endereco,logradouro,"Rua XV de Novembro, 3915","Rua Xv de Novembro, 3915",1,caixa corrigida
endereco,logradouro,"Rua XV de Novembro, 3913","Rua Xv de Novembro, 3913",1,caixa corrigida
endereco,logradouro,"Rua XV de Novembro, 3910","Rua Xv de Novembro, 3910",1,caixa corrigida
endereco,logradouro,"Rua XV de Novembro, 3907","Rua Xv de Novembro, 3907",1,caixa corrigida
endereco,logradouro,"Rua XV de Novembro, 3906","Rua Xv de Novembro, 3906",1,caixa corrigida
endereco,logradouro,"Rua XV de Novembro, 3905","Rua Xv de Novembro, 3905",1,caixa corrigida
endereco,logradouro,"Rua XV de Novembro, 390","Rua Xv de Novembro, 390",1,caixa corrigida
endereco,logradouro,"Rua XV de Novembro, 3898","Rua Xv de Novembro, 3898",1,caixa corrigida
endereco,logradouro,"Rua XV de Novembro, 3897","Rua Xv de Novembro, 3897",1,caixa corrigida
endereco,logradouro,"Rua XV de Novembro, 3896","Rua Xv de Novembro, 3896",1,caixa corrigida
endereco,logradouro,"Rua XV de Novembro, 3893","Rua Xv de Novembro, 3893",1,caixa corrigida
endereco,logradouro,"Rua XV de Novembro, 3999","Rua Xv de Novembro, 3999",1,caixa corrigida
endereco,logradouro,"Rua XV de Novembro, 3998","Rua Xv de Novembro, 3998",1,caixa corrigida
endereco,logradouro,"Rua XV de Novembro, 3995","Rua Xv de Novembro, 3995",1,caixa corrigida
endereco,logradouro,"Rua XV de Novembro, 3993","Rua Xv de Novembro, 3993",1,caixa corrigida
endereco,logradouro,"Rua XV de Novembro, 3992","Rua Xv de Novembro, 3992",1,caixa corrigida
endereco,logradouro,"Rua XV de Novembro, 3989","Rua Xv de Novembro, 3989",1,caixa corrigida
endereco,logradouro,"Rua XV de Novembro, 3988","Rua Xv de Novembro, 3988",1,caixa corrigida
endereco,logradouro,"Rua XV de Novembro, 3986","Rua Xv de Novembro, 3986",1,caixa corrigida
endereco,logradouro,"Rua XV de Novembro, 3980","Rua Xv de Novembro, 3980",1,caixa corrigida
endereco,logradouro,"Rua XV de Novembro, 3968","Rua Xv de Novembro, 3968",1,caixa corrigida
endereco,logradouro,"Rua XV de Novembro, 3967","Rua Xv de Novembro, 3967",1,caixa corrigida
endereco,logradouro,"Rua XV de Novembro, 3960","Rua Xv de Novembro, 3960",1,caixa corrigida
endereco,logradouro,"Rua XV de Novembro, 3955","Rua Xv de Novembro, 3955",1,caixa corrigida
endereco,logradouro,"Rua XV de Novembro, 3952","Rua Xv de Novembro, 3952",1,caixa corrigida
endereco,logradouro,"Rua XV de Novembro, 3949","Rua Xv de Novembro, 3949",1,caixa corrigida
endereco,logradouro,"Rua XV de Novembro, 3943","Rua Xv de Novembro, 3943",1,caixa corrigida
endereco,logradouro,"R. BRASIL, 1460","Rua Brasil, 1460",1,caixa alta corrigida
endereco,logradouro,"R. BRASIL, 1459","Rua Brasil, 1459",1,caixa alta corrigida
endereco,logradouro,"R. BRASIL, 1453","Rua Brasil, 1453",1,caixa alta corrigida
endereco,logradouro,"R. BRASIL, 1450","Rua Brasil, 1450",1,caixa alta corrigida
endereco,logradouro,"R. BRASIL, 1433","Rua Brasil, 1433",1,caixa alta corrigida
endereco,logradouro,"R. BRASIL, 1427","Rua Brasil, 1427",1,caixa alta corrigida
endereco,logradouro,"R. BRASIL, 1384","Rua Brasil, 1384",1,caixa alta corrigida
endereco,logradouro,"R. BRASIL, 1365","Rua Brasil, 1365",1,caixa alta corrigida
endereco,logradouro,"R. BRASIL, 1361","Rua Brasil, 1361",1,caixa alta corrigida
endereco,logradouro,"R. BRASIL, 1358","Rua Brasil, 1358",1,caixa alta corrigida
endereco,logradouro,"R. BRASIL, 1357","Rua Brasil, 1357",1,caixa alta corrigida
endereco,logradouro,"R. BRASIL, 1354","Rua Brasil, 1354",1,caixa alta corrigida
endereco,logradouro,"R. BRASIL, 1336","Rua Brasil, 1336",1,caixa alta corrigida
endereco,logradouro,"Rua XV de Novembro, 4001","Rua Xv de Novembro, 4001",1,caixa corrigida
endereco,logradouro,"Rua XV de Novembro, 4000","Rua Xv de Novembro, 4000",1,caixa corrigida
endereco,logradouro,"Rua XV de Novembro, 400","Rua Xv de Novembro, 400",1,caixa corrigida
endereco,logradouro,"Rua XV de Novembro, 4057","Rua Xv de Novembro, 4057",1,caixa corrigida
endereco,logradouro,"Rua XV de Novembro, 4053","Rua Xv de Novembro, 4053",1,caixa corrigida
endereco,logradouro,"Rua XV de Novembro, 4050","Rua Xv de Novembro, 4050",1,caixa corrigida
endereco,logradouro,"Rua XV de Novembro, 4048","Rua Xv de Novembro, 4048",1,caixa corrigida
endereco,logradouro,"Rua XV de Novembro, 4045","Rua Xv de Novembro, 4045",1,caixa corrigida
endereco,logradouro,"Rua XV de Novembro, 4037","Rua Xv de Novembro, 4037",1,caixa corrigida
endereco,logradouro,"Rua XV de Novembro, 4036","Rua Xv de Novembro, 4036",1,caixa corrigida
endereco,logradouro,"Rua XV de Novembro, 4033","Rua Xv de Novembro, 4033",1,caixa corrigida
endereco,logradouro,"Rua XV de Novembro, 4030","Rua Xv de Novembro, 4030",1,caixa corrigida
endereco,logradouro,"Rua XV de Novembro, 4026","Rua Xv de Novembro, 4026",1,caixa corrigida
endereco,logradouro,"Rua XV de Novembro, 402","Rua Xv de Novembro, 402",1,caixa corrigida
endereco,logradouro,"Rua XV de Novembro, 4014","Rua Xv de Novembro, 4014",1,caixa corrigida
endereco,logradouro,"Rua XV de Novembro, 401","Rua Xv de Novembro, 401",1,caixa corrigida
endereco,logradouro,"Rua XV de Novembro, 4009","Rua Xv de Novembro, 4009",1,caixa corrigida
endereco,logradouro,"Rua XV de Novembro, 4002","Rua Xv de Novembro, 4002",1,caixa corrigida
endereco,logradouro,"R. BRASIL, 1461","Rua Brasil, 1461",1,caixa alta corrigida
endereco,logradouro,"Rua XV de Novembro, 4107","Rua Xv de Novembro, 4107",1,caixa corrigida
endereco,logradouro,"Rua XV de Novembro, 4105","Rua Xv de Novembro, 4105",1,caixa corrigida
endereco,logradouro,"Rua XV de Novembro, 4100","Rua Xv de Novembro, 4100",1,caixa corrigida
endereco,logradouro,"Rua XV de Novembro, 410","Rua Xv de Novembro, 410",1,caixa corrigida
endereco,logradouro,"Rua XV de Novembro, 41","Rua Xv de Novembro, 41",1,caixa corrigida
endereco,logradouro,"Rua XV de Novembro, 4095","Rua Xv de Novembro, 4095",1,caixa corrigida
endereco,logradouro,"Rua XV de Novembro, 4089","Rua Xv de Novembro, 4089",1,caixa corrigida
endereco,logradouro,"Rua XV de Novembro, 4087","Rua Xv de Novembro, 4087",1,caixa corrigida
endereco,logradouro,"Rua XV de Novembro, 4084","Rua Xv de Novembro, 4084",1,caixa corrigida
endereco,logradouro,"Rua XV de Novembro, 408","Rua Xv de Novembro, 408",1,caixa corrigida
endereco,logradouro,"Rua XV de Novembro, 4073","Rua Xv de Novembro, 4073",1,caixa corrigida
endereco,logradouro,"Rua XV de Novembro, 4070","Rua Xv de Novembro, 4070",1,caixa corrigida
endereco,logradouro,"Rua XV de Novembro, 4069","Rua Xv de Novembro, 4069",1,caixa corrigida
endereco,logradouro,"Rua XV de Novembro, 4067","Rua Xv de Novembro, 4067",1,caixa corrigida
endereco,logradouro,"Rua XV de Novembro, 4066","Rua Xv de Novembro, 4066",1,caixa corrigida
endereco,logradouro,"Rua XV de Novembro, 4060","Rua Xv de Novembro, 4060",1,caixa corrigida
endereco,logradouro,"R. BRASIL, 1225","Rua Brasil, 1225",1,caixa alta corrigida
endereco,logradouro,"R. BRASIL, 1223","Rua Brasil, 1223",1,caixa alta corrigida
endereco,logradouro,"R. BRASIL, 1207","Rua Brasil, 1207",1,caixa alta corrigida
endereco,logradouro,"R. BRASIL, 1193","Rua Brasil, 1193",1,caixa alta corrigida
endereco,logradouro,"R. BRASIL, 1192","Rua Brasil, 1192",1,caixa alta corrigida
endereco,logradouro,"R. BRASIL, 119","Rua Brasil, 119",1,caixa alta corrigida
endereco,logradouro,"R. BRASIL, 117","Rua Brasil, 117",1,caixa alta corrigida
endereco,logradouro,"R. BRASIL, 1169","Rua Brasil, 1169",1,caixa alta corrigida
endereco,logradouro,"R. BRASIL, 1163","Rua Brasil, 1163",1,caixa alta corrigida
endereco,logradouro,"R. BRASIL, 1151","Rua Brasil, 1151",1,caixa alta corrigida
endereco,logradouro,"Rua XV de Novembro, 4119","Rua Xv de Novembro, 4119",1,caixa corrigida
endereco,logradouro,"Rua XV de Novembro, 4118","Rua Xv de Novembro, 4118",1,caixa corrigida
endereco,logradouro,"Rua XV de Novembro, 4117","Rua Xv de Novembro, 4117",1,caixa corrigida
endereco,logradouro,"Rua XV de Novembro, 4112","Rua Xv de Novembro, 4112",1,caixa corrigida
endereco,logradouro,"Rua XV de Novembro, 4111","Rua Xv de Novembro, 4111",1,caixa corrigida
endereco,logradouro,"Rua XV de Novembro, 4108","Rua Xv de Novembro, 4108",1,caixa corrigida
endereco,logradouro,"Rua XV de Novembro, 4179","Rua Xv de Novembro, 4179",1,caixa corrigida
endereco,logradouro,"Rua XV de Novembro, 4177","Rua Xv de Novembro, 4177",1,caixa corrigida
endereco,logradouro,"Rua XV de Novembro, 4174","Rua Xv de Novembro, 4174",1,caixa corrigida
endereco,logradouro,"Rua XV de Novembro, 4172","Rua Xv de Novembro, 4172",1,caixa corrigida
endereco,logradouro,"Rua XV de Novembro, 4163","Rua Xv de Novembro, 4163",1,caixa corrigida
endereco,logradouro,"Rua XV de Novembro, 4153","Rua Xv de Novembro, 4153",1,caixa corrigida
endereco,logradouro,"Rua XV de Novembro, 4143","Rua Xv de Novembro, 4143",1,caixa corrigida
endereco,logradouro,"Rua XV de Novembro, 4140","Rua Xv de Novembro, 4140",1,caixa corrigida
endereco,logradouro,"Rua XV de Novembro, 414","Rua Xv de Novembro, 414",1,caixa corrigida
endereco,logradouro,"Rua XV de Novembro, 4139","Rua Xv de Novembro, 4139",1,caixa corrigida
endereco,logradouro,"Rua XV de Novembro, 4137","Rua Xv de Novembro, 4137",1,caixa corrigida
endereco,logradouro,"Rua XV de Novembro, 4127","Rua Xv de Novembro, 4127",1,caixa corrigida
endereco,logradouro,"Rua XV de Novembro, 4123","Rua Xv de Novembro, 4123",1,caixa corrigida
endereco,logradouro,"R. BRASIL, 1328","Rua Brasil, 1328",1,caixa alta corrigida
endereco,logradouro,"R. BRASIL, 1275","Rua Brasil, 1275",1,caixa alta corrigida
endereco,logradouro,"R. BRASIL, 1238","Rua Brasil, 1238",1,caixa alta corrigida
endereco,logradouro,"Rua XV de Novembro, 422","Rua Xv de Novembro, 422",1,caixa corrigida
endereco,logradouro,"Rua XV de Novembro, 4219","Rua Xv de Novembro, 4219",1,caixa corrigida
endereco,logradouro,"Rua XV de Novembro, 4214","Rua Xv de Novembro, 4214",1,caixa corrigida
endereco,logradouro,"Rua XV de Novembro, 4209","Rua Xv de Novembro, 4209",1,caixa corrigida
endereco,logradouro,"Rua XV de Novembro, 4208","Rua Xv de Novembro, 4208",1,caixa corrigida
endereco,logradouro,"Rua XV de Novembro, 4206","Rua Xv de Novembro, 4206",1,caixa corrigida
endereco,logradouro,"Rua XV de Novembro, 4203","Rua Xv de Novembro, 4203",1,caixa corrigida
endereco,logradouro,"Rua XV de Novembro, 4202","Rua Xv de Novembro, 4202",1,caixa corrigida
endereco,logradouro,"Rua XV de Novembro, 4197","Rua Xv de Novembro, 4197",1,caixa corrigida
endereco,logradouro,"Rua XV de Novembro, 4191","Rua Xv de Novembro, 4191",1,caixa corrigida
endereco,logradouro,"Rua XV de Novembro, 4186","Rua Xv de Novembro, 4186",1,caixa corrigida
endereco,logradouro,"Rua XV de Novembro, 4184","Rua Xv de Novembro, 4184",1,caixa corrigida
endereco,logradouro,"Rua XV de Novembro, 4183","Rua Xv de Novembro, 4183",1,caixa corrigida
endereco,logradouro,"Rua XV de Novembro, 4181","Rua Xv de Novembro, 4181",1,caixa corrigida
endereco,logradouro,"Rua XV de Novembro, 4180","Rua Xv de Novembro, 4180",1,caixa corrigida
endereco,logradouro,"Rua XV de Novembro, 418","Rua Xv de Novembro, 418",1,caixa corrigida
endereco,logradouro,"Rua XV de Novembro, 4264","Rua Xv de Novembro, 4264",1,caixa corrigida
endereco,logradouro,"Rua XV de Novembro, 4263","Rua Xv de Novembro, 4263",1,caixa corrigida
endereco,logradouro,"Rua XV de Novembro, 4260","Rua Xv de Novembro, 4260",1,caixa corrigida
endereco,logradouro,"Rua XV de Novembro, 4252","Rua Xv de Novembro, 4252",1,caixa corrigida
endereco,logradouro,"Rua XV de Novembro, 4251","Rua Xv de Novembro, 4251",1,caixa corrigida
endereco,logradouro,"Rua XV de Novembro, 4249","Rua Xv de Novembro, 4249",1,caixa corrigida
endereco,logradouro,"Rua XV de Novembro, 4247","Rua Xv de Novembro, 4247",1,caixa corrigida
endereco,logradouro,"Rua XV de Novembro, 4246","Rua Xv de Novembro, 4246",1,caixa corrigida
endereco,logradouro,"Rua XV de Novembro, 4245","Rua Xv de Novembro, 4245",1,caixa corrigida
endereco,logradouro,"Rua XV de Novembro, 4244","Rua Xv de Novembro, 4244",1,caixa corrigida
endereco,logradouro,"Rua XV de Novembro, 4237","Rua Xv de Novembro, 4237",1,caixa corrigida
endereco,logradouro,"Rua XV de Novembro, 4234","Rua Xv de Novembro, 4234",1,caixa corrigida
endereco,logradouro,"Rua XV de Novembro, 4231","Rua Xv de Novembro, 4231",1,caixa corrigida
endereco,logradouro,"Rua XV de Novembro, 4229","Rua Xv de Novembro, 4229",1,caixa corrigida
endereco,logradouro,"Rua XV de Novembro, 4226","Rua Xv de Novembro, 4226",1,caixa corrigida
endereco,logradouro,"Rua XV de Novembro, 4224","Rua Xv de Novembro, 4224",1,caixa corrigida
endereco,logradouro,"R. BRASIL, 1136","Rua Brasil, 1136",1,caixa alta corrigida
endereco,logradouro,"R. BRASIL, 1131","Rua Brasil, 1131",1,caixa alta corrigida
endereco,logradouro,"R. BRASIL, 1126","Rua Brasil, 1126",1,caixa alta corrigida
endereco,logradouro,"R. BRASIL, 1121","Rua Brasil, 1121",1,caixa alta corrigida
endereco,logradouro,"R. BRASIL, 1120","Rua Brasil, 1120",1,caixa alta corrigida
endereco,logradouro,"R. BRASIL, 1111","Rua Brasil, 1111",1,caixa alta corrigida
endereco,logradouro,"R. BRASIL, 1084","Rua Brasil, 1084",1,caixa alta corrigida
endereco,logradouro,"R. BRASIL, 107","Rua Brasil, 107",1,caixa alta corrigida
endereco,logradouro,"R. BRASIL, 1057","Rua Brasil, 1057",1,caixa alta corrigida
endereco,logradouro,"R. BRASIL, 1056","Rua Brasil, 1056",1,caixa alta corrigida
endereco,logradouro,"R. BRASIL, 1028","Rua Brasil, 1028",1,caixa alta corrigida
endereco,logradouro,"R. BRASIL, 1021","Rua Brasil, 1021",1,caixa alta corrigida
endereco,logradouro,"R. BRASIL, 1019","Rua Brasil, 1019",1,caixa alta corrigida
endereco,logradouro,"R. BRASIL, 1016","Rua Brasil, 1016",1,caixa alta corrigida
endereco,logradouro,"Rua XV de Novembro, 4269","Rua Xv de Novembro, 4269",1,caixa corrigida
endereco,logradouro,"Rua XV de Novembro, 4268","Rua Xv de Novembro, 4268",1,caixa corrigida
endereco,logradouro,"Rua XV de Novembro, 4309","Rua Xv de Novembro, 4309",1,caixa corrigida
endereco,logradouro,"Rua XV de Novembro, 4304","Rua Xv de Novembro, 4304",1,caixa corrigida
endereco,logradouro,"Rua XV de Novembro, 4302","Rua Xv de Novembro, 4302",1,caixa corrigida
endereco,logradouro,"Rua XV de Novembro, 430","Rua Xv de Novembro, 430",1,caixa corrigida
endereco,logradouro,"Rua XV de Novembro, 4298","Rua Xv de Novembro, 4298",1,caixa corrigida
endereco,logradouro,"Rua XV de Novembro, 4294","Rua Xv de Novembro, 4294",1,caixa corrigida
endereco,logradouro,"Rua XV de Novembro, 4289","Rua Xv de Novembro, 4289",1,caixa corrigida
endereco,logradouro,"Rua XV de Novembro, 4281","Rua Xv de Novembro, 4281",1,caixa corrigida
endereco,logradouro,"Rua XV de Novembro, 428","Rua Xv de Novembro, 428",1,caixa corrigida
endereco,logradouro,"Rua XV de Novembro, 4279","Rua Xv de Novembro, 4279",1,caixa corrigida
endereco,logradouro,"Rua XV de Novembro, 4277","Rua Xv de Novembro, 4277",1,caixa corrigida
endereco,logradouro,"Rua XV de Novembro, 4274","Rua Xv de Novembro, 4274",1,caixa corrigida
endereco,logradouro,"Rua XV de Novembro, 4273","Rua Xv de Novembro, 4273",1,caixa corrigida
endereco,logradouro,"Rua XV de Novembro, 4272","Rua Xv de Novembro, 4272",1,caixa corrigida
endereco,logradouro,"R. BRASIL, 1147","Rua Brasil, 1147",1,caixa alta corrigida
endereco,logradouro,"R. BRASIL, 1138","Rua Brasil, 1138",1,caixa alta corrigida
endereco,logradouro,"Rua XV de Novembro, 4347","Rua Xv de Novembro, 4347",1,caixa corrigida
endereco,logradouro,"Rua XV de Novembro, 434","Rua Xv de Novembro, 434",1,caixa corrigida
endereco,logradouro,"Rua XV de Novembro, 4339","Rua Xv de Novembro, 4339",1,caixa corrigida
endereco,logradouro,"Rua XV de Novembro, 4336","Rua Xv de Novembro, 4336",1,caixa corrigida
endereco,logradouro,"Rua XV de Novembro, 4332","Rua Xv de Novembro, 4332",1,caixa corrigida
endereco,logradouro,"Rua XV de Novembro, 4331","Rua Xv de Novembro, 4331",1,caixa corrigida
endereco,logradouro,"Rua XV de Novembro, 433","Rua Xv de Novembro, 433",1,caixa corrigida
endereco,logradouro,"Rua XV de Novembro, 4328","Rua Xv de Novembro, 4328",1,caixa corrigida
endereco,logradouro,"Rua XV de Novembro, 4327","Rua Xv de Novembro, 4327",1,caixa corrigida
endereco,logradouro,"Rua XV de Novembro, 4325","Rua Xv de Novembro, 4325",1,caixa corrigida
endereco,logradouro,"Rua XV de Novembro, 4324","Rua Xv de Novembro, 4324",1,caixa corrigida
endereco,logradouro,"Rua XV de Novembro, 4321","Rua Xv de Novembro, 4321",1,caixa corrigida
endereco,logradouro,"Rua XV de Novembro, 432","Rua Xv de Novembro, 432",1,caixa corrigida
endereco,logradouro,"Rua XV de Novembro, 4319","Rua Xv de Novembro, 4319",1,caixa corrigida
endereco,logradouro,"Rua XV de Novembro, 4316","Rua Xv de Novembro, 4316",1,caixa corrigida
endereco,logradouro,"Rua XV de Novembro, 4310","Rua Xv de Novembro, 4310",1,caixa corrigida
endereco,logradouro,"Rua XV de Novembro, 4390","Rua Xv de Novembro, 4390",1,caixa corrigida
endereco,logradouro,"Rua XV de Novembro, 439","Rua Xv de Novembro, 439",1,caixa corrigida
endereco,logradouro,"Rua XV de Novembro, 4389","Rua Xv de Novembro, 4389",1,caixa corrigida
endereco,logradouro,"Rua XV de Novembro, 4388","Rua Xv de Novembro, 4388",1,caixa corrigida
endereco,logradouro,"Rua XV de Novembro, 4383","Rua Xv de Novembro, 4383",1,caixa corrigida
endereco,logradouro,"Rua XV de Novembro, 4382","Rua Xv de Novembro, 4382",1,caixa corrigida
endereco,logradouro,"Rua XV de Novembro, 438","Rua Xv de Novembro, 438",1,caixa corrigida
endereco,logradouro,"Rua XV de Novembro, 4376","Rua Xv de Novembro, 4376",1,caixa corrigida
endereco,logradouro,"Rua XV de Novembro, 4368","Rua Xv de Novembro, 4368",1,caixa corrigida
endereco,logradouro,"Rua XV de Novembro, 4366","Rua Xv de Novembro, 4366",1,caixa corrigida
endereco,logradouro,"Rua XV de Novembro, 4364","Rua Xv de Novembro, 4364",1,caixa corrigida
endereco,logradouro,"Rua XV de Novembro, 4362","Rua Xv de Novembro, 4362",1,caixa corrigida
endereco,logradouro,"Rua XV de Novembro, 4357","Rua Xv de Novembro, 4357",1,caixa corrigida
endereco,logradouro,"Rua XV de Novembro, 4354","Rua Xv de Novembro, 4354",1,caixa corrigida
endereco,logradouro,"Rua XV de Novembro, 4352","Rua Xv de Novembro, 4352",1,caixa corrigida
endereco,logradouro,"Rua XV de Novembro, 4351","Rua Xv de Novembro, 4351",1,caixa corrigida
endereco,logradouro,Av. das Nações 4377,Avenida das Nações 4377,1,abreviação expandida
endereco,logradouro,Av. das Nações 4165,Avenida das Nações 4165,1,abreviação expandida
endereco,logradouro,Av. das Nações 4151,Avenida das Nações 4151,1,abreviação expandida
endereco,logradouro,Av. das Nações 3917,Avenida das Nações 3917,1,abreviação expandida
endereco,logradouro,Av. das Nações 3635,Avenida das Nações 3635,1,abreviação expandida
endereco,logradouro,Av. das Nações 3592,Avenida das Nações 3592,1,abreviação expandida
endereco,logradouro,Av. das Nações 3236,Avenida das Nações 3236,1,abreviação expandida
endereco,logradouro,Av. das Nações 2909,Avenida das Nações 2909,1,abreviação expandida
endereco,logradouro,Av. das Nações 2883,Avenida das Nações 2883,1,abreviação expandida
endereco,logradouro,Av. das Nações 288,Avenida das Nações 288,1,abreviação expandida
endereco,logradouro,Av. das Nações 2483,Avenida das Nações 2483,1,abreviação expandida
endereco,logradouro,Av. das Nações 2013,Avenida das Nações 2013,1,abreviação expandida
endereco,logradouro,"Rua XV de Novembro, 4395","Rua Xv de Novembro, 4395",1,caixa corrigida
endereco,logradouro,"Rua XV de Novembro, 4394","Rua Xv de Novembro, 4394",1,caixa corrigida
endereco,logradouro,"Rua XV de Novembro, 4393","Rua Xv de Novembro, 4393",1,caixa corrigida
endereco,logradouro,"Rua XV de Novembro, 4392","Rua Xv de Novembro, 4392",1,caixa corrigida
endereco,logradouro,"Rua XV de Novembro, 4427","Rua Xv de Novembro, 4427",1,caixa corrigida
endereco,logradouro,"Rua XV de Novembro, 4422","Rua Xv de Novembro, 4422",1,caixa corrigida
endereco,logradouro,"Rua XV de Novembro, 442","Rua Xv de Novembro, 442",1,caixa corrigida
endereco,logradouro,"Rua XV de Novembro, 4414","Rua Xv de Novembro, 4414",1,caixa corrigida
endereco,logradouro,"Rua XV de Novembro, 4413","Rua Xv de Novembro, 4413",1,caixa corrigida
endereco,logradouro,"Rua XV de Novembro, 4412","Rua Xv de Novembro, 4412",1,caixa corrigida
endereco,logradouro,"Rua XV de Novembro, 4411","Rua Xv de Novembro, 4411",1,caixa corrigida
endereco,logradouro,"Rua XV de Novembro, 4406","Rua Xv de Novembro, 4406",1,caixa corrigida
endereco,logradouro,"Rua XV de Novembro, 4405","Rua Xv de Novembro, 4405",1,caixa corrigida
endereco,logradouro,"Rua XV de Novembro, 4401","Rua Xv de Novembro, 4401",1,caixa corrigida
endereco,logradouro,"Rua XV de Novembro, 44","Rua Xv de Novembro, 44",1,caixa corrigida
endereco,logradouro,"Rua XV de Novembro, 4397","Rua Xv de Novembro, 4397",1,caixa corrigida
endereco,logradouro,"R. BRASIL, 10","Rua Brasil, 10",1,caixa alta corrigida
endereco,logradouro,Av. das Nações 879,Avenida das Nações 879,1,abreviação expandida
endereco,logradouro,Av. das Nações 52,Avenida das Nações 52,1,abreviação expandida
endereco,logradouro,Av. das Nações 4536,Avenida das Nações 4536,1,abreviação expandida
endereco,logradouro,"Rua XV de Novembro, 4473","Rua Xv de Novembro, 4473",1,caixa corrigida
endereco,logradouro,"Rua XV de Novembro, 4472","Rua Xv de Novembro, 4472",1,caixa corrigida
endereco,logradouro,"Rua XV de Novembro, 4471","Rua Xv de Novembro, 4471",1,caixa corrigida
endereco,logradouro,"Rua XV de Novembro, 4469","Rua Xv de Novembro, 4469",1,caixa corrigida
endereco,logradouro,"Rua XV de Novembro, 4465","Rua Xv de Novembro, 4465",1,caixa corrigida
endereco,logradouro,"Rua XV de Novembro, 4462","Rua Xv de Novembro, 4462",1,caixa corrigida
endereco,logradouro,"Rua XV de Novembro, 4460","Rua Xv de Novembro, 4460",1,caixa corrigida
endereco,logradouro,"Rua XV de Novembro, 4456","Rua Xv de Novembro, 4456",1,caixa corrigida
endereco,logradouro,"Rua XV de Novembro, 4455","Rua Xv de Novembro, 4455",1,caixa corrigida
endereco,logradouro,"Rua XV de Novembro, 4451","Rua Xv de Novembro, 4451",1,caixa corrigida
endereco,logradouro,"Rua XV de Novembro, 4449","Rua Xv de Novembro, 4449",1,caixa corrigida
endereco,logradouro,"Rua XV de Novembro, 4445","Rua Xv de Novembro, 4445",1,caixa corrigida
endereco,logradouro,"Rua XV de Novembro, 4440","Rua Xv de Novembro, 4440",1,caixa corrigida
endereco,logradouro,"Rua XV de Novembro, 4439","Rua Xv de Novembro, 4439",1,caixa corrigida
endereco,logradouro,"Rua XV de Novembro, 4431","Rua Xv de Novembro, 4431",1,caixa corrigida
endereco,logradouro,"Rua XV de Novembro, 4430","Rua Xv de Novembro, 4430",1,caixa corrigida
endereco,logradouro,"Rua XV de Novembro, 4526","Rua Xv de Novembro, 4526",1,caixa corrigida
endereco,logradouro,"Rua XV de Novembro, 4523","Rua Xv de Novembro, 4523",1,caixa corrigida
endereco,logradouro,"Rua XV de Novembro, 4521","Rua Xv de Novembro, 4521",1,caixa corrigida
endereco,logradouro,"Rua XV de Novembro, 4518","Rua Xv de Novembro, 4518",1,caixa corrigida
endereco,logradouro,"Rua XV de Novembro, 4514","Rua Xv de Novembro, 4514",1,caixa corrigida
endereco,logradouro,"Rua XV de Novembro, 451","Rua Xv de Novembro, 451",1,caixa corrigida
endereco,logradouro,"Rua XV de Novembro, 4507","Rua Xv de Novembro, 4507",1,caixa corrigida
endereco,logradouro,"Rua XV de Novembro, 4506","Rua Xv de Novembro, 4506",1,caixa corrigida
endereco,logradouro,"Rua XV de Novembro, 4501","Rua Xv de Novembro, 4501",1,caixa corrigida
endereco,logradouro,"Rua XV de Novembro, 450","Rua Xv de Novembro, 450",1,caixa corrigida
endereco,logradouro,"Rua XV de Novembro, 4499","Rua Xv de Novembro, 4499",1,caixa corrigida
endereco,logradouro,"Rua XV de Novembro, 4494","Rua Xv de Novembro, 4494",1,caixa corrigida
endereco,logradouro,"Rua XV de Novembro, 4489","Rua Xv de Novembro, 4489",1,caixa corrigida
endereco,logradouro,"Rua XV de Novembro, 4483","Rua Xv de Novembro, 4483",1,caixa corrigida
endereco,logradouro,"Rua XV de Novembro, 4480","Rua Xv de Novembro, 4480",1,caixa corrigida
endereco,logradouro,"Rua XV de Novembro, 4474","Rua Xv de Novembro, 4474",1,caixa corrigida
endereco,logradouro,"Rua XV de Novembro, 4586","Rua Xv de Novembro, 4586",1,caixa corrigida
endereco,logradouro,"Rua XV de Novembro, 4576","Rua Xv de Novembro, 4576",1,caixa corrigida
endereco,logradouro,"Rua XV de Novembro, 4573","Rua Xv de Novembro, 4573",1,caixa corrigida
endereco,logradouro,"Rua XV de Novembro, 4572","Rua Xv de Novembro, 4572",1,caixa corrigida
endereco,logradouro,"Rua XV de Novembro, 4571","Rua Xv de Novembro, 4571",1,caixa corrigida
endereco,logradouro,"Rua XV de Novembro, 4567","Rua Xv de Novembro, 4567",1,caixa corrigida
endereco,logradouro,"Rua XV de Novembro, 4564","Rua Xv de Novembro, 4564",1,caixa corrigida
endereco,logradouro,"Rua XV de Novembro, 4560","Rua Xv de Novembro, 4560",1,caixa corrigida
endereco,logradouro,"Rua XV de Novembro, 4557","Rua Xv de Novembro, 4557",1,caixa corrigida
endereco,logradouro,"Rua XV de Novembro, 455","Rua Xv de Novembro, 455",1,caixa corrigida
endereco,logradouro,"Rua XV de Novembro, 4544","Rua Xv de Novembro, 4544",1,caixa corrigida
endereco,logradouro,"Rua XV de Novembro, 4542","Rua Xv de Novembro, 4542",1,caixa corrigida
endereco,logradouro,"Rua XV de Novembro, 4541","Rua Xv de Novembro, 4541",1,caixa corrigida
endereco,logradouro,"Rua XV de Novembro, 4536","Rua Xv de Novembro, 4536",1,caixa corrigida
endereco,logradouro,"Rua XV de Novembro, 4535","Rua Xv de Novembro, 4535",1,caixa corrigida
endereco,logradouro,"Rua XV de Novembro, 4529","Rua Xv de Novembro, 4529",1,caixa corrigida
endereco,logradouro,"Rua XV de Novembro, 4618","Rua Xv de Novembro, 4618",1,caixa corrigida
endereco,logradouro,"Rua XV de Novembro, 4614","Rua Xv de Novembro, 4614",1,caixa corrigida
endereco,logradouro,"Rua XV de Novembro, 4613","Rua Xv de Novembro, 4613",1,caixa corrigida
endereco,logradouro,"Rua XV de Novembro, 4611","Rua Xv de Novembro, 4611",1,caixa corrigida
endereco,logradouro,"Rua XV de Novembro, 4610","Rua Xv de Novembro, 4610",1,caixa corrigida
endereco,logradouro,"Rua XV de Novembro, 4609","Rua Xv de Novembro, 4609",1,caixa corrigida
endereco,logradouro,"Rua XV de Novembro, 4608","Rua Xv de Novembro, 4608",1,caixa corrigida
endereco,logradouro,"Rua XV de Novembro, 4606","Rua Xv de Novembro, 4606",1,caixa corrigida
endereco,logradouro,"Rua XV de Novembro, 4603","Rua Xv de Novembro, 4603",1,caixa corrigida
endereco,logradouro,"Rua XV de Novembro, 4600","Rua Xv de Novembro, 4600",1,caixa corrigida
endereco,logradouro,"Rua XV de Novembro, 4594","Rua Xv de Novembro, 4594",1,caixa corrigida
endereco,logradouro,"Rua XV de Novembro, 4593","Rua Xv de Novembro, 4593",1,caixa corrigida
endereco,logradouro,"Rua XV de Novembro, 4591","Rua Xv de Novembro, 4591",1,caixa corrigida
endereco,logradouro,"Rua XV de Novembro, 4590","Rua Xv de Novembro, 4590",1,caixa corrigida
endereco,logradouro,"Rua XV de Novembro, 4589","Rua Xv de Novembro, 4589",1,caixa corrigida
endereco,logradouro,"Rua XV de Novembro, 4587","Rua Xv de Novembro, 4587",1,caixa corrigida
endereco,logradouro,"Rua XV de Novembro, 4662","Rua Xv de Novembro, 4662",1,caixa corrigida
endereco,logradouro,"Rua XV de Novembro, 4661","Rua Xv de Novembro, 4661",1,caixa corrigida
endereco,logradouro,"Rua XV de Novembro, 466","Rua Xv de Novembro, 466",1,caixa corrigida
endereco,logradouro,"Rua XV de Novembro, 4657","Rua Xv de Novembro, 4657",1,caixa corrigida
endereco,logradouro,"Rua XV de Novembro, 4654","Rua Xv de Novembro, 4654",1,caixa corrigida
endereco,logradouro,"Rua XV de Novembro, 4650","Rua Xv de Novembro, 4650",1,caixa corrigida
endereco,logradouro,"Rua XV de Novembro, 4646","Rua Xv de Novembro, 4646",1,caixa corrigida
endereco,logradouro,"Rua XV de Novembro, 4643","Rua Xv de Novembro, 4643",1,caixa corrigida
endereco,logradouro,"Rua XV de Novembro, 4642","Rua Xv de Novembro, 4642",1,caixa corrigida
endereco,logradouro,"Rua XV de Novembro, 4640","Rua Xv de Novembro, 4640",1,caixa corrigida
endereco,logradouro,"Rua XV de Novembro, 4639","Rua Xv de Novembro, 4639",1,caixa corrigida
endereco,logradouro,"Rua XV de Novembro, 4636","Rua Xv de Novembro, 4636",1,caixa corrigida
endereco,logradouro,"Rua XV de Novembro, 4635","Rua Xv de Novembro, 4635",1,caixa corrigida
endereco,logradouro,"Rua XV de Novembro, 4633","Rua Xv de Novembro, 4633",1,caixa corrigida
endereco,logradouro,"Rua XV de Novembro, 4623","Rua Xv de Novembro, 4623",1,caixa corrigida
endereco,logradouro,"Rua XV de Novembro, 462","Rua Xv de Novembro, 462",1,caixa corrigida
endereco,logradouro,Av. Paulista 751,Avenida Paulista 751,1,abreviação expandida
endereco,logradouro,Av. Paulista 514,Avenida Paulista 514,1,abreviação expandida
endereco,logradouro,Av. Paulista 4624,Avenida Paulista 4624,1,abreviação expandida
endereco,logradouro,Av. Paulista 4400,Avenida Paulista 4400,1,abreviação expandida
endereco,logradouro,Av. Paulista 3943,Avenida Paulista 3943,1,abreviação expandida
endereco,logradouro,Av. Paulista 391,Avenida Paulista 391,1,abreviação expandida
endereco,logradouro,Av. Paulista 3093,Avenida Paulista 3093,1,abreviação expandida
endereco,logradouro,Av. Paulista 3047,Avenida Paulista 3047,1,abreviação expandida
endereco,logradouro,Av. Paulista 2925,Avenida Paulista 2925,1,abreviação expandida
endereco,logradouro,Av. Paulista 2924,Avenida Paulista 2924,1,abreviação expandida
endereco,logradouro,Av. Paulista 258,Avenida Paulista 258,1,abreviação expandida
endereco,logradouro,Av. Paulista 2533,Avenida Paulista 2533,1,abreviação expandida
endereco,logradouro,Av. Paulista 2418,Avenida Paulista 2418,1,abreviação expandida
endereco,logradouro,Av. Paulista 225,Avenida Paulista 225,1,abreviação expandida
endereco,logradouro,"Rua XV de Novembro, 467","Rua Xv de Novembro, 467",1,caixa corrigida
endereco,logradouro,"Rua XV de Novembro, 4666","Rua Xv de Novembro, 4666",1,caixa corrigida
endereco,logradouro,"Rua XV de Novembro, 4720","Rua Xv de Novembro, 4720",1,caixa corrigida
endereco,logradouro,"Rua XV de Novembro, 4716","Rua Xv de Novembro, 4716",1,caixa corrigida
endereco,logradouro,"Rua XV de Novembro, 4711","Rua Xv de Novembro, 4711",1,caixa corrigida
endereco,logradouro,"Rua XV de Novembro, 471","Rua Xv de Novembro, 471",1,caixa corrigida
endereco,logradouro,"Rua XV de Novembro, 4709","Rua Xv de Novembro, 4709",1,caixa corrigida
endereco,logradouro,"Rua XV de Novembro, 4700","Rua Xv de Novembro, 4700",1,caixa corrigida
endereco,logradouro,"Rua XV de Novembro, 4695","Rua Xv de Novembro, 4695",1,caixa corrigida
endereco,logradouro,"Rua XV de Novembro, 4693","Rua Xv de Novembro, 4693",1,caixa corrigida
endereco,logradouro,"Rua XV de Novembro, 4692","Rua Xv de Novembro, 4692",1,caixa corrigida
endereco,logradouro,"Rua XV de Novembro, 4690","Rua Xv de Novembro, 4690",1,caixa corrigida
endereco,logradouro,"Rua XV de Novembro, 4688","Rua Xv de Novembro, 4688",1,caixa corrigida
endereco,logradouro,"Rua XV de Novembro, 4686","Rua Xv de Novembro, 4686",1,caixa corrigida
endereco,logradouro,"Rua XV de Novembro, 4684","Rua Xv de Novembro, 4684",1,caixa corrigida
endereco,logradouro,"Rua XV de Novembro, 4670","Rua Xv de Novembro, 4670",1,caixa corrigida
endereco,logradouro,Av. das Nações 1271,Avenida das Nações 1271,1,abreviação expandida
endereco,logradouro,Av. Paulista 805,Avenida Paulista 805,1,abreviação expandida
endereco,logradouro,"Rua XV de Novembro, 4768","Rua Xv de Novembro, 4768",1,caixa corrigida
endereco,logradouro,"Rua XV de Novembro, 4766","Rua Xv de Novembro, 4766",1,caixa corrigida
endereco,logradouro,"Rua XV de Novembro, 4764","Rua Xv de Novembro, 4764",1,caixa corrigida
endereco,logradouro,"Rua XV de Novembro, 476","Rua Xv de Novembro, 476",1,caixa corrigida
endereco,logradouro,"Rua XV de Novembro, 4757","Rua Xv de Novembro, 4757",1,caixa corrigida
endereco,logradouro,"Rua XV de Novembro, 4756","Rua Xv de Novembro, 4756",1,caixa corrigida
endereco,logradouro,"Rua XV de Novembro, 4751","Rua Xv de Novembro, 4751",1,caixa corrigida
endereco,logradouro,"Rua XV de Novembro, 475","Rua Xv de Novembro, 475",1,caixa corrigida
endereco,logradouro,"Rua XV de Novembro, 4749","Rua Xv de Novembro, 4749",1,caixa corrigida
endereco,logradouro,"Rua XV de Novembro, 4738","Rua Xv de Novembro, 4738",1,caixa corrigida
endereco,logradouro,"Rua XV de Novembro, 4733","Rua Xv de Novembro, 4733",1,caixa corrigida
endereco,logradouro,"Rua XV de Novembro, 473","Rua Xv de Novembro, 473",1,caixa corrigida
endereco,logradouro,"Rua XV de Novembro, 4727","Rua Xv de Novembro, 4727",1,caixa corrigida
endereco,logradouro,"Rua XV de Novembro, 4724","Rua Xv de Novembro, 4724",1,caixa corrigida
endereco,logradouro,"Rua XV de Novembro, 4722","Rua Xv de Novembro, 4722",1,caixa corrigida
endereco,logradouro,"Rua XV de Novembro, 4721","Rua Xv de Novembro, 4721",1,caixa corrigida
endereco,logradouro,Av. Industrial 4583,Avenida Industrial 4583,1,abreviação expandida
endereco,logradouro,Av. Industrial 4480,Avenida Industrial 4480,1,abreviação expandida
endereco,logradouro,Av. Industrial 4417,Avenida Industrial 4417,1,abreviação expandida
endereco,logradouro,Av. Industrial 4277,Avenida Industrial 4277,1,abreviação expandida
endereco,logradouro,Av. Industrial 413,Avenida Industrial 413,1,abreviação expandida
endereco,logradouro,Av. Industrial 4002,Avenida Industrial 4002,1,abreviação expandida
endereco,logradouro,Av. Industrial 3788,Avenida Industrial 3788,1,abreviação expandida
endereco,logradouro,Av. Industrial 3617,Avenida Industrial 3617,1,abreviação expandida
endereco,logradouro,Av. Industrial 3564,Avenida Industrial 3564,1,abreviação expandida
endereco,logradouro,Av. Industrial 3530,Avenida Industrial 3530,1,abreviação expandida
endereco,logradouro,"Rua XV de Novembro, 4790","Rua Xv de Novembro, 4790",1,caixa corrigida
endereco,logradouro,"Rua XV de Novembro, 4788","Rua Xv de Novembro, 4788",1,caixa corrigida
endereco,logradouro,"Rua XV de Novembro, 4780","Rua Xv de Novembro, 4780",1,caixa corrigida
endereco,logradouro,"Rua XV de Novembro, 478","Rua Xv de Novembro, 478",1,caixa corrigida
endereco,logradouro,"Rua XV de Novembro, 4772","Rua Xv de Novembro, 4772",1,caixa corrigida
endereco,logradouro,"Rua XV de Novembro, 477","Rua Xv de Novembro, 477",1,caixa corrigida
endereco,logradouro,"Rua XV de Novembro, 4822","Rua Xv de Novembro, 4822",1,caixa corrigida
endereco,logradouro,"Rua XV de Novembro, 4813","Rua Xv de Novembro, 4813",1,caixa corrigida
endereco,logradouro,"Rua XV de Novembro, 4812","Rua Xv de Novembro, 4812",1,caixa corrigida
endereco,logradouro,"Rua XV de Novembro, 4804","Rua Xv de Novembro, 4804",1,caixa corrigida
endereco,logradouro,"Rua XV de Novembro, 4803","Rua Xv de Novembro, 4803",1,caixa corrigida
endereco,logradouro,"Rua XV de Novembro, 4802","Rua Xv de Novembro, 4802",1,caixa corrigida
endereco,logradouro,"Rua XV de Novembro, 4797","Rua Xv de Novembro, 4797",1,caixa corrigida
endereco,logradouro,"Rua XV de Novembro, 4795","Rua Xv de Novembro, 4795",1,caixa corrigida
endereco,logradouro,"Rua XV de Novembro, 4794","Rua Xv de Novembro, 4794",1,caixa corrigida
endereco,logradouro,"Rua XV de Novembro, 4792","Rua Xv de Novembro, 4792",1,caixa corrigida
endereco,logradouro,Av. Paulista 2222,Avenida Paulista 2222,1,abreviação expandida
endereco,logradouro,Av. Paulista 2129,Avenida Paulista 2129,1,abreviação expandida
endereco,logradouro,Av. Paulista 2097,Avenida Paulista 2097,1,abreviação expandida
endereco,logradouro,Av. Paulista 1864,Avenida Paulista 1864,1,abreviação expandida
endereco,logradouro,Av. Paulista 1361,Avenida Paulista 1361,1,abreviação expandida
endereco,logradouro,Av. Paulista 1067,Avenida Paulista 1067,1,abreviação expandida
endereco,logradouro,"Rua XV de Novembro, 4854","Rua Xv de Novembro, 4854",1,caixa corrigida
endereco,logradouro,"Rua XV de Novembro, 4853","Rua Xv de Novembro, 4853",1,caixa corrigida
endereco,logradouro,"Rua XV de Novembro, 4852","Rua Xv de Novembro, 4852",1,caixa corrigida
endereco,logradouro,"Rua XV de Novembro, 4846","Rua Xv de Novembro, 4846",1,caixa corrigida
endereco,logradouro,"Rua XV de Novembro, 4843","Rua Xv de Novembro, 4843",1,caixa corrigida
endereco,logradouro,"Rua XV de Novembro, 4842","Rua Xv de Novembro, 4842",1,caixa corrigida
endereco,logradouro,"Rua XV de Novembro, 484","Rua Xv de Novembro, 484",1,caixa corrigida
endereco,logradouro,"Rua XV de Novembro, 4839","Rua Xv de Novembro, 4839",1,caixa corrigida
endereco,logradouro,"Rua XV de Novembro, 4836","Rua Xv de Novembro, 4836",1,caixa corrigida
endereco,logradouro,"Rua XV de Novembro, 4835","Rua Xv de Novembro, 4835",1,caixa corrigida
endereco,logradouro,"Rua XV de Novembro, 4833","Rua Xv de Novembro, 4833",1,caixa corrigida
endereco,logradouro,"Rua XV de Novembro, 4832","Rua Xv de Novembro, 4832",1,caixa corrigida
endereco,logradouro,"Rua XV de Novembro, 4831","Rua Xv de Novembro, 4831",1,caixa corrigida
endereco,logradouro,"Rua XV de Novembro, 4829","Rua Xv de Novembro, 4829",1,caixa corrigida
endereco,logradouro,"Rua XV de Novembro, 4828","Rua Xv de Novembro, 4828",1,caixa corrigida
endereco,logradouro,"Rua XV de Novembro, 4825","Rua Xv de Novembro, 4825",1,caixa corrigida
endereco,logradouro,"Rua XV de Novembro, 4894","Rua Xv de Novembro, 4894",1,caixa corrigida
endereco,logradouro,"Rua XV de Novembro, 4891","Rua Xv de Novembro, 4891",1,caixa corrigida
endereco,logradouro,"Rua XV de Novembro, 4890","Rua Xv de Novembro, 4890",1,caixa corrigida
endereco,logradouro,"Rua XV de Novembro, 4888","Rua Xv de Novembro, 4888",1,caixa corrigida
endereco,logradouro,"Rua XV de Novembro, 4887","Rua Xv de Novembro, 4887",1,caixa corrigida
endereco,logradouro,"Rua XV de Novembro, 4882","Rua Xv de Novembro, 4882",1,caixa corrigida
endereco,logradouro,"Rua XV de Novembro, 4881","Rua Xv de Novembro, 4881",1,caixa corrigida
endereco,logradouro,"Rua XV de Novembro, 488","Rua Xv de Novembro, 488",1,caixa corrigida
endereco,logradouro,"Rua XV de Novembro, 4879","Rua Xv de Novembro, 4879",1,caixa corrigida
endereco,logradouro,"Rua XV de Novembro, 487","Rua Xv de Novembro, 487",1,caixa corrigida
endereco,logradouro,"Rua XV de Novembro, 4869","Rua Xv de Novembro, 4869",1,caixa corrigida
endereco,logradouro,"Rua XV de Novembro, 4867","Rua Xv de Novembro, 4867",1,caixa corrigida
endereco,logradouro,"Rua XV de Novembro, 4866","Rua Xv de Novembro, 4866",1,caixa corrigida
endereco,logradouro,"Rua XV de Novembro, 4864","Rua Xv de Novembro, 4864",1,caixa corrigida
endereco,logradouro,"Rua XV de Novembro, 4863","Rua Xv de Novembro, 4863",1,caixa corrigida
endereco,logradouro,"Rua XV de Novembro, 4862","Rua Xv de Novembro, 4862",1,caixa corrigida
endereco,logradouro,"Rua XV de Novembro, 4945","Rua Xv de Novembro, 4945",1,caixa corrigida
endereco,logradouro,"Rua XV de Novembro, 4944","Rua Xv de Novembro, 4944",1,caixa corrigida
endereco,logradouro,"Rua XV de Novembro, 4942","Rua Xv de Novembro, 4942",1,caixa corrigida
endereco,logradouro,"Rua XV de Novembro, 494","Rua Xv de Novembro, 494",1,caixa corrigida
endereco,logradouro,"Rua XV de Novembro, 493","Rua Xv de Novembro, 493",1,caixa corrigida
endereco,logradouro,"Rua XV de Novembro, 4927","Rua Xv de Novembro, 4927",1,caixa corrigida
endereco,logradouro,"Rua XV de Novembro, 4923","Rua Xv de Novembro, 4923",1,caixa corrigida
endereco,logradouro,"Rua XV de Novembro, 4915","Rua Xv de Novembro, 4915",1,caixa corrigida
endereco,logradouro,"Rua XV de Novembro, 4911","Rua Xv de Novembro, 4911",1,caixa corrigida
endereco,logradouro,"Rua XV de Novembro, 4909","Rua Xv de Novembro, 4909",1,caixa corrigida
endereco,logradouro,"Rua XV de Novembro, 4905","Rua Xv de Novembro, 4905",1,caixa corrigida
endereco,logradouro,"Rua XV de Novembro, 4903","Rua Xv de Novembro, 4903",1,caixa corrigida
endereco,logradouro,"Rua XV de Novembro, 4899","Rua Xv de Novembro, 4899",1,caixa corrigida
endereco,logradouro,"Rua XV de Novembro, 4898","Rua Xv de Novembro, 4898",1,caixa corrigida
endereco,logradouro,"Rua XV de Novembro, 4897","Rua Xv de Novembro, 4897",1,caixa corrigida
endereco,logradouro,"Rua XV de Novembro, 4895","Rua Xv de Novembro, 4895",1,caixa corrigida
endereco,logradouro,Av. Industrial 1181,Avenida Industrial 1181,1,abreviação expandida
endereco,logradouro,Av. Industrial 1038,Avenida Industrial 1038,1,abreviação expandida
endereco,logradouro,Av. Brasil 74,Avenida Brasil 74,1,abreviação expandida
endereco,logradouro,Av. Brasil 66,Avenida Brasil 66,1,abreviação expandida
endereco,logradouro,Av. Brasil 4978,Avenida Brasil 4978,1,abreviação expandida
endereco,logradouro,Av. Brasil 4320,Avenida Brasil 4320,1,abreviação expandida
endereco,logradouro,Av. Brasil 4275,Avenida Brasil 4275,1,abreviação expandida
endereco,logradouro,Av. Brasil 3976,Avenida Brasil 3976,1,abreviação expandida
endereco,logradouro,Av. Brasil 3523,Avenida Brasil 3523,1,abreviação expandida
endereco,logradouro,Av. Brasil 341,Avenida Brasil 341,1,abreviação expandida
endereco,logradouro,Av. Brasil 3380,Avenida Brasil 3380,1,abreviação expandida
endereco,logradouro,Av. Brasil 3147,Avenida Brasil 3147,1,abreviação expandida
endereco,logradouro,Av. Brasil 300,Avenida Brasil 300,1,abreviação expandida
endereco,logradouro,"Rua XV de Novembro, 4959","Rua Xv de Novembro, 4959",1,caixa corrigida
endereco,logradouro,"Rua XV de Novembro, 4956","Rua Xv de Novembro, 4956",1,caixa corrigida
endereco,logradouro,"Rua XV de Novembro, 495","Rua Xv de Novembro, 495",1,caixa corrigida
endereco,logradouro,"Rua XV de Novembro, 4995","Rua Xv de Novembro, 4995",1,caixa corrigida
endereco,logradouro,"Rua XV de Novembro, 4988","Rua Xv de Novembro, 4988",1,caixa corrigida
endereco,logradouro,"Rua XV de Novembro, 4982","Rua Xv de Novembro, 4982",1,caixa corrigida
endereco,logradouro,"Rua XV de Novembro, 498","Rua Xv de Novembro, 498",1,caixa corrigida
endereco,logradouro,"Rua XV de Novembro, 4979","Rua Xv de Novembro, 4979",1,caixa corrigida
endereco,logradouro,"Rua XV de Novembro, 4978","Rua Xv de Novembro, 4978",1,caixa corrigida
endereco,logradouro,"Rua XV de Novembro, 4977","Rua Xv de Novembro, 4977",1,caixa corrigida
endereco,logradouro,"Rua XV de Novembro, 4975","Rua Xv de Novembro, 4975",1,caixa corrigida
endereco,logradouro,"Rua XV de Novembro, 4970","Rua Xv de Novembro, 4970",1,caixa corrigida
endereco,logradouro,"Rua XV de Novembro, 4969","Rua Xv de Novembro, 4969",1,caixa corrigida
endereco,logradouro,"Rua XV de Novembro, 4965","Rua Xv de Novembro, 4965",1,caixa corrigida
endereco,logradouro,"Rua XV de Novembro, 4964","Rua Xv de Novembro, 4964",1,caixa corrigida
endereco,logradouro,"Rua XV de Novembro, 4962","Rua Xv de Novembro, 4962",1,caixa corrigida
endereco,logradouro,Av. Industrial 3030,Avenida Industrial 3030,1,abreviação expandida
endereco,logradouro,Av. Industrial 210,Avenida Industrial 210,1,abreviação expandida
endereco,logradouro,Av. Industrial 1892,Avenida Industrial 1892,1,abreviação expandida
endereco,logradouro,"Rua XV de Novembro, 544","Rua Xv de Novembro, 544",1,caixa corrigida
endereco,logradouro,"Rua XV de Novembro, 539","Rua Xv de Novembro, 539",1,caixa corrigida
endereco,logradouro,"Rua XV de Novembro, 538","Rua Xv de Novembro, 538",1,caixa corrigida
endereco,logradouro,"Rua XV de Novembro, 533","Rua Xv de Novembro, 533",1,caixa corrigida
endereco,logradouro,"Rua XV de Novembro, 531","Rua Xv de Novembro, 531",1,caixa corrigida
endereco,logradouro,"Rua XV de Novembro, 529","Rua Xv de Novembro, 529",1,caixa corrigida
endereco,logradouro,"Rua XV de Novembro, 526","Rua Xv de Novembro, 526",1,caixa corrigida
endereco,logradouro,"Rua XV de Novembro, 525","Rua Xv de Novembro, 525",1,caixa corrigida
endereco,logradouro,"Rua XV de Novembro, 515","Rua Xv de Novembro, 515",1,caixa corrigida
endereco,logradouro,"Rua XV de Novembro, 51","Rua Xv de Novembro, 51",1,caixa corrigida
endereco,logradouro,"Rua XV de Novembro, 509","Rua Xv de Novembro, 509",1,caixa corrigida
endereco,logradouro,"Rua XV de Novembro, 508","Rua Xv de Novembro, 508",1,caixa corrigida
endereco,logradouro,"Rua XV de Novembro, 505","Rua Xv de Novembro, 505",1,caixa corrigida
endereco,logradouro,"Rua XV de Novembro, 504","Rua Xv de Novembro, 504",1,caixa corrigida
endereco,logradouro,"Rua XV de Novembro, 503","Rua Xv de Novembro, 503",1,caixa corrigida
endereco,logradouro,"Rua XV de Novembro, 4996","Rua Xv de Novembro, 4996",1,caixa corrigida
endereco,logradouro,"Rua XV de Novembro, 601","Rua Xv de Novembro, 601",1,caixa corrigida
endereco,logradouro,"Rua XV de Novembro, 60","Rua Xv de Novembro, 60",1,caixa corrigida
endereco,logradouro,"Rua XV de Novembro, 598","Rua Xv de Novembro, 598",1,caixa corrigida
endereco,logradouro,"Rua XV de Novembro, 596","Rua Xv de Novembro, 596",1,caixa corrigida
endereco,logradouro,"Rua XV de Novembro, 594","Rua Xv de Novembro, 594",1,caixa corrigida
endereco,logradouro,"Rua XV de Novembro, 593","Rua Xv de Novembro, 593",1,caixa corrigida
endereco,logradouro,"Rua XV de Novembro, 59","Rua Xv de Novembro, 59",1,caixa corrigida
endereco,logradouro,"Rua XV de Novembro, 589","Rua Xv de Novembro, 589",1,caixa corrigida
endereco,logradouro,"Rua XV de Novembro, 581","Rua Xv de Novembro, 581",1,caixa corrigida
endereco,logradouro,"Rua XV de Novembro, 575","Rua Xv de Novembro, 575",1,caixa corrigida
endereco,logradouro,"Rua XV de Novembro, 564","Rua Xv de Novembro, 564",1,caixa corrigida
endereco,logradouro,"Rua XV de Novembro, 563","Rua Xv de Novembro, 563",1,caixa corrigida
endereco,logradouro,"Rua XV de Novembro, 558","Rua Xv de Novembro, 558",1,caixa corrigida
endereco,logradouro,"Rua XV de Novembro, 557","Rua Xv de Novembro, 557",1,caixa corrigida
endereco,logradouro,"Rua XV de Novembro, 556","Rua Xv de Novembro, 556",1,caixa corrigida
endereco,logradouro,"Rua XV de Novembro, 550","Rua Xv de Novembro, 550",1,caixa corrigida
endereco,logradouro,Av. Brasil 239,Avenida Brasil 239,1,abreviação expandida
endereco,logradouro,Av. Brasil 140,Avenida Brasil 140,1,abreviação expandida
endereco,logradouro,Av. Brasil 1201,Avenida Brasil 1201,1,abreviação expandida
endereco,logradouro,AV. PAULISTA 3666,Avenida Paulista 3666,1,caixa alta corrigida
endereco,logradouro,AV. PAULISTA 2791,Avenida Paulista 2791,1,caixa alta corrigida
endereco,logradouro,AV. PAULISTA 2626,Avenida Paulista 2626,1,caixa alta corrigida
endereco,logradouro,AV. PAULISTA 2488,Avenida Paulista 2488,1,caixa alta corrigida
endereco,logradouro,AV. PAULISTA 1738,Avenida Paulista 1738,1,caixa alta corrigida
endereco,logradouro,AV. INDUSTRIAL 4948,Avenida Industrial 4948,1,caixa alta corrigida
endereco,logradouro,AV. INDUSTRIAL 4608,Avenida Industrial 4608,1,caixa alta corrigida
endereco,logradouro,AV. INDUSTRIAL 4530,Avenida Industrial 4530,1,caixa alta corrigida
endereco,logradouro,AV. INDUSTRIAL 4057,Avenida Industrial 4057,1,caixa alta corrigida
endereco,logradouro,"Rua XV de Novembro, 613","Rua Xv de Novembro, 613",1,caixa corrigida
endereco,logradouro,"Rua XV de Novembro, 611","Rua Xv de Novembro, 611",1,caixa corrigida
endereco,logradouro,"Rua XV de Novembro, 608","Rua Xv de Novembro, 608",1,caixa corrigida
endereco,logradouro,"Rua XV de Novembro, 607","Rua Xv de Novembro, 607",1,caixa corrigida
endereco,logradouro,"Rua XV de Novembro, 640","Rua Xv de Novembro, 640",1,caixa corrigida
endereco,logradouro,"Rua XV de Novembro, 639","Rua Xv de Novembro, 639",1,caixa corrigida
endereco,logradouro,"Rua XV de Novembro, 637","Rua Xv de Novembro, 637",1,caixa corrigida
endereco,logradouro,"Rua XV de Novembro, 633","Rua Xv de Novembro, 633",1,caixa corrigida
endereco,logradouro,"Rua XV de Novembro, 630","Rua Xv de Novembro, 630",1,caixa corrigida
endereco,logradouro,"Rua XV de Novembro, 629","Rua Xv de Novembro, 629",1,caixa corrigida
endereco,logradouro,"Rua XV de Novembro, 626","Rua Xv de Novembro, 626",1,caixa corrigida
endereco,logradouro,"Rua XV de Novembro, 625","Rua Xv de Novembro, 625",1,caixa corrigida
endereco,logradouro,"Rua XV de Novembro, 622","Rua Xv de Novembro, 622",1,caixa corrigida
endereco,logradouro,"Rua XV de Novembro, 621","Rua Xv de Novembro, 621",1,caixa corrigida
endereco,logradouro,"Rua XV de Novembro, 620","Rua Xv de Novembro, 620",1,caixa corrigida
endereco,logradouro,"Rua XV de Novembro, 617","Rua Xv de Novembro, 617",1,caixa corrigida
endereco,logradouro,Av. Brasil 2656,Avenida Brasil 2656,1,abreviação expandida
endereco,logradouro,Av. Brasil 2608,Avenida Brasil 2608,1,abreviação expandida
endereco,logradouro,Av. Brasil 253,Avenida Brasil 253,1,abreviação expandida
endereco,logradouro,Av. Brasil 2425,Avenida Brasil 2425,1,abreviação expandida
endereco,logradouro,"Rua XV de Novembro, 680","Rua Xv de Novembro, 680",1,caixa corrigida
endereco,logradouro,"Rua XV de Novembro, 68","Rua Xv de Novembro, 68",1,caixa corrigida
endereco,logradouro,"Rua XV de Novembro, 678","Rua Xv de Novembro, 678",1,caixa corrigida
endereco,logradouro,"Rua XV de Novembro, 675","Rua Xv de Novembro, 675",1,caixa corrigida
endereco,logradouro,"Rua XV de Novembro, 672","Rua Xv de Novembro, 672",1,caixa corrigida
endereco,logradouro,"Rua XV de Novembro, 670","Rua Xv de Novembro, 670",1,caixa corrigida
endereco,logradouro,"Rua XV de Novembro, 67","Rua Xv de Novembro, 67",1,caixa corrigida
endereco,logradouro,"Rua XV de Novembro, 669","Rua Xv de Novembro, 669",1,caixa corrigida
endereco,logradouro,"Rua XV de Novembro, 667","Rua Xv de Novembro, 667",1,caixa corrigida
endereco,logradouro,"Rua XV de Novembro, 663","Rua Xv de Novembro, 663",1,caixa corrigida
endereco,logradouro,"Rua XV de Novembro, 659","Rua Xv de Novembro, 659",1,caixa corrigida
endereco,logradouro,"Rua XV de Novembro, 655","Rua Xv de Novembro, 655",1,caixa corrigida
endereco,logradouro,"Rua XV de Novembro, 65","Rua Xv de Novembro, 65",1,caixa corrigida
endereco,logradouro,"Rua XV de Novembro, 648","Rua Xv de Novembro, 648",1,caixa corrigida
endereco,logradouro,"Rua XV de Novembro, 645","Rua Xv de Novembro, 645",1,caixa corrigida
endereco,logradouro,"Rua XV de Novembro, 642","Rua Xv de Novembro, 642",1,caixa corrigida
endereco,logradouro,"Rua XV de Novembro, 736","Rua Xv de Novembro, 736",1,caixa corrigida
endereco,logradouro,"Rua XV de Novembro, 732","Rua Xv de Novembro, 732",1,caixa corrigida
endereco,logradouro,"Rua XV de Novembro, 728","Rua Xv de Novembro, 728",1,caixa corrigida
endereco,logradouro,"Rua XV de Novembro, 723","Rua Xv de Novembro, 723",1,caixa corrigida
endereco,logradouro,"Rua XV de Novembro, 720","Rua Xv de Novembro, 720",1,caixa corrigida
endereco,logradouro,"Rua XV de Novembro, 719","Rua Xv de Novembro, 719",1,caixa corrigida
endereco,logradouro,"Rua XV de Novembro, 718","Rua Xv de Novembro, 718",1,caixa corrigida
endereco,logradouro,"Rua XV de Novembro, 716","Rua Xv de Novembro, 716",1,caixa corrigida
endereco,logradouro,"Rua XV de Novembro, 715","Rua Xv de Novembro, 715",1,caixa corrigida
endereco,logradouro,"Rua XV de Novembro, 71","Rua Xv de Novembro, 71",1,caixa corrigida
endereco,logradouro,"Rua XV de Novembro, 706","Rua Xv de Novembro, 706",1,caixa corrigida
endereco,logradouro,"Rua XV de Novembro, 702","Rua Xv de Novembro, 702",1,caixa corrigida
endereco,logradouro,"Rua XV de Novembro, 701","Rua Xv de Novembro, 701",1,caixa corrigida
endereco,logradouro,"Rua XV de Novembro, 693","Rua Xv de Novembro, 693",1,caixa corrigida
endereco,logradouro,"Rua XV de Novembro, 69","Rua Xv de Novembro, 69",1,caixa corrigida
endereco,logradouro,"Rua XV de Novembro, 682","Rua Xv de Novembro, 682",1,caixa corrigida
endereco,logradouro,"Rua XV de Novembro, 784","Rua Xv de Novembro, 784",1,caixa corrigida
endereco,logradouro,"Rua XV de Novembro, 783","Rua Xv de Novembro, 783",1,caixa corrigida
endereco,logradouro,"Rua XV de Novembro, 782","Rua Xv de Novembro, 782",1,caixa corrigida
endereco,logradouro,"Rua XV de Novembro, 779","Rua Xv de Novembro, 779",1,caixa corrigida
endereco,logradouro,"Rua XV de Novembro, 776","Rua Xv de Novembro, 776",1,caixa corrigida
endereco,logradouro,"Rua XV de Novembro, 774","Rua Xv de Novembro, 774",1,caixa corrigida
endereco,logradouro,"Rua XV de Novembro, 772","Rua Xv de Novembro, 772",1,caixa corrigida
endereco,logradouro,"Rua XV de Novembro, 771","Rua Xv de Novembro, 771",1,caixa corrigida
endereco,logradouro,"Rua XV de Novembro, 769","Rua Xv de Novembro, 769",1,caixa corrigida
endereco,logradouro,"Rua XV de Novembro, 757","Rua Xv de Novembro, 757",1,caixa corrigida
endereco,logradouro,"Rua XV de Novembro, 755","Rua Xv de Novembro, 755",1,caixa corrigida
endereco,logradouro,"Rua XV de Novembro, 754","Rua Xv de Novembro, 754",1,caixa corrigida
endereco,logradouro,"Rua XV de Novembro, 75","Rua Xv de Novembro, 75",1,caixa corrigida
endereco,logradouro,"Rua XV de Novembro, 749","Rua Xv de Novembro, 749",1,caixa corrigida
endereco,logradouro,"Rua XV de Novembro, 744","Rua Xv de Novembro, 744",1,caixa corrigida
endereco,logradouro,"Rua XV de Novembro, 743","Rua Xv de Novembro, 743",1,caixa corrigida
endereco,logradouro,AV. INDUSTRIAL 2913,Avenida Industrial 2913,1,caixa alta corrigida
endereco,logradouro,AV. INDUSTRIAL 2819,Avenida Industrial 2819,1,caixa alta corrigida
endereco,logradouro,AV. INDUSTRIAL 2598,Avenida Industrial 2598,1,caixa alta corrigida
endereco,logradouro,AV. INDUSTRIAL 1902,Avenida Industrial 1902,1,caixa alta corrigida
endereco,logradouro,AV. INDUSTRIAL 1621,Avenida Industrial 1621,1,caixa alta corrigida
endereco,logradouro,AV. INDUSTRIAL 1337,Avenida Industrial 1337,1,caixa alta corrigida
endereco,logradouro,AV. INDUSTRIAL 1124,Avenida Industrial 1124,1,caixa alta corrigida
endereco,logradouro,AV. DAS NAÇÕES 626,Avenida das Nações 626,1,caixa alta corrigida
endereco,logradouro,AV. DAS NAÇÕES 4439,Avenida das Nações 4439,1,caixa alta corrigida
endereco,logradouro,AV. DAS NAÇÕES 4409,Avenida das Nações 4409,1,caixa alta corrigida
endereco,logradouro,AV. DAS NAÇÕES 3940,Avenida das Nações 3940,1,caixa alta corrigida
endereco,logradouro,AV. DAS NAÇÕES 3689,Avenida das Nações 3689,1,caixa alta corrigida
endereco,logradouro,AV. DAS NAÇÕES 3515,Avenida das Nações 3515,1,caixa alta corrigida
endereco,logradouro,AV. DAS NAÇÕES 3370,Avenida das Nações 3370,1,caixa alta corrigida
endereco,logradouro,"Rua XV de Novembro, 79","Rua Xv de Novembro, 79",1,caixa corrigida
endereco,logradouro,"Rua XV de Novembro, 785","Rua Xv de Novembro, 785",1,caixa corrigida
endereco,logradouro,"Rua XV de Novembro, 826","Rua Xv de Novembro, 826",1,caixa corrigida
endereco,logradouro,"Rua XV de Novembro, 825","Rua Xv de Novembro, 825",1,caixa corrigida
endereco,logradouro,"Rua XV de Novembro, 824","Rua Xv de Novembro, 824",1,caixa corrigida
endereco,logradouro,"Rua XV de Novembro, 817","Rua Xv de Novembro, 817",1,caixa corrigida
endereco,logradouro,"Rua XV de Novembro, 812","Rua Xv de Novembro, 812",1,caixa corrigida
endereco,logradouro,"Rua XV de Novembro, 809","Rua Xv de Novembro, 809",1,caixa corrigida
endereco,logradouro,"Rua XV de Novembro, 808","Rua Xv de Novembro, 808",1,caixa corrigida
endereco,logradouro,"Rua XV de Novembro, 807","Rua Xv de Novembro, 807",1,caixa corrigida
endereco,logradouro,"Rua XV de Novembro, 806","Rua Xv de Novembro, 806",1,caixa corrigida
endereco,logradouro,"Rua XV de Novembro, 801","Rua Xv de Novembro, 801",1,caixa corrigida
endereco,logradouro,"Rua XV de Novembro, 799","Rua Xv de Novembro, 799",1,caixa corrigida
endereco,logradouro,"Rua XV de Novembro, 797","Rua Xv de Novembro, 797",1,caixa corrigida
endereco,logradouro,"Rua XV de Novembro, 795","Rua Xv de Novembro, 795",1,caixa corrigida
endereco,logradouro,"Rua XV de Novembro, 793","Rua Xv de Novembro, 793",1,caixa corrigida
endereco,logradouro,AV. INDUSTRIAL 3678,Avenida Industrial 3678,1,caixa alta corrigida
endereco,logradouro,AV. INDUSTRIAL 3103,Avenida Industrial 3103,1,caixa alta corrigida
endereco,logradouro,"Rua XV de Novembro, 871","Rua Xv de Novembro, 871",1,caixa corrigida
endereco,logradouro,"Rua XV de Novembro, 870","Rua Xv de Novembro, 870",1,caixa corrigida
endereco,logradouro,"Rua XV de Novembro, 860","Rua Xv de Novembro, 860",1,caixa corrigida
endereco,logradouro,"Rua XV de Novembro, 856","Rua Xv de Novembro, 856",1,caixa corrigida
endereco,logradouro,"Rua XV de Novembro, 852","Rua Xv de Novembro, 852",1,caixa corrigida
endereco,logradouro,"Rua XV de Novembro, 850","Rua Xv de Novembro, 850",1,caixa corrigida
endereco,logradouro,"Rua XV de Novembro, 85","Rua Xv de Novembro, 85",1,caixa corrigida
endereco,logradouro,"Rua XV de Novembro, 844","Rua Xv de Novembro, 844",1,caixa corrigida
endereco,logradouro,"Rua XV de Novembro, 84","Rua Xv de Novembro, 84",1,caixa corrigida
endereco,logradouro,"Rua XV de Novembro, 839","Rua Xv de Novembro, 839",1,caixa corrigida
endereco,logradouro,"Rua XV de Novembro, 834","Rua Xv de Novembro, 834",1,caixa corrigida
endereco,logradouro,"Rua XV de Novembro, 833","Rua Xv de Novembro, 833",1,caixa corrigida
endereco,logradouro,"Rua XV de Novembro, 831","Rua Xv de Novembro, 831",1,caixa corrigida
endereco,logradouro,"Rua XV de Novembro, 83","Rua Xv de Novembro, 83",1,caixa corrigida
endereco,logradouro,"Rua XV de Novembro, 829","Rua Xv de Novembro, 829",1,caixa corrigida
endereco,logradouro,"Rua XV de Novembro, 827","Rua Xv de Novembro, 827",1,caixa corrigida
endereco,logradouro,AV. DAS NAÇÕES 1570,Avenida das Nações 1570,1,caixa alta corrigida
endereco,logradouro,AV. DAS NAÇÕES 1521,Avenida das Nações 1521,1,caixa alta corrigida
endereco,logradouro,AV. DAS NAÇÕES 1199,Avenida das Nações 1199,1,caixa alta corrigida
endereco,logradouro,AV. BRASIL 894,Avenida Brasil 894,1,caixa alta corrigida
endereco,logradouro,AV. BRASIL 61,Avenida Brasil 61,1,caixa alta corrigida
endereco,logradouro,AV. BRASIL 4193,Avenida Brasil 4193,1,caixa alta corrigida
endereco,logradouro,AV. BRASIL 4147,Avenida Brasil 4147,1,caixa alta corrigida
endereco,logradouro,AV. BRASIL 3724,Avenida Brasil 3724,1,caixa alta corrigida
endereco,logradouro,AV. BRASIL 3631,Avenida Brasil 3631,1,caixa alta corrigida
endereco,logradouro,AV. BRASIL 3453,Avenida Brasil 3453,1,caixa alta corrigida
endereco,logradouro,AV. BRASIL 2823,Avenida Brasil 2823,1,caixa alta corrigida
endereco,logradouro,"Rua XV de Novembro, 881","Rua Xv de Novembro, 881",1,caixa corrigida
endereco,logradouro,"Rua XV de Novembro, 878","Rua Xv de Novembro, 878",1,caixa corrigida
endereco,logradouro,"Rua XV de Novembro, 877","Rua Xv de Novembro, 877",1,caixa corrigida
endereco,logradouro,"Rua XV de Novembro, 873","Rua Xv de Novembro, 873",1,caixa corrigida
endereco,logradouro,"Rua XV de Novembro, 872","Rua Xv de Novembro, 872",1,caixa corrigida
endereco,logradouro,"Rua XV de Novembro, 928","Rua Xv de Novembro, 928",1,caixa corrigida
endereco,logradouro,"Rua XV de Novembro, 923","Rua Xv de Novembro, 923",1,caixa corrigida
endereco,logradouro,"Rua XV de Novembro, 922","Rua Xv de Novembro, 922",1,caixa corrigida
endereco,logradouro,"Rua XV de Novembro, 921","Rua Xv de Novembro, 921",1,caixa corrigida
endereco,logradouro,"Rua XV de Novembro, 915","Rua Xv de Novembro, 915",1,caixa corrigida
endereco,logradouro,"Rua XV de Novembro, 909","Rua Xv de Novembro, 909",1,caixa corrigida
endereco,logradouro,"Rua XV de Novembro, 907","Rua Xv de Novembro, 907",1,caixa corrigida
endereco,logradouro,"Rua XV de Novembro, 894","Rua Xv de Novembro, 894",1,caixa corrigida
endereco,logradouro,"Rua XV de Novembro, 893","Rua Xv de Novembro, 893",1,caixa corrigida
endereco,logradouro,"Rua XV de Novembro, 89","Rua Xv de Novembro, 89",1,caixa corrigida
endereco,logradouro,"Rua XV de Novembro, 887","Rua Xv de Novembro, 887",1,caixa corrigida
endereco,logradouro,AV. DAS NAÇÕES 2955,Avenida das Nações 2955,1,caixa alta corrigida
endereco,logradouro,AV. DAS NAÇÕES 2690,Avenida das Nações 2690,1,caixa alta corrigida
endereco,logradouro,AV. DAS NAÇÕES 2575,Avenida das Nações 2575,1,caixa alta corrigida
endereco,logradouro,AV. DAS NAÇÕES 2161,Avenida das Nações 2161,1,caixa alta corrigida
endereco,logradouro,AV. DAS NAÇÕES 1978,Avenida das Nações 1978,1,caixa alta corrigida
endereco,logradouro,"Rua XV de Novembro, 970","Rua Xv de Novembro, 970",1,caixa corrigida
endereco,logradouro,"Rua XV de Novembro, 964","Rua Xv de Novembro, 964",1,caixa corrigida
endereco,logradouro,"Rua XV de Novembro, 962","Rua Xv de Novembro, 962",1,caixa corrigida
endereco,logradouro,"Rua XV de Novembro, 96","Rua Xv de Novembro, 96",1,caixa corrigida
endereco,logradouro,"Rua XV de Novembro, 958","Rua Xv de Novembro, 958",1,caixa corrigida
endereco,logradouro,"Rua XV de Novembro, 956","Rua Xv de Novembro, 956",1,caixa corrigida
endereco,logradouro,"Rua XV de Novembro, 953","Rua Xv de Novembro, 953",1,caixa corrigida
endereco,logradouro,"Rua XV de Novembro, 952","Rua Xv de Novembro, 952",1,caixa corrigida
endereco,logradouro,"Rua XV de Novembro, 951","Rua Xv de Novembro, 951",1,caixa corrigida
endereco,logradouro,"Rua XV de Novembro, 94","Rua Xv de Novembro, 94",1,caixa corrigida
endereco,logradouro,"Rua XV de Novembro, 939","Rua Xv de Novembro, 939",1,caixa corrigida
endereco,logradouro,"Rua XV de Novembro, 935","Rua Xv de Novembro, 935",1,caixa corrigida
endereco,logradouro,"Rua XV de Novembro, 933","Rua Xv de Novembro, 933",1,caixa corrigida
endereco,logradouro,"Rua XV de Novembro, 932","Rua Xv de Novembro, 932",1,caixa corrigida
endereco,logradouro,"Rua XV de Novembro, 931","Rua Xv de Novembro, 931",1,caixa corrigida
endereco,logradouro,"Rua XV de Novembro, 930","Rua Xv de Novembro, 930",1,caixa corrigida
endereco,logradouro,"Rua XV de Novembro, 997","Rua Xv de Novembro, 997",1,caixa corrigida
endereco,logradouro,"Rua XV de Novembro, 996","Rua Xv de Novembro, 996",1,caixa corrigida
endereco,logradouro,"Rua XV de Novembro, 995","Rua Xv de Novembro, 995",1,caixa corrigida
endereco,logradouro,"Rua XV de Novembro, 991","Rua Xv de Novembro, 991",1,caixa corrigida
endereco,logradouro,"Rua XV de Novembro, 99","Rua Xv de Novembro, 99",1,caixa corrigida
endereco,logradouro,"Rua XV de Novembro, 988","Rua Xv de Novembro, 988",1,caixa corrigida
endereco,logradouro,"Rua XV de Novembro, 987","Rua Xv de Novembro, 987",1,caixa corrigida
endereco,logradouro,"Rua XV de Novembro, 986","Rua Xv de Novembro, 986",1,caixa corrigida
endereco,logradouro,"Rua XV de Novembro, 984","Rua Xv de Novembro, 984",1,caixa corrigida
endereco,logradouro,"Rua XV de Novembro, 982","Rua Xv de Novembro, 982",1,caixa corrigida
endereco,logradouro,"Rua XV de Novembro, 981","Rua Xv de Novembro, 981",1,caixa corrigida
endereco,logradouro,"Rua XV de Novembro, 98","Rua Xv de Novembro, 98",1,caixa corrigida
endereco,logradouro,"Rua XV de Novembro, 979","Rua Xv de Novembro, 979",1,caixa corrigida
endereco,logradouro,"Rua XV de Novembro, 977","Rua Xv de Novembro, 977",1,caixa corrigida
endereco,logradouro,"Rua XV de Novembro, 974","Rua Xv de Novembro, 974",1,caixa corrigida
endereco,logradouro,"Rua XV de Novembro, 973","Rua Xv de Novembro, 973",1,caixa corrigida
endereco,logradouro,AV. BRASIL 256,Avenida Brasil 256,1,caixa alta corrigida
endereco,logradouro,AV. BRASIL 243,Avenida Brasil 243,1,caixa alta corrigida
endereco,logradouro,AV. BRASIL 2092,Avenida Brasil 2092,1,caixa alta corrigida
endereco,logradouro,AV. BRASIL 189,Avenida Brasil 189,1,caixa alta corrigida
endereco,logradouro,AV. BRASIL 1542,Avenida Brasil 1542,1,caixa alta corrigida
endereco,logradouro,AV. BRASIL 1063,Avenida Brasil 1063,1,caixa alta corrigida
endereco,nome_local,Sede VittaDerma Science,Sede Vittaderma Science,1,caixa corrigida
endereco,nome_local,Sede VittaDerma Labs,Sede Vittaderma Labs,1,caixa corrigida
endereco,nome_local,Sede VitaUp Life,Sede Vitaup Life,1,caixa corrigida
endereco,nome_local,Sede TransBrasil,Sede Transbrasil,1,caixa corrigida
endereco,nome_local,Sede TerraDourada Gourmet,Sede Terradourada Gourmet,1,caixa corrigida
endereco,nome_local,Sede TerraDourada Foods,Sede Terradourada Foods,1,caixa corrigida
endereco,nome_local,Sede TerraDourada Alimentos,Sede Terradourada Alimentos,1,caixa corrigida
endereco,nome_local,Sede PrimeNutri Labs,Sede Primenutri Labs,1,caixa corrigida
endereco,nome_local,Sede PrimeNutri Health,Sede Primenutri Health,1,caixa corrigida
endereco,logradouro,"Rua XV de Novembro, 999","Rua Xv de Novembro, 999",1,caixa corrigida
endereco,logradouro,"R. Brasil, 4298","Rua Brasil, 4298",1,abreviação expandida
endereco,nome_local,Sede ClariSkin Brasil,Sede Clariskin Brasil,1,caixa corrigida
endereco,nome_local,Sede CasaNobre Chocolates,Sede Casanobre Chocolates,1,caixa corrigida
endereco,nome_local,Sede BioVet Vitta,Sede Biovet Vitta,1,caixa corrigida
endereco,nome_local,Sede BioVet Care,Sede Biovet Care,1,caixa corrigida
endereco,nome_local,Sede BioOral Tech,Sede Biooral Tech,1,caixa corrigida
endereco,nome_local,Sede BioOral Solutions,Sede Biooral Solutions,1,caixa corrigida
endereco,nome_local,Sede BioOral Pro,Sede Biooral Pro,1,caixa corrigida
endereco,nome_local,Sede BioForce Group Labs,Sede Bioforce Group Labs,1,caixa corrigida
endereco,nome_local,Sede BelaMesa Indústria,Sede Belamesa Indústria,1,caixa corrigida
endereco,nome_local,Sede BelaMesa Gourmet,Sede Belamesa Gourmet,1,caixa corrigida
endereco,nome_local,Sede BelaMesa Foods,Sede Belamesa Foods,1,caixa corrigida
endereco,nome_local,Sede BelaMesa Alimentos,Sede Belamesa Alimentos,1,caixa corrigida
endereco,nome_local,Sede AgroVet Nutrition,Sede Agrovet Nutrition,1,caixa corrigida
endereco,nome_local,Sede AgroVet Health,Sede Agrovet Health,1,caixa corrigida
endereco,nome_local,Sede PrimeNutri Brasil,Sede Primenutri Brasil,1,caixa corrigida
endereco,logradouro,"R. Brasil, 4341","Rua Brasil, 4341",1,abreviação expandida
endereco,logradouro,"R. Brasil, 4340","Rua Brasil, 4340",1,abreviação expandida
endereco,logradouro,"R. Brasil, 4338","Rua Brasil, 4338",1,abreviação expandida
endereco,logradouro,"R. Brasil, 4336","Rua Brasil, 4336",1,abreviação expandida
endereco,logradouro,"R. Brasil, 4334","Rua Brasil, 4334",1,abreviação expandida
endereco,logradouro,"R. Brasil, 4333","Rua Brasil, 4333",1,abreviação expandida
endereco,logradouro,"R. Brasil, 4332","Rua Brasil, 4332",1,abreviação expandida
endereco,logradouro,"R. Brasil, 4322","Rua Brasil, 4322",1,abreviação expandida
endereco,logradouro,"R. Brasil, 4321","Rua Brasil, 4321",1,abreviação expandida
endereco,logradouro,"R. Brasil, 432","Rua Brasil, 432",1,abreviação expandida
endereco,logradouro,"R. Brasil, 4317","Rua Brasil, 4317",1,abreviação expandida
endereco,logradouro,"R. Brasil, 4313","Rua Brasil, 4313",1,abreviação expandida
endereco,logradouro,"R. Brasil, 4311","Rua Brasil, 4311",1,abreviação expandida
endereco,logradouro,"R. Brasil, 4309","Rua Brasil, 4309",1,abreviação expandida
endereco,logradouro,"R. Brasil, 430","Rua Brasil, 430",1,abreviação expandida
endereco,logradouro,"R. Brasil, 4299","Rua Brasil, 4299",1,abreviação expandida
